{
"Tokelau Description": "Tokelau",
"Palestine Region Short": "State of\"",
"United Kingdom Short": "UK",
"Czech Republic Short": "Czechia",
"UK_Scotland_North Short": "scotland",
"UK_Scotland_South Short": "scotland",
"Congo-Kinshasa Short": "Congo",
"Spain_Galicia_North Short": "Galician",
"Spain_Galicia_South Short": "Galician",
"Abkhazia": "Abkhazian",
"Afghanistan": "Afghanistan",
"Albania": "Albania",
"Algeria": "Algeria",
"Andorra": "Andorra",
"Angola": "Angola",
"Anguilla": "Anguilla",
"Antarctica": "Antarctica",
"Antigua and Barbuda": "Antigua and Barbuda",
"Argentina": "Argentina",
"Armenia": "Armenia",
"Australia": "Australia",
"Austria": "Austria",
"Azerbaijan": "Azerbaijan",
"Azerbaijan Region": "Azerbaijan",
"Bahrain": "Bahrain",
"Bangladesh": "Bangladesh",
"Barbados": "Barbados",
"Belarus": "Belarus",
"Belgium": "Belgium",
"Belize": "Belize",
"Benin": "Benin",
"Bermuda": "Bermuda",
"Bhutan": "Bhutan",
"Bolivia": "Bolivia",
"Bosnia and Herzegovina": "Bosnia and Herzegovina",
"Botswana": "Botswana",
"Brazil": "Brazil",
"British Indian Ocean Territory": "British Indian Ocean Territory",
"Brunei": "brunei",
"Bulgaria": "Bulgaria",
"Burkina Faso": "Burkina Faso",
"Burundi": "Burundi",
"California": "California",
"Cambodia": "Cambodia",
"Cameroon": "Cameroon",
"Canada": "Canada",
"Canada_Ontario_Bame": "Barrier",
"Cape Verde": "Cape Verde",
"Cayman Islands": "Cayman Islands",
"Central African Republic": "Central African Republic",
"Chad": "Chad",
"Chile": "Chile",
"Colombia": "Colombia",
"Comoros": "Comoros",
"Congo-Kinshasa": "Democratic Republic of the Congo",
"Cook Islands": "Cook Islands",
"Costa Rica": "Costa Rica",
"Croatia": "Croatia",
"Cuba": "Cuba",
"Cyprus": "Cyprus",
"Czech Republic": "Czech Republic",
"Egypt": "Egypt",
"Denmark": "Denmark",
"Djibouti": "Djibouti",
"Dominica": "Dominica",
"Dominican Republic": "Dominican Republic",
"Ecuador": "Ecuador",
"El Salvador": "El Salvador",
"Equatorial Guinea": "Equatorial Guinea",
"Eritrea": "Eritrea",
"Estonia": "Estonia",
"Ethiopia": "Ethiopia",
"Falkland Islands": "falkland_islands",
"Faroe Islands": "Faroe Islands",
"Fiji": "Fiji",
"Finland": "Finland",
"France": "France",
"France_Corsica": "Corsican",
"France_French Guiana": "French Guiana",
"France_Midi-Pyrenees_Lot": "Lot",
"France_New Caledonia": "New Caledonia",
"France_Picardy": "Picard",
"French Polynesia": "French Polynesia",
"Gabon": "Gabon",
"Georgia Region": "Georgia",
"Georgia": "Georgia",
"Germany": "Germany",
"Germany_Free State of Bavaria": "Bavarian",
"Germany_Free State of Bavaria_Swabia": "Swabian",
"Ghana": "Ghana",
"Gibraltar": "Gibraltar",
"Greece": "Greece",
"Greenland": "Greenland",
"Grenada": "Grenada",
"Guadeloupe": "Guadeloupe",
"Guatemala": "Guatemala",
"Guernsey": "Guernsey",
"Guinea": "Guinea",
"Guinea-Bissau": "Guinea-Bissau",
"Guyana": "Guyana",
"Haiti": "Haiti",
"Honduras": "Honduras",
"Hungary": "Hungary",
"Iceland": "Iceland",
"India": "India",
"India_Chhattisgarh": "Chhattisgarhi",
"India_Gujarat": "Gujarati",
"India_Manipur": "Manipuri",
"India_Punjab": "Punjabi",
"India_Rajasthan": "Rajasthani",
"Indiana": "Indian",
"Indonesia": "Indonesia",
"Iran": "Islamic Republic of\"",
"Iraq": "Iraq",
"Ireland": "Ireland",
"Isle of Man": "Isle of Man",
"Israel": "Israel",
"Israel Region": "Israel",
"Italy": "Italy",
"Italy_Liguria": "Ligurian",
"Italy_Lombardy": "Lombard",
"Italy_Sardinia": "Sardinian",
"Jamaica": "Jamaica",
"Japan": "Japan",
"Jersey": "Jersey",
"Jordan": "Jordan",
"Kazakhstan": "Kazakhstan",
"Kenya": "Kenya",
"Kingdom of Lesotho": "Lesotho",
"Kiribati": "Kiribati",
"Kuwait": "Kuwait",
"Kyrgyzstan": "Kyrgyzstan",
"Latvia": "Latvia",
"Lebanon": "Lebanon",
"Liberia": "Liberia",
"Libya": "Libya",
"Liechtenstein": "Liechtenstein",
"Lithuania": "Lithuania",
"Luxembourg": "Luxembourg",
"Macedonia": "Republic of\"",
"Madagascar": "Madagascar",
"Malawi": "Malawi",
"Malaysia": "Malaysia",
"Maldives": "Maldives",
"Mali": "Mali",
"Malta": "Malta",
"Marshall Islands": "Marshall Islands",
"Martinique": "Martinique",
"Mauritania": "Mauritania",
"Mauritius": "Mauritius",
"Mexico": "Mexico",
"Mexico_California": "California",
"Moldova": "Republic of\"",
"Monaco": "Monaco",
"Mongolia": "Mongolia",
"Montenegro": "Montenegro",
"Montserrat": "Montserrat",
"Morocco": "Morocco",
"Morocco_Western Sahara": "Western Sahara",
"Mozambique": "Mozambique",
"Myanmar": "Myanmar",
"Namibia": "Namibia",
"Nauru": "Nauru",
"Nepal": "Nepal",
"Netherlands": "Netherlands",
"New Zealand": "New Zealand",
"Nicaragua": "Nicaragua",
"Niger": "Niger",
"Nigeria": "Nigeria",
"Niue": "Niue",
"Norway": "Norway",
"Norway_Bouvet Island": "Bouvet Island",
"Oman": "Oman",
"Pakistan": "Pakistan",
"Palau": "Palau",
"Palestine": "palestinian_territories",
"Palestine Region": "palestinian_territories",
"Panama": "Panama",
"Papua New Guinea": "Papua New Guinea",
"Paraguay": "Paraguay",
"People's Republic of China": "China",
"Peru": "Peru",
"Philippines": "Philippines",
"Pitcairn Islands": "Pitcairn",
"Poland": "Poland",
"Portugal": "Portugal",
"Qatar": "Qatar",
"Republic of Kosovo": "Kosovo",
"Romania": "Romania",
"Russian Federation": "Russisch",
"Rwanda": "Rwanda",
"Saint Barthelemy": "Saint Barthelemy",
"Saint Helena Ascension and Tristan da Cunha": "Saint Helena, Ascension and Tristan da Cunha",
"Saint Kitts and Nevis": "Saint Kitts and Nevis",
"Saint Lucia": "Saint Lucia",
"Saint Vincent and the Grenadines": "Saint Vincent and the Grenadines",
"Samoa": "Samoa",
"San Marino": "San Marino",
"Saudi Arabia": "Saudi Arabia",
"Senegal": "Senegal",
"Serbia": "Serbia",
"Seychelles": "Seychelles",
"Sierra Leone": "Sierra Leone",
"Singapore": "Singapore",
"Slovakia": "Slovakia",
"Slovenia": "Slovenia",
"Solomon Islands": "Solomon Islands",
"Somalia": "Somalia",
"South Africa": "South Africa",
"South Africa_North West": "North West",
"South Georgia and the South Sandwich Islands": "South Georgia and the South Sandwich Islands",
"South Korea": "South Korea",
"South Sudan": "South Sudan",
"Spain": "Spain",
"Spain_Extremadura": "Extremaduran",
"Spain_Galicia": "Galician",
"Sri Lanka": "Sri Lanka",
"Sudan": "Sudan",
"Suriname": "Suriname",
"Swaziland": "eswatini",
"Sweden": "Sweden",
"Switzerland": "Switzerland",
"Syria": "syria",
"Taiwan": "Taiwan",
"Tajikistan": "Tajikistan",
"Tanzania": "United Republic of\"",
"Thailand": "Thailand",
"The Gambia": "Gambia",
"Togo": "Togo",
"Tokelau": "Tokelau",
"Tonga": "Tonga",
"Trinidad and Tobago": "Trinidad and Tobago",
"Tunisia": "Tunisia",
"Turkey": "Turkey",
"Turkmenistan": "Turkmenistan",
"Turks and Caicos Islands": "Turks and Caicos Islands",
"Tuvalu": "Tuvalu",
"UK_Wales": "wales",
"US_Delaware": "Delaware",
"US_Florida_Miami": "Miami",
"US_Georgia": "Georgia",
"US_Guam": "Guam",
"US_Pennsylvania_Reading": "Reading",
"US_Puerto Rico": "Puerto Rico",
"Uganda": "Uganda",
"Ukraine": "Ukraine",
"United Arab Emirates": "United Arab Emirates",
"United Kingdom": "United Kingdom",
"United States of America": "United States of America",
"Uruguay": "Uruguay",
"Uzbekistan": "Uzbekistan",
"Vanuatu": "Vanuatu",
"Venezuela": "Bolivarian Republic of\"",
"Vietnam": "vietnam",
"Wallis and Futuna": "Wallis and Futuna",
"Yemen": "Yemen",
"Zambia": "Zambia",
"Zimbabwe": "Zimbabwe",
"Alabama": "Alabama"
}
