{
"Abkhazia":"Abcházie",
"Afghanistan":"Afghánistán",
"Alabama":"Alabama",
"Albania":"Albánie",
"Algeria":"Alžírsko",
"Algeria_Central":"Alžírsko — Střed",
"Algeria_Coast":"Alžírsko — Sever",
"Andorra":"Andorra",
"Angola":"Angola",
"Anguilla":"Anguilla",
"Antarctica":"Antarktida",
"Antigua and Barbuda":"Antigua a Barbuda",
"Argentina":"Argentina",
"Argentina_Buenos Aires_North":"Buenos Aires — Sever",
"Argentina_Buenos Aires_South":"Buenos Aires — Jih",
"Argentina_Cuyo":"Cuyo",
"Argentina_Mesopotamia":"Mezopotámie",
"Argentina_Northwest":"Severozápad Argentiny",
"Argentina_Pampas":"Pampy",
"Argentina_Patagonia":"Patagonie",
"Arizona":"Arizona",
"Armenia":"Arménie",
"Australia":"Austrálie",
"Australia_Melbourne":"Melbourne",
"Australia_New South Wales":"Nový Jižní Wales",
"Australia_Northern Territory":"Severní teritorium",
"Australia_Queensland":"Queensland",
"Australia_South Australia":"Jižní Austrálie",
"Australia_Tasmania":"Tasmánie",
"Australia_Victoria":"Victoria",
"Australia_Western Australia":"Západní Austrálie",
"Austria":"Rakousko",
"Austria_Burgenland":"Burgenland",
"Austria_Carinthia":"Korutany",
"Austria_Lower Austria_West":"Dolní Rakousy — Západ",
"Austria_Lower Austria_Wien":"Vídeň",
"Austria_Salzburg":"Salcbursko",
"Austria_Styria":"Štýrsko",
"Austria_Tyrol":"Tyrolsko",
"Austria_Upper Austria":"Horní Rakousy",
"Austria_Vorarlberg":"Vorarlbersko",
"Azerbaijan":"Ázerbájdžán",
"Azerbaijan Region":"Ázerbájdžán",
"Bahrain":"Bahrajn",
"Bangladesh":"Bangladéš",
"Barbados":"Barbados",
"Belarus":"Bělorusko",
"Belarus_Brest Region":"Brestská oblast",
"Belarus_Homiel Region":"Homelská oblast",
"Belarus_Hrodna Region":"Hrodenská oblast",
"Belarus_Maglieu Region":"Mohylevská oblast",
"Belarus_Minsk Region":"Minská oblast",
"Belarus_Vitebsk Region":"Vitebská oblast",
"Belgium":"Belgie",
"Belgium_Antwerp":"Antverpy",
"Belgium_East Flanders":"Východní Flandry",
"Belgium_Flemish Brabant":"Vlámský Brabant",
"Belgium_Hainaut":"Henegavsko",
"Belgium_Liege":"Lutych",
"Belgium_Limburg":"Limburk",
"Belgium_Luxembourg":"Lucemburk",
"Belgium_Namur":"Namur",
"Belgium_Walloon Brabant":"Valonský Brabant",
"Belgium_West Flanders":"Západní Flandry",
"Belize":"Belize",
"Benin":"Benin",
"Bermuda":"Bermudy",
"Bhutan":"Bhútán",
"Bolivia":"Bolívie",
"Bosnia and Herzegovina":"Bosna a Hercegovina",
"Bosnia and Herzegovina_Brcko district of Bosnia and Herzegowina":"Brčko",
"Bosnia and Herzegovina_Entity Federation of Bosnia and Herzegovina":"Federace Bosny a Hercegoviny",
"Bosnia and Herzegovina_Republic of Srpska":"Republika srbská",
"Botswana":"Botswana",
"Brazil":"Brazílie",
"Brazil_Bahia":"Bahia",
"Brazil_Goias":"Goiás",
"Brazil_Mato Grosso":"Mato Grosso",
"Brazil_Mato Grosso Do Sul":"Mato Grosso do Sul",
"Brazil_North Region":"Severní region",
"Brazil_Northeast Region":"Severovýchodní region",
"Brazil_Paraiba":"Paraíba",
"Brazil_Parana":"Paraná",
"Brazil_Rio Grande do Norte":"Rio Grande do Norte",
"Brazil_Santa Catarina":"Santa Catarina",
"Brazil_South Region":"Jižní region",
"Brazil_Southeast Region_Espirito Santo":"Espírito Santo",
"Brazil_Southeast Region_Minas Gerais_Contagem":"Minas Gerais — Contagem",
"Brazil_Southeast Region_Minas Gerais_North":"Minas Gerais — Sever",
"Brazil_Southeast Region_Rio de Janeiro":"Rio de Janeiro",
"Brazil_Southeast Region_Sao Paulo_Campinas":"São Paulo — Campinas",
"Brazil_Southeast Region_Sao Paulo_City":"São Paulo — Santos",
"Brazil_Southeast Region_Sao Paulo_West":"São Paulo — Ribeirão Preto",
"British Indian Ocean Territory":"Britské indickooceánské území",
"British Virgin Islands":"Britské Panenské ostrovy",
"Brunei":"Brunej",
"Bulgaria":"Bulharsko",
"Burkina Faso":"Burkina Faso",
"Burundi":"Burundi",
"California":"Kalifornie",
"Cambodia":"Kambodža",
"Cameroon":"Kamerun",
"Cameroon_Central":"Kamerun — Střed",
"Cameroon_West":"Kamerun — Západ",
"Campo de Hielo Sur":"Jižní patagonské ledovcové pole",
"Canada":"Kanada",
"Canada_Alberta":"Alberta",
"Canada_Alberta_Edmonton":"Edmonton",
"Canada_Alberta_North":"Alberta — Sever",
"Canada_Alberta_South":"Alberta — Jih",
"Canada_British Columbia":"Britská Kolumbie",
"Canada_British Columbia_Central":"Britská Kolumbie — Střed",
"Canada_British Columbia_Far_North":"Britská Kolumbie — Východ",
"Canada_British Columbia_Islands":"Vancouver",
"Canada_British Columbia_North":"Britská Kolumbie — Západ",
"Canada_British Columbia_Northeast":"Britská Kolumbie — Sever",
"Canada_British Columbia_Southeast":"Kelowna",
"Canada_British Columbia_Vancouver":"Vancouver",
"Canada_Labrador":"Labrador",
"Canada_Labrador_North":"Labrador — Sever",
"Canada_Labrador_South":"Labrador — Jih",
"Canada_Labrador_West":"Labrador — Západ",
"Canada_Manitoba":"Manitoba",
"Canada_Manitoba_Northeast":"Manitoba — Sever",
"Canada_Manitoba_Northwest":"Manitoba — Západ",
"Canada_Manitoba_South":"Brandon",
"Canada_Manitoba_Winnipeg":"Winnipeg",
"Canada_New Brunswick":"Nový Brunšvik",
"Canada_Newfoundland":"Newfoundland",
"Canada_Newfoundland_East":"Newfoundland — Východ",
"Canada_Newfoundland_North":"Newfoundland — Sever",
"Canada_Newfoundland_South":"Newfoundland — Jih",
"Canada_Newfoundland_West":"Newfoundland — Západ",
"Canada_Northwest Territories":"Severozápadní teritoria",
"Canada_Northwest Territories_East":"Severozápadní teritoria — Východ",
"Canada_Northwest Territories_North":"Severozápadní teritoria — Sever",
"Canada_Northwest Territories_Yellowknife":"Yellowknife",
"Canada_Nova Scotia":"Nové Skotsko",
"Canada_Nova Scotia_Halifax":"Halifax",
"Canada_Nova Scotia_Sydney":"Sydney",
"Canada_Nunavut":"Nunavut",
"Canada_Nunavut_North":"Nunavut — Sever",
"Canada_Nunavut_South":"Nunavut — Jih",
"Canada_Ontario":"Ontario",
"Canada_Ontario_Bame":"Barrie",
"Canada_Ontario_Kingston":"Kingston",
"Canada_Ontario_London":"London",
"Canada_Ontario_Northeastern_Central":"Timmins",
"Canada_Ontario_Northeastern_North":"Moose Factory",
"Canada_Ontario_Northeastern_S":"Greater Sudbury",
"Canada_Ontario_Northeastern_SE":"North Bay",
"Canada_Ontario_Northeastern_SW":"Sault Ste. Marie (Ontario)",
"Canada_Ontario_Northeastern_Wawa":"Wawa",
"Canada_Ontario_Northern":"Thunder Bay",
"Canada_Ontario_Northwestern":"Ontario — Sever",
"Canada_Ontario_Toronto":"Toronto",
"Canada_Prince Edward Island":"Ostrov prince Edwarda",
"Canada_Quebec":"Québec",
"Canada_Quebec_Quebec":"Québec",
"Canada_Quebek_Far North":"Québec — Sever",
"Canada_Quebek_Montreal":"Montréal",
"Canada_Quebek_North":"Sept-Îles",
"Canada_Quebek_Southeast_Rimouski":"Rimouski",
"Canada_Quebek_Southeast_Saguenay":"Saguenay",
"Canada_Quebek_West_Chibougamau":"Chibougamau",
"Canada_Quebek_West_Rouyn-Noranda":"Rouyn-Noranda",
"Canada_Saskatchewan":"Saskatchewan",
"Canada_Saskatchewan_North":"Saskatchewan — Sever",
"Canada_Saskatchewan_South":"Saskatchewan — Jih",
"Canada_Yukon":"Yukon",
"Canada_Yukon_North":"Yukon — Sever",
"Canada_Yukon_Whitehorse":"Whitehorse",
"Cape Verde":"Kapverdy",
"Caribees":"Malé Antily",
"Caribisch Nederland":"Karibské Nizozemsko",
"Cayman Islands":"Kajmanské ostrovy",
"Central African Republic":"Středoafrická republika",
"Central Anatolia Region":"Střední Anatolie",
"Chad":"Čad",
"Chile":"Chile",
"Chile_North":"Chile — Sever",
"Chile_South":"Chile — Jih",
"China_Anhui":"An-chuej",
"China_Chongqing":"Čchung-čching",
"China_Fujian":"Fu-ťien",
"China_Gansu":"Kan-su",
"China_Guangdong":"Kuang-tung",
"China_Guangxi":"Kuang-si",
"China_Guizhou":"Kuej-čou",
"China_Hebei":"Che-pej",
"China_Heilongjiang":"Chej-lung-ťiang",
"China_Henan":"Che-nan",
"China_Hubei":"Chu-pej",
"China_Hunan":"Chu-nan",
"China_Inner Mongolia":"Vnitřní Mongolsko",
"China_Jiangsu":"Ťiang-su",
"China_Jiangxi":"Ťiang-si",
"China_Jilin":"Ťi-lin",
"China_Liaoning":"Liao-ning",
"China_Ningxia Hui":"Ning-sia",
"China_Qinghai":"Čching-chaj",
"China_Shaanxi":"Šen-si",
"China_Shandong":"Šan-tung",
"China_Shanghai":"Šanghaj",
"China_Shanxi":"Šan-si",
"China_Sichuan":"S'-čchuan",
"China_Tibet Autonomous Region":"Tibetská autonomní oblast",
"China_Xinjiang":"Sin-ťiang",
"China_Yunnan":"Jün-nan",
"China_Zhejiang":"Če-ťiang",
"Colombia":"Kolumbie",
"Colombia_East":"Kolumbie — Východ",
"Colombia_North":"Kolumbie — Sever",
"Colombia_West":"Kolumbie — Západ",
"Colorado":"Colorado",
"Comoros":"Komory",
"Congo-Brazzaville":"Republika Kongo",
"Congo-Kinshasa":"Demokratická republika Kongo",
"Cook Islands":"Cookovy ostrovy",
"Costa Rica":"Kostarika",
"Cote dIvoire":"Pobřeží slonoviny",
"Crimea":"Krym",
"Croatia":"Chorvatsko",
"Cuba":"Kuba",
"Cyprus":"Kypr",
"Czech Republic":"Česko",
"Czech_Jihovychod_Jihomoravsky kraj":"Jihomoravský kraj",
"Czech_Jihovychod_Kraj Vysocina":"Kraj Vysočina",
"Czech_Jihozapad_Jihocesky kraj":"Jihočeský kraj",
"Czech_Jihozapad_Plzensky kraj":"Plzeňský kraj",
"Czech_Karlovasky kraj":"Karlovarský kraj",
"Czech_Moravskoslezsko":"Moravskoslezský kraj",
"Czech_Olomoucky kraj":"Olomoucký kraj",
"Czech_Praha":"Praha",
"Czech_Severovychod_Kralovehradecky kraj":"Královéhradecký kraj",
"Czech_Severovychod_Liberecky kraj":"Liberecký kraj",
"Czech_Severovychod_Pardubicky kraj":"Pardubický kraj",
"Czech_Stredni Cechy_East":"Středočeský kraj — Východ",
"Czech_Stredni Cechy_West":"Středočeský kraj — Západ",
"Czech_Ustecky kraj":"Ústecký kraj",
"Czech_Zlinsky Kraj":"Zlínský kraj",
"Denmark":"Dánsko",
"Denmark_Capital Region of Denmark":"Hovedstaden",
"Denmark_Central Denmark Region":"Midtjylland",
"Denmark_North Denmark Region":"Nordjylland",
"Denmark_Region Zealand":"Sjælland",
"Denmark_Region of Southern Denmark":"Syddanmark",
"Djibouti":"Džibutsko",
"Dominica":"Dominika",
"Dominican Republic":"Dominikánská republika",
"East Timor":"Východní Timor",
"Ecuador":"Ekvádor",
"Egypt":"Egypt",
"El Salvador":"Salvador",
"Equatorial Guinea":"Rovníková Guinea",
"Eritrea":"Eritrea",
"Estonia":"Estonsko",
"Estonia_East":"Estonsko — Východ",
"Estonia_West":"Estonsko — Západ",
"Ethiopia":"Etiopie",
"Falkland Islands":"Falklandy",
"Faroe Islands":"Faerské ostrovy",
"Federated States of Micronesia":"Mikronésie",
"Fiji":"Fidži",
"Finland":"Finsko",
"Finland_Eastern Finland":"Východní Finsko",
"Finland_Northern Finland":"Severní Finsko",
"Finland_Southern Finland_Helsinki":"Jižní Finsko — Helsinky",
"Finland_Southern Finland_Lappeenranta":"Jižní Finsko — Lappeenranta",
"Finland_Southern Finland_West":"Vlastní Finsko",
"Finland_Western Finland":"Západní Finsko",
"Florida":"Florida",
"France":"Francie",
"France_Alsace":"Alsasko",
"France_Alsace_Bas-Rhin":"Bas-Rhin",
"France_Alsace_Haut-Rhin":"Haut-Rhin",
"France_Aquitaine":"Akvitánie",
"France_Aquitaine_Dordogne":"Dordogne",
"France_Aquitaine_Gironde":"Gironde",
"France_Aquitaine_Landes":"Landes",
"France_Aquitaine_Lot-et-Garonne":"Lot-et-Garonne",
"France_Aquitaine_Pyrenees-Atlantiques":"Pyrénées-Atlantiques",
"France_Auvergne":"Auvergne",
"France_Auvergne_Allier":"Allier",
"France_Auvergne_Cantal":"Cantal",
"France_Auvergne_Haute-Loire":"Haute-Loire",
"France_Auvergne_Puy-de-Dome":"Puy-de-Dôme",
"France_Brittany":"Bretaň",
"France_Brittany_Cotes-dArmor":"Côtes-d'Armor",
"France_Brittany_Finistere":"Finistère",
"France_Brittany_Ille-et-Vilaine":"Ille-et-Vilaine",
"France_Brittany_Morbihan":"Morbihan",
"France_Burgundy":"Burgundsko",
"France_Burgundy_Cote-dOr":"Côte-d'Or",
"France_Burgundy_Nievre":"Nièvre",
"France_Burgundy_Saone-et-Loire":"Saône-et-Loire",
"France_Burgundy_Yonne":"Yonne",
"France_Centre-Val de Loire":"Centre",
"France_Centre-Val de Loire_Cher":"Cher",
"France_Centre-Val de Loire_Eure-et-Loir":"Eure-et-Loir",
"France_Centre-Val de Loire_Indre":"Indre",
"France_Centre-Val de Loire_Indre-et-Loire":"Indre-et-Loire",
"France_Centre-Val de Loire_Loir-et-Cher":"Loir-et-Cher",
"France_Centre-Val de Loire_Loiret":"Loiret",
"France_Champagne-Ardenne":"Champagne-Ardenne",
"France_Corsica":"Korsika",
"France_Free County":"Franche-Comté",
"France_French Guiana":"Francouzská Guyana",
"France_Ile-de-France":"Île-de-France",
"France_Ile-de-France_Essonne":"Essonne",
"France_Ile-de-France_Hauts-de-Seine":"Hauts-de-Seine",
"France_Ile-de-France_Paris":"Paříž",
"France_Ile-de-France_Seine-Saint-Denis":"Seine-Saint-Denis",
"France_Ile-de-France_Seine-et-Marne":"Seine-et-Marne",
"France_Ile-de-France_Val-dOise":"Val-d'Oise",
"France_Ile-de-France_Val-de-Marne":"Val-de-Marne",
"France_Ile-de-France_Yvelines":"Yvelines",
"France_Languedoc-Roussillon":"Languedoc-Roussillon",
"France_Languedoc-Roussillon_Aude":"Aude (departement)",
"France_Languedoc-Roussillon_Gard":"Gard",
"France_Languedoc-Roussillon_Herault":"Hérault",
"France_Languedoc-Roussillon_Lozere":"Lozère",
"France_Languedoc-Roussillon_Pyrenees-Orientales":"Pyrénées-Orientales",
"France_Limousin":"Limousin",
"France_Lorraine":"Lotrinsko",
"France_Lorraine_Meurthe-et-Moselle":"Meurthe-et-Moselle",
"France_Lorraine_Meuse":"Meuse",
"France_Lorraine_Moselle":"Moselle",
"France_Lorraine_Vosges":"Vosges",
"France_Lower Normandy":"Dolní Normandie",
"France_Lower Normandy_Calvados":"Calvados",
"France_Lower Normandy_Manche":"Manche",
"France_Lower Normandy_Orne":"Orne",
"France_Midi-Pyrenees":"Midi-Pyrénées",
"France_Midi-Pyrenees_Ariege":"Ariège",
"France_Midi-Pyrenees_Aveyron":"Aveyron",
"France_Midi-Pyrenees_Gers":"Gers",
"France_Midi-Pyrenees_Haute-Garonne":"Haute-Garonne",
"France_Midi-Pyrenees_Hautes-Pyrenees":"Hautes-Pyrénées",
"France_Midi-Pyrenees_Lot":"Lot",
"France_Midi-Pyrenees_Tarn":"Tarn",
"France_Midi-Pyrenees_Tarn-et-Garonne":"Tarn-et-Garonne",
"France_New Caledonia":"Nová Kaledonie",
"France_Nord-Pas-de-Calais":"Nord-Pas-de-Calais",
"France_Nord-Pas-de-Calais_Lille":"Lille",
"France_Nord-Pas-de-Calais_Nord":"Nord",
"France_Nord-Pas-de-Calais_Pas-de-Calais":"Pas-de-Calais",
"France_Pays de la Loire":"Pays de la Loire",
"France_Pays de la Loire_Loire-Atlantique":"Loire-Atlantique",
"France_Pays de la Loire_Maine-et-Loire":"Maine-et-Loire",
"France_Pays de la Loire_Mayenne":"Mayenne",
"France_Pays de la Loire_Sarthe":"Sarthe",
"France_Pays de la Loire_Vendee":"Vendée",
"France_Picardy":"Pikardie",
"France_Picardy_Aisne":"Aisne",
"France_Picardy_Oise":"Oise",
"France_Picardy_Somme":"Somme",
"France_Poitou-Charentes":"Poitou-Charentes",
"France_Poitou-Charentes_Charente":"Charente",
"France_Poitou-Charentes_Charente-Maritime":"Charente-Maritime",
"France_Poitou-Charentes_Deux-Sevres":"Deux-Sèvres",
"France_Poitou-Charentes_Vienne":"Vienne",
"France_Provence-Alpes-Cote dAzur":"Provence-Alpes-Côte d'Azur",
"France_Provence-Alpes-Cote dAzur_Alpes-de-Haute-Provence":"Alpes-de-Haute-Provence",
"France_Provence-Alpes-Cote dAzur_Bouches-du-Rhone":"Bouches-du-Rhône",
"France_Provence-Alpes-Cote dAzur_Hautes-Alpes":"Hautes-Alpes",
"France_Provence-Alpes-Cote dAzur_Maritime Alps":"Alpes-Maritimes",
"France_Provence-Alpes-Cote dAzur_Var":"Var",
"France_Provence-Alpes-Cote dAzur_Vaucluse":"Vaucluse",
"France_Rhone-Alpes":"Rhône-Alpes",
"France_Rhone-Alpes_Ain":"Ain",
"France_Rhone-Alpes_Ardeche":"Ardèche",
"France_Rhone-Alpes_Drome":"Drôme",
"France_Rhone-Alpes_Haute-Savoie":"Horní Savojsko",
"France_Rhone-Alpes_Isere":"Isère",
"France_Rhone-Alpes_Loire":"Loire",
"France_Rhone-Alpes_Rhone":"Rhône",
"France_Rhone-Alpes_Savoie":"Savojsko",
"France_Southern Islands":"Francouzská jižní a antarktická území",
"France_Upper Normandy":"Horní Normandie",
"French Polynesia":"Francouzská Polynésie",
"Gabon":"Gabon",
"Georgia":"Gruzie",
"Germany":"Německo",
"Germany_Baden-Wurttemberg":"Bádensko-Württembersko",
"Germany_Baden-Wurttemberg_Regierungsbezirk Freiburg":"Freiburg im Breisgau",
"Germany_Baden-Wurttemberg_Regierungsbezirk Karlsruhe":"Vládní obvod Karlsruhe",
"Germany_Baden-Wurttemberg_Regierungsbezirk Stuttgart_Heilbronn":"Vládní obvod Stuttgart — Heilbronn",
"Germany_Baden-Wurttemberg_Regierungsbezirk Stuttgart_Stuttgart":"Vládní obvod Stuttgart — Stuttgart",
"Germany_Baden-Wurttemberg_Regierungsbezirk Tubingen":"Tübingen",
"Germany_Berlin":"Berlín",
"Germany_Brandenburg_North":"Braniborsko — Sever",
"Germany_Brandenburg_South":"Braniborsko — Jih",
"Germany_Free State of Bavaria":"Bavorsko",
"Germany_Free State of Bavaria_Lower Bavaria":"Dolní Bavorsko",
"Germany_Free State of Bavaria_Lower Franconia":"Dolní Franky",
"Germany_Free State of Bavaria_Middle Franconia":"Střední Franky",
"Germany_Free State of Bavaria_Swabia":"Švábsko",
"Germany_Free State of Bavaria_Upper Bavaria_East":"Horní Bavorsko — Východ",
"Germany_Free State of Bavaria_Upper Bavaria_Ingolstadt":"Horní Bavorsko — Ingolstadt",
"Germany_Free State of Bavaria_Upper Bavaria_Munchen":"Horní Bavorsko — Mnichov",
"Germany_Free State of Bavaria_Upper Franconia":"Horní Franky",
"Germany_Free State of Bavaria_Upper Palatinate":"Horní Falc",
"Germany_Hamburg_main":"Hamburk",
"Germany_Hesse":"Hesensko",
"Germany_Hesse_Regierungsbezirk Darmstadt":"Darmstadt",
"Germany_Hesse_Regierungsbezirk Giessen":"Vládní obvod Giessen",
"Germany_Hesse_Regierungsbezirk Kassel":"Vládní obvod Kassel",
"Germany_Lower Saxony":"Dolní Sasko",
"Germany_Lower Saxony_Bremen_Bremen":"Svobodné hanzovní město Brémy",
"Germany_Lower Saxony_Bremen_Munster":"Lüneburg",
"Germany_Lower Saxony_Hannover":"Hannover",
"Germany_Lower Saxony_Oldenburg":"Oldenburg",
"Germany_Mecklenburg-Vorpommern":"Meklenbursko-Přední Pomořansko",
"Germany_North Rhine-Westphalia":"Severní Porýní-Vestfálsko",
"Germany_North Rhine-Westphalia_Regierungsbezirk Arnsberg_Arnsberg":"Arnsberg — Arnsberg",
"Germany_North Rhine-Westphalia_Regierungsbezirk Arnsberg_Dortmund":"Arnsberg — Dortmund",
"Germany_North Rhine-Westphalia_Regierungsbezirk Detmold":"Detmold",
"Germany_North Rhine-Westphalia_Regierungsbezirk Dusseldorf_Dusseldorf":"Düsseldorf — Düsseldorf",
"Germany_North Rhine-Westphalia_Regierungsbezirk Dusseldorf_Mulheim":"Düsseldorf — Mülheim an der Ruhr",
"Germany_North Rhine-Westphalia_Regierungsbezirk Dusseldorf_Wesel":"Düsseldorf — Wesel",
"Germany_North Rhine-Westphalia_Regierungsbezirk Koln_Aachen":"Kolín nad Rýnem — Cáchy",
"Germany_North Rhine-Westphalia_Regierungsbezirk Koln_Koln":"Kolín nad Rýnem — Kolín nad Rýnem",
"Germany_North Rhine-Westphalia_Regierungsbezirk Munster_Munster":"Münster — Münster",
"Germany_North Rhine-Westphalia_Regierungsbezirk Munster_Recklinghausen":"Münster — Recklinghausen",
"Germany_Rhineland-Palatinate_Koblenz":"Porýní-Falc — Koblenz",
"Germany_Rhineland-Palatinate_South":"Porýní-Falc — Mohuč",
"Germany_Saarland":"Sársko",
"Germany_Saxony-Anhalt":"Sasko-Anhaltsko",
"Germany_Saxony_Dresden":"Sasko — Drážďany",
"Germany_Saxony_Leipzig":"Sasko — Lipsko",
"Germany_Schleswig-Holstein":"Šlesvicko-Holštýnsko",
"Germany_Thuringia":"Durynsko",
"Ghana":"Ghana",
"Gibraltar":"Gibraltar",
"Greece":"Řecko",
"Greece_Decentralized Administration of Aegean":"Egeis",
"Greece_Decentralized Administration of Attica":"Decentralizovaná správa Attiky",
"Greece_Decentralized Administration of Crete":"Decentralizovaná správa Kréty",
"Greece_Decentralized Administration of Epirus - Western Macedonia":"Decentralizovaná správa Epira a západní Makedonie",
"Greece_Decentralized Administration of Macedonia and Thrace":"Decentralizovaná správa Makedonie a Thrákie",
"Greece_Decentralized Administration of Thessaly - Central Greece":"Decentralizovaná správa Thesálie a Středního Řecka",
"Greece_Decentralized Administration of West Greece":"Decentralizovaná správa Peloponés",
"Greenland":"Grónsko",
"Grenada":"Grenada",
"Guadeloupe":"Guadeloupe",
"Guatemala":"Guatemala",
"Guernsey":"Guernsey",
"Guinea":"Guinea",
"Guinea-Bissau":"Guinea-Bissau",
"Guyana":"Guyana",
"Haiti":"Haiti",
"Honduras":"Honduras",
"Hungary":"Maďarsko",
"Hungary_Kozep-Magyarorszag":"Közép-Magyarország",
"Hungary_Northern Great Plain":"Maďarsko — Východ",
"Hungary_Transdanubia":"Maďarsko — Západ",
"Iceland":"Island",
"Illinois":"Illinois",
"India":"Indie",
"India_Andaman and Nicobar Islands":"Andamany a Nikobary",
"India_Andhra Pradesh":"Ándhrapradéš",
"India_Arunachal Pradesh":"Arunáčalpradéš",
"India_Assam":"Ásám",
"India_Bihar":"Bihár",
"India_Chandigarh":"Čandígarh",
"India_Chhattisgarh":"Čhattísgarh",
"India_Delhi":"Dillí",
"India_Goa":"Goa",
"India_Gujarat":"Gudžarát",
"India_Haryana":"Harijána",
"India_Himachal Pradesh":"Himáčalpradéš",
"India_Jammu and Kashmir":"Džammú a Kašmír",
"India_Jharkhand":"Džhárkhand",
"India_Karnataka":"Karnátaka",
"India_Kerala":"Kérala",
"India_Lakshadweep":"Lakadivy",
"India_Madhya Pradesh":"Madhjapradéš",
"India_Maharashtra":"Maháráštra",
"India_Manipur":"Manípur",
"India_Meghalaya":"Méghálaja",
"India_Mizoram":"Mizóram",
"India_Nagaland":"Nágáland",
"India_Odisha":"Urísa",
"India_Punjab":"Paňdžáb",
"India_Rajasthan":"Rádžasthán",
"India_Sikkim":"Sikkim",
"India_Tamil Nadu":"Tamilnádu",
"India_Telangana":"Telangána",
"India_Tripura":"Tripura",
"India_Uttar Pradesh":"Uttarpradéš",
"India_Uttarakhand":"Uttarákhand",
"India_West Bengal":"Západní Bengálsko",
"Indiana":"Indiana",
"Indonesia":"Indonésie",
"Indonesia_Central":"Sulawesi, Kalimantan",
"Indonesia_East":"Indonésie — Východ",
"Indonesia_Jawa Barat":"Západní Jáva",
"Indonesia_Jawa Tengah":"Střední Jáva",
"Indonesia_Jawa Timur":"Východní Jáva",
"Indonesia_Nusa Tenggara":"Malé Sundy",
"Indonesia_West":"Sumatra",
"Iowa":"Iowa",
"Iran":"Írán",
"Iran_North":"Írán — Sever",
"Iran_South":"Írán — Jih",
"Iraq":"Irák",
"Ireland":"Irsko",
"Ireland_Connacht":"Connacht",
"Ireland_Leinster":"Leinster",
"Ireland_Munster":"Munster",
"Ireland_Northern Counties":"Ulster",
"Isle of Man":"Man",
"Israel":"Izrael",
"Israel Region":"Izrael",
"Italy":"Itálie",
"Italy_Abruzzo":"Abruzzo",
"Italy_Aosta Valley":"Valle d'Aosta",
"Italy_Apulia":"Apulie",
"Italy_Basilicata":"Basilicata",
"Italy_Calabria":"Kalábrie",
"Italy_Campania":"Kampánie",
"Italy_Emilia":"Emilia-Romagna",
"Italy_Emilia-Romagna_Bologna":"Provincie Bologna",
"Italy_Emilia-Romagna_Ferrara":"Provincie Ferrara",
"Italy_Emilia-Romagna_Forli-Cesena":"Provincie Forlì-Cesena",
"Italy_Emilia-Romagna_Modena":"Provincie Modena",
"Italy_Emilia-Romagna_Parma":"Provincie Parma",
"Italy_Emilia-Romagna_Piacenza":"Provincie Piacenza",
"Italy_Emilia-Romagna_Ravenna":"Provincie Ravenna",
"Italy_Emilia-Romagna_Reggio Emilia":"Provincie Reggio Emilia",
"Italy_Emilia-Romagna_Rimini":"Provincie Rimini",
"Italy_Friuli":"Furlansko-Julské Benátsko",
"Italy_Friuli-Venezia Giulia_Gorizia":"Provincie Gorizia",
"Italy_Friuli-Venezia Giulia_Pordenone":"Provincie Pordenone",
"Italy_Friuli-Venezia Giulia_Trieste":"Provincie Trieste",
"Italy_Friuli-Venezia Giulia_Udine":"Provincie Udine",
"Italy_Lazio":"Lazio",
"Italy_Liguria":"Ligurie",
"Italy_Lombardy":"Lombardie",
"Italy_Lombardy_Bergamo":"Provincie Bergamo",
"Italy_Lombardy_Brescia":"Provincie Brescia",
"Italy_Lombardy_Como":"Provincie Como",
"Italy_Lombardy_Cremona":"Provincie Cremona",
"Italy_Lombardy_Lecco":"Provincie Lecco",
"Italy_Lombardy_Lodi":"Provincie Lodi",
"Italy_Lombardy_Mantua":"Provincie Mantova",
"Italy_Lombardy_Milan":"Provincie Milano",
"Italy_Lombardy_Monza and Brianza":"Provincie Monza e Brianza",
"Italy_Lombardy_Pavia":"Provincie Pavia",
"Italy_Lombardy_Sondrio":"Provincie Sondrio",
"Italy_Lombardy_Varese":"Provincie Varese",
"Italy_Marche":"Marche",
"Italy_Molise":"Molise",
"Italy_Piemont":"Piemont",
"Italy_Piemont_Alessandria":"Provincie Alessandria",
"Italy_Piemont_Asti":"Provincie Asti",
"Italy_Piemont_Biella":"Provincie Biella",
"Italy_Piemont_Cuneo":"Provincie Cuneo",
"Italy_Piemont_Novara":"Provincie Novara",
"Italy_Piemont_Torino":"Provincie Torino",
"Italy_Piemont_Verbano-Cusio-Ossola":"Provincie Verbano-Cusio-Ossola",
"Italy_Piemont_Vercelli":"Provincie Vercelli",
"Italy_Sardinia":"Sardinie",
"Italy_Sicily":"Sicílie",
"Italy_Trentino-Alto Adige Sudtirol":"Tridentsko-Horní Adiže",
"Italy_Tuscany_Grosseto":"Toskánsko — Provincie Grosseto",
"Italy_Tuscany_Massa e Carrara":"Toskánsko — Provincie Massa-Carrara",
"Italy_Umbria":"Umbrie",
"Italy_Veneto":"Benátsko",
"Italy_Veneto_Belluno":"Provincie Belluno",
"Italy_Veneto_Padova":"Provincie Padova",
"Italy_Veneto_Rovigo":"Provincie Rovigo",
"Italy_Veneto_Treviso":"Provincie Treviso",
"Italy_Veneto_Venezia":"Provincie Venezia",
"Italy_Veneto_Verona":"Provincie Verona",
"Italy_Veneto_Vicenza":"Provincie Vicenza",
"Jamaica":"Jamajka",
"Japan":"Japonsko",
"Japan_Chubu Region":"Čúbu",
"Japan_Chubu Region_Aichi":"Prefektura Aiči",
"Japan_Chubu Region_Fukui":"Prefektura Fukui",
"Japan_Chubu Region_Gifu":"Prefektura Gifu",
"Japan_Chubu Region_Ishikawa":"Prefektura Išikawa",
"Japan_Chubu Region_Nagano":"Prefektura Nagano",
"Japan_Chubu Region_Niigata":"Prefektura Niigata",
"Japan_Chubu Region_Shizuoka":"Prefektura Šizuoka",
"Japan_Chubu Region_Toyama":"Prefektura Tojama",
"Japan_Chubu Region_Yamanashi":"Prefektura Jamanaši",
"Japan_Chugoku Region":"Čúgoku",
"Japan_Chugoku Region_Hiroshima":"Prefektura Hirošima",
"Japan_Chugoku Region_Okayama":"Prefektura Okajama",
"Japan_Chugoku Region_Shimane":"Prefektura Šimane",
"Japan_Chugoku Region_Tottori":"Prefektura Tottori",
"Japan_Chugoku Region_Yamaguchi":"Prefektura Jamaguči",
"Japan_Hokkaido Region":"Hokkaidó",
"Japan_Hokkaido Region_East":"Hokkaidó — Východ",
"Japan_Hokkaido Region_North":"Hokkaidó — Sever",
"Japan_Hokkaido Region_West":"Hokkaidó — Západ",
"Japan_Kanto":"Kantó",
"Japan_Kanto_Chiba":"Prefektura Čiba",
"Japan_Kanto_Gunma":"Prefektura Gunma",
"Japan_Kanto_Ibaraki":"Prefektura Ibaraki",
"Japan_Kanto_Kanagawa":"Prefektura Kanagawa",
"Japan_Kanto_Saitama":"Prefektura Saitama",
"Japan_Kanto_Tochigi":"Prefektura Točigi",
"Japan_Kanto_Tokyo":"Prefektura Tokio",
"Japan_Kinki Region":"Kansai",
"Japan_Kinki Region_Mie":"Prefektura Mie",
"Japan_Kinki Region_Nara":"Prefektura Nara",
"Japan_Kinki Region_Osaka":"Prefektura Ósaka",
"Japan_Kinki Region_Wakayama":"Prefektura Wakajama",
"Japan_Kyushu Region":"Kjúšú",
"Japan_Kyushu Region_Fukuoka":"Prefektura Fukuoka",
"Japan_Kyushu Region_Kagoshima":"Prefektura Kagošima",
"Japan_Kyushu Region_Kumamoto":"Prefektura Kumamoto",
"Japan_Kyushu Region_Miyazaki":"Prefektura Mijazaki",
"Japan_Kyushu Region_Nagasaki":"Prefektura Nagasaki",
"Japan_Kyushu Region_Oita":"Prefektura Óita",
"Japan_Kyushu Region_Okinawa":"Prefektura Okinawa",
"Japan_Kyushu Region_Saga":"Prefektura Saga",
"Japan_Shikoku Region":"Šikoku",
"Japan_Shikoku Region_Ehime":"Prefektura Ehime",
"Japan_Shikoku Region_Kagawa":"Prefektura Kagawa",
"Japan_Shikoku Region_Kochi":"Prefektura Kóči",
"Japan_Shikoku Region_Kyoto":"Prefektura Kjóto",
"Japan_Shikoku Region_Tokushima":"Prefektura Tokušima",
"Japan_Tohoku":"Tóhoku",
"Japan_Tohoku_Akita":"Prefektura Akita",
"Japan_Tohoku_Aomori":"Prefektura Aomori",
"Japan_Tohoku_Fukushima":"Prefektura Fukušima",
"Japan_Tohoku_Iwate":"Prefektura Iwate",
"Japan_Tohoku_Miyagi":"Prefektura Mijagi",
"Japan_Tohoku_Yamagata":"Prefektura Jamagata",
"Jersey":"Jersey",
"Jerusalem":"Jeruzalém",
"Jordan":"Jordánsko",
"Kansas":"Kansas",
"Kazakhstan":"Kazachstán",
"Kentucky":"Kentucky",
"Kenya":"Keňa",
"Kingdom of Lesotho":"Lesotho",
"Kiribati":"Kiribati",
"Kuwait":"Kuvajt",
"Kyrgyzstan":"Kyrgyzstán",
"Laos":"Laos",
"Latvia":"Lotyšsko",
"Lebanon":"Libanon",
"Liberia":"Libérie",
"Libya":"Libye",
"Liechtenstein":"Lichtenštejnsko",
"Lithuania":"Litva",
"Louisiana":"Louisiana",
"Luxembourg":"Lucembursko",
"Macedonia":"Makedonie",
"Madagascar":"Madagaskar",
"Malawi":"Malawi",
"Malaysia":"Malajsie",
"Maldives":"Maledivy",
"Mali":"Mali",
"Malta":"Malta",
"Marshall Islands":"Marshallovy ostrovy",
"Martinique":"Martinik",
"Maryland":"Maryland",
"Massachusetts":"Massachusetts",
"Mauritania":"Mauritánie",
"Mauritius":"Mauricius",
"Mexico":"Mexiko",
"Mexico_California":"Baja California",
"Mexico_Central_East":"Nuevo León",
"Mexico_Central_West":"Nayarit",
"Mexico_East":"Mexiko — Východ",
"Mexico_Mexico":"Ciudad de México",
"Mexico_North":"Mexiko — Sever",
"Mexico_South":"Mexiko — Jih",
"Michigan":"Michigan",
"Minnesota":"Minnesota",
"Missouri":"Missouri",
"Moldova":"Moldavsko",
"Monaco":"Monako",
"Mongolia":"Mongolsko",
"Montenegro":"Černá Hora",
"Montserrat":"Montserrat",
"Morocco":"Maroko",
"Morocco_Doukkala-Abda":"Doukkala-Abda",
"Morocco_Rabat-Sale-Zemmour-Zaer":"Rabat-Salé-Zemmour-Zaer",
"Morocco_Southern":"Maroko — Jih",
"Morocco_Western Sahara":"Západní Sahara",
"Mozambique":"Mosambik",
"Myanmar":"Myanmar",
"Nagorno-Karabakh":"Náhorní Karabach",
"Namibia":"Namibie",
"Nauru":"Nauru",
"Nepal":"Nepál",
"Nepal_East":"Nepál — Východ",
"Nepal_West":"Nepál — Západ",
"Netherlands":"Nizozemsko",
"Netherlands_Drenthe":"Drenthe",
"Netherlands_Flevoland":"Flevoland",
"Netherlands_Friesland":"Frísko",
"Netherlands_Gelderland_Nijmegen":"Gelderland — Nijmegen",
"Netherlands_Gelderland_North":"Gelderland — Apeldoorn",
"Netherlands_Gelderland_Zutphen":"Gelderland — Zutphen",
"Netherlands_Groningen":"Groningen",
"Netherlands_Limburg":"Limburg",
"Netherlands_North Brabant_Eindhoven":"Severní Brabantsko — Eindhoven",
"Netherlands_North Brabant_Roosendaal":"Severní Brabantsko — Roosendaal",
"Netherlands_North Brabant_Tiburg":"Severní Brabantsko — Tilburg",
"Netherlands_North Brabant_Uden":"Severní Brabantsko — Uden",
"Netherlands_North Holland_Alkmaar":"Severní Holandsko — Alkmaar",
"Netherlands_North Holland_Amsterdam":"Severní Holandsko — Amsterdam",
"Netherlands_North Holland_Zaandam":"Severní Holandsko — Zaanstad",
"Netherlands_Overijssel_Enschede":"Overijssel — Enschede",
"Netherlands_Overijssel_Zwolle":"Overijssel — Zwolle",
"Netherlands_South Holland_Brielle":"Jižní Holandsko — Brielle",
"Netherlands_South Holland_Den Haag":"Jižní Holandsko — Haag",
"Netherlands_South Holland_Leiden":"Jižní Holandsko — Leiden",
"Netherlands_South Holland_Rotterdam":"Jižní Holandsko — Rotterdam",
"Netherlands_Utrecht_Amersfoort":"Utrecht — Amersfoort",
"Netherlands_Utrecht_Utrecht":"Utrecht — Utrecht",
"Netherlands_Zeeland":"Zeeland",
"New Jersey":"New Jersey",
"New York":"New York",
"New Zealand":"Nový Zéland",
"New Zealand North_Auckland":"Sever — Auckland",
"New Zealand North_Wellington":"Sever — Wellington",
"New Zealand South_Canterbury":"Jih — Canterbury",
"New Zealand South_Southland":"Jih — Region Southland",
"Nicaragua":"Nikaragua",
"Niger":"Niger",
"Nigeria":"Nigérie",
"Niue":"Niue",
"North Carolina":"Severní Karolína",
"North Dakota":"Severní Dakota",
"North Korea":"Severní Korea",
"Norway":"Norsko",
"Norway_Bouvet Island":"Bouvetův ostrov",
"Norway_Central":"Oslo",
"Norway_Hedmark":"Hedmark",
"Norway_Jan Mayen":"Jan Mayen",
"Norway_Northern":"Severní Norsko",
"Norway_Oppland":"Oppland",
"Norway_Southern":"Jižní Norsko",
"Norway_Svalbard":"Špicberky",
"Norway_Trondelag":"Trøndelag",
"Norway_Western":"Západní Norsko",
"Ohio":"Ohio",
"Oklahoma":"Oklahoma",
"Oman":"Omán",
"Oregon":"Oregon",
"Pakistan":"Pákistán",
"Palau":"Palau",
"Palestine":"Palestinský stát",
"Palestine Region":"Palestinský stát",
"Panama":"Panama",
"Papua New Guinea":"Papua-Nová Guinea",
"Paraguay":"Paraguay",
"Pennsylvania":"Pensylvánie",
"People's Republic of China":"Čínská lidová republika",
"Peru":"Peru",
"Peru_North":"Peru — Sever",
"Peru_South":"Peru — Jih",
"Philippines":"Filipíny",
"Philippines_Luzon_Manila":"Metropole Manila",
"Philippines_Luzon_North":"Luzon — Sever",
"Philippines_Luzon_South":"Luzon — Jih",
"Philippines_Mindanao":"Mindanao",
"Philippines_Visayas":"Visayas",
"Pitcairn Islands":"Pitcairnovy ostrovy",
"Poland":"Polsko",
"Poland_Greater Poland Voivodeship":"Velkopolské vojvodství",
"Poland_Kuyavian-Pomeranian Voivodeship":"Kujavsko-pomořské vojvodství",
"Poland_Lesser Poland Voivodeship":"Malopolské vojvodství",
"Poland_Lodz Voivodeship":"Lodžské vojvodství",
"Poland_Lower Silesian Voivodeship":"Dolnoslezské vojvodství",
"Poland_Lublin Voivodeship":"Lublinské vojvodství",
"Poland_Lubusz Voivodeship":"Lubušské vojvodství",
"Poland_Masovian Voivodeship":"Mazovské vojvodství",
"Poland_Opole Voivodeship":"Opolské vojvodství",
"Poland_Podlaskie Voivodeship":"Podleské vojvodství",
"Poland_Pomeranian Voivodeship":"Pomořské vojvodství",
"Poland_Silesian Voivodeship":"Slezské vojvodství",
"Poland_Subcarpathian Voivodeship":"Podkarpatské vojvodství",
"Poland_Swietokrzyskie Voivodeship":"Svatokřížské vojvodství",
"Poland_Warmian-Masurian Voivodeship":"Varmijsko-mazurské vojvodství",
"Poland_West Pomeranian Voivodeship":"Západopomořanské vojvodství",
"Portugal":"Portugalsko",
"Portugal_North":"Portugalsko — Sever",
"Portugal_South":"Portugalsko — Jih",
"Qatar":"Katar",
"Republic of Kosovo":"Kosovo",
"Romania":"Rumunsko",
"Romania_Centre":"Centru",
"Romania_North_East":"Nord-Est",
"Romania_North_West":"Nord-Vest",
"Romania_South":"Sud",
"Romania_South_East":"Sud-Est",
"Romania_South_West":"Sud-Vest",
"Romania_West":"Vest",
"Russia_Altai Krai":"Altajský kraj",
"Russia_Altai Republic":"Republika Altaj",
"Russia_Amur Oblast":"Amurská oblast",
"Russia_Arkhangelsk Oblast_Central":"Archangelská oblast — Střed",
"Russia_Arkhangelsk Oblast_North":"Archangelská oblast — Sever",
"Russia_Astrakhan Oblast":"Astrachaňská oblast",
"Russia_Bashkortostan":"Baškortostán",
"Russia_Belgorod Oblast":"Belgorodská oblast",
"Russia_Bryansk Oblast":"Brjanská oblast",
"Russia_Buryatia":"Burjatsko",
"Russia_Chechen Republic":"Čečensko",
"Russia_Chelyabinsk Oblast":"Čeljabinská oblast",
"Russia_Chukotka Autonomous Okrug":"Čukotský autonomní okruh",
"Russia_Chuvashia":"Čuvašsko",
"Russia_Ingushetia":"Ingušsko",
"Russia_Irkutsk Oblast":"Irkutská oblast",
"Russia_Ivanovo Oblast":"Ivanovská oblast",
"Russia_Jewish Autonomous Oblast":"Židovská autonomní oblast",
"Russia_Kabardino-Balkaria":"Kabardsko-Balkarsko",
"Russia_Kaliningrad Oblast":"Kaliningradská oblast",
"Russia_Kaluga Oblast":"Kalužská oblast",
"Russia_Kamchatka Krai":"Kamčatský kraj",
"Russia_Karachay-Cherkessia":"Karačajevsko-Čerkesko",
"Russia_Kemerov Oblast":"Kemerovská oblast",
"Russia_Khabarovsk Krai":"Chabarovský kraj",
"Russia_Khakassia":"Chakasie",
"Russia_Kirov Oblast":"Kirovská oblast",
"Russia_Komi Republic":"Republika Komi",
"Russia_Kostroma Oblast":"Kostromská oblast",
"Russia_Krasnodar Krai":"Krasnodarský kraj — Sever",
"Russia_Krasnodar Krai_Adygeya":"Krasnodarský kraj, Adygejsko",
"Russia_Krasnoyarsk Krai":"Krasnojarský kraj",
"Russia_Kurgan Oblast":"Kurganská oblast",
"Russia_Kursk Oblast":"Kurská oblast",
"Russia_Leningradskaya Oblast_Karelsky":"Leningradská oblast — Sever",
"Russia_Leningradskaya Oblast_Southeast":"Leningradská oblast — Jih",
"Russia_Lipetsk Oblast":"Lipecká oblast",
"Russia_Magadan Oblast":"Magadanská oblast",
"Russia_Mari El":"Marij El",
"Russia_Moscow":"Moskva",
"Russia_Moscow Oblast":"Moskevská oblast",
"Russia_Murmansk Oblast":"Murmanská oblast",
"Russia_Nenets Autonomous Okrug":"Něnecký autonomní okruh",
"Russia_Nizhny Novgorod Oblast":"Nižněnovgorodská oblast",
"Russia_North Ossetia-Alania":"Severní Osetie-Alanie",
"Russia_Novgorod Oblast":"Novgorodská oblast",
"Russia_Novosibirsk Oblast":"Novosibirská oblast",
"Russia_Omsk Oblast":"Omská oblast",
"Russia_Orenburg Oblast":"Orenburská oblast",
"Russia_Oryol Oblast":"Orelská oblast",
"Russia_Penza Oblast":"Penzenská oblast",
"Russia_Perm Krai":"Permský kraj",
"Russia_Primorsky Krai":"Přímořský kraj",
"Russia_Pskov Oblast":"Pskovská oblast",
"Russia_Republic of Dagestan":"Dagestán",
"Russia_Republic of Kalmykia":"Kalmycko",
"Russia_Republic of Karelia":"Republika Karélie",
"Russia_Republic of Mordovia":"Mordvinsko",
"Russia_Rostov Oblast":"Rostovská oblast",
"Russia_Ryazan Oblast":"Rjazaňská oblast",
"Russia_Saint Petersburg":"Petrohrad",
"Russia_Sakha Republic":"Sacha",
"Russia_Sakhalin Oblast":"Sachalinská oblast",
"Russia_Samara Oblast":"Samarská oblast",
"Russia_Saratov Oblast":"Saratovská oblast",
"Russia_Smolensk Oblast":"Smolenská oblast",
"Russia_Stavropol Krai":"Stavropolský kraj",
"Russia_Sverdlovsk Oblast":"Sverdlovská oblast",
"Russia_Tambov Oblast":"Tambovská oblast",
"Russia_Tatarstan":"Tatarstán",
"Russia_Tomsk Oblast":"Tomská oblast",
"Russia_Tula Oblast":"Tulská oblast",
"Russia_Tuva":"Tuva",
"Russia_Tver Oblast":"Tverská oblast",
"Russia_Tyumen Oblast":"Ťumeňská oblast",
"Russia_Udmurt Republic":"Udmurtsko",
"Russia_Ulyanovsk Oblast":"Uljanovská oblast",
"Russia_Vladimir Oblast":"Vladimirská oblast",
"Russia_Volgograd Oblast":"Volgogradská oblast",
"Russia_Vologda Oblast":"Vologdská oblast",
"Russia_Voronezh Oblast":"Voroněžská oblast",
"Russia_Yamalo-Nenets Autonomous Okrug":"Jamalo-něnecký autonomní okruh",
"Russia_Yaroslavl Oblast":"Jaroslavská oblast",
"Russia_Yugra":"Chantymansijský autonomní okruh - Jugra",
"Russia_Zabaykalsky Krai":"Zabajkalský kraj",
"Russian Federation":"Rusko",
"Rwanda":"Rwanda",
"Sahrawi Arab Democratic Republic":"Saharská arabská demokratická republika",
"Saint Barthelemy":"Svatý Bartoloměj",
"Saint Helena Ascension and Tristan da Cunha":"Svatá Helena, Ascension a Tristan da Cunha",
"Saint Kitts and Nevis":"Svatý Kryštof a Nevis",
"Saint Lucia":"Svatá Lucie",
"Saint Martin":"Svatý Martin",
"Saint Vincent and the Grenadines":"Svatý Vincenc a Grenadiny",
"Samoa":"Samoa",
"San Marino":"San Marino",
"Sao Tome and Principe":"Svatý Tomáš a Princův ostrov",
"Saudi Arabia":"Saúdská Arábie",
"Senegal":"Senegal",
"Serbia":"Srbsko",
"Seychelles":"Seychely",
"Sierra Leone":"Sierra Leone",
"Singapore":"Singapur",
"Slovakia":"Slovensko",
"Slovakia_Region of Banska Bystrica":"Banskobystrický kraj",
"Slovakia_Region of Bratislava":"Bratislavský kraj",
"Slovakia_Region of Kosice":"Košický kraj",
"Slovakia_Region of Nitra":"Nitranský kraj",
"Slovakia_Region of Presov":"Prešovský kraj",
"Slovakia_Region of Trencin":"Trenčínský kraj",
"Slovakia_Region of Trnava":"Trnavský kraj",
"Slovakia_Region of Zilina":"Žilinský kraj",
"Slovenia":"Slovinsko",
"Solomon Islands":"Šalamounovy ostrovy",
"Somalia":"Somálsko",
"South Africa":"Jihoafrická republika",
"South Africa_Eastern Cape":"Východní Kapsko",
"South Africa_Free State":"Svobodný stát",
"South Africa_Gauteng":"Gauteng",
"South Africa_KwaZulu-Natal":"KwaZulu-Natal",
"South Africa_Limpopo":"Limpopo",
"South Africa_Mpumalanga":"Mpumalanga",
"South Africa_North West":"Severozápadní provincie",
"South Africa_Northern Cape":"Severní Kapsko",
"South Africa_Western Cape":"Západní Kapsko",
"South Carolina":"Jižní Karolína",
"South Georgia and the South Sandwich Islands":"Jižní Georgie a Jižní Sandwichovy ostrovy",
"South Korea":"Jižní Korea",
"South Korea_North":"Jižní Korea — Sever",
"South Korea_South":"Jižní Korea — Jih",
"South Ossetia":"Jižní Osetie",
"South Sudan":"Jižní Súdán",
"Spain":"Španělsko",
"Spain_Andalusia":"Andalusie",
"Spain_Aragon":"Aragonie",
"Spain_Balearic Islands":"Baleáry",
"Spain_Basque Country":"Autonomní společenství Baskicko",
"Spain_Canary Islands":"Kanárské ostrovy",
"Spain_Cantabria":"Kantábrie",
"Spain_Castile and Leon":"Kastilie a León",
"Spain_Castile-La Mancha":"Kastilie-La Mancha",
"Spain_Catalonia_Provincia de Barcelona":"Provincie Barcelona",
"Spain_Catalonia_Provincia de Girona":"Provincie Girona",
"Spain_Catalonia_Provincia de Lleida":"Provincie Lleida",
"Spain_Catalonia_Provincia de Tarragona":"Provincie Tarragona",
"Spain_Ceuta":"Ceuta",
"Spain_Community of Madrid":"Madrid",
"Spain_Comunidad Foral de Navarra":"Navarra",
"Spain_Extremadura":"Extremadura",
"Spain_Galicia":"Galicie",
"Spain_La Rioja":"La Rioja",
"Spain_Melilla":"Melilla",
"Spain_Principado de Asturias":"Asturie",
"Spain_Region de Murcia":"Murcie",
"Spain_Valencian Community":"Valencijské společenství",
"Sri Lanka":"Srí Lanka",
"Sudan":"Súdán",
"Suriname":"Surinam",
"Swaziland":"Svazijsko",
"Sweden":"Švédsko",
"Sweden_Bergslagen":"Bergslagen",
"Sweden_Malardalen":"Mälardalen",
"Sweden_Mellannorrland":"Mellannorrland",
"Sweden_Norra Sverige":"Norra Sverige",
"Sweden_Ostra Gotaland":"Ostra Götaland",
"Sweden_Sodra Gotaland":"Södra Götaland",
"Sweden_Vastra Gotaland":"Västra Götaland",
"Switzerland":"Švýcarsko",
"Switzerland_Central":"Střední Švýcarsko",
"Switzerland_Eastern":"Východní Švýcarsko",
"Switzerland_Espace Mittelland":"Espace Mittelland",
"Switzerland_Lake Geneva region":"Oblast Ženevského jezera",
"Switzerland_Northwestern":"Severozápadní Švýcarsko",
"Switzerland_Ticino":"Ticino",
"Switzerland_Zurich":"Metropolitní oblast Curych",
"Syria":"Sýrie",
"Taiwan":"Čínská republika",
"Tajikistan":"Tádžikistán",
"Tanzania":"Tanzanie",
"Tennessee":"Tennessee",
"Texas":"Texas",
"Thailand":"Thajsko",
"Thailand_North":"Thajsko — Sever",
"Thailand_South":"Thajsko — Jih",
"The Bahamas":"Bahamy",
"The Gambia":"Gambie",
"Togo":"Togo",
"Tokelau":"Tokelau",
"Tonga":"Tonga",
"Trinidad and Tobago":"Trinidad a Tobago",
"Tunisia":"Tunisko",
"Turkey":"Turecko",
"Turkey_Aegean Region":"Egejský region",
"Turkey_Black Sea Region":"Černomořský region",
"Turkey_Eastern Anatolia Region":"Východní Anatolie",
"Turkey_Marmara Region":"Marmarský region",
"Turkey_Mediterranean Region":"Středomořský region",
"Turkey_Southeastern Anatolia Region":"Jihovýchodní Anatolie",
"Turkmenistan":"Turkmenistán",
"Turks and Caicos Islands":"Turks a Caicos",
"Tuvalu":"Tuvalu",
"UK_England_East Midlands":"East Midlands",
"UK_England_East of England_Essex":"Východní Anglie — Essex",
"UK_England_East of England_Norfolk":"Východní Anglie — Norfolk",
"UK_England_Greater London":"Velký Londýn",
"UK_England_North East England":"Severovýchodní Anglie",
"UK_England_North West England":"Severozápadní Anglie",
"UK_England_South East_Brighton":"Jihovýchodní Anglie — Brighton",
"UK_England_South East_Oxford":"Jihovýchodní Anglie — Oxford",
"UK_England_South West England_Bristol":"Jihozápadní Anglie — Bristol",
"UK_England_South West England_Cornwall":"Jihozápadní Anglie — Cornwall",
"UK_England_West Midlands":"West Midlands",
"UK_England_Yorkshire and the Humber":"Yorkshire a Humber",
"UK_Northern Ireland":"Severní Irsko",
"UK_Scotland_North":"Skotsko — Sever",
"UK_Scotland_South":"Skotsko — Jih",
"UK_Wales":"Wales",
"US_Alabama_Birmingham":"Birmingham",
"US_Alabama_Montgomery":"Montgomery",
"US_Alaska":"Aljaška",
"US_Arizona_Flagstaff":"Flagstaff",
"US_Arizona_Phoenix":"Phoenix",
"US_Arizona_Tucson":"Tucson",
"US_Arkansas":"Arkansas",
"US_California_Bakersfield_Bakersfield":"Bakersfield",
"US_California_Bakersfield_Lancaster":"Lancaster",
"US_California_Chico":"Chico",
"US_California_LA":"Los Angeles",
"US_California_LA North":"Los Angeles — Sever",
"US_California_Redding":"Redding",
"US_California_Sacramento_Fresno":"Fresno",
"US_California_Sacramento_Sacramento":"Sacramento",
"US_California_Sacramento_Stockton":"Stockton",
"US_California_San Diego":"San Diego",
"US_California_Santa_Clara_Palo Alto":"San Francisco",
"US_California_Santa_Clara_Santa Cruz":"Santa Cruz",
"US_Colorado_Aspen":"Aspen",
"US_Colorado_Denver":"Denver",
"US_Colorado_South":"Colorado — Jih",
"US_Connecticut":"Connecticut",
"US_Delaware":"Delaware",
"US_Florida_Jacksonville":"Jacksonville",
"US_Florida_Miami":"Miami",
"US_Florida_Orlando":"Orlando",
"US_Florida_Tampa":"Tampa",
"US_Georgia":"Georgie",
"US_Georgia_Atlanta":"Atlanta",
"US_Georgia_Macon":"Macon",
"US_Georgia_North":"Georgie — Sever",
"US_Georgia_South":"Georgie — Jih",
"US_Guam":"Guam",
"US_Hawaii":"Havaj",
"US_Idaho":"Idaho",
"US_Illinois_Chickago":"Chicago",
"US_Illinois_Elgin":"Elgin",
"US_Illinois_Rockford":"Rockford",
"US_Illinois_South":"Illinois — Jih",
"US_Illinois_Springfield":"Springfield",
"US_Indiana_North":"Indiana — Sever",
"US_Indiana_South":"Indiana — Jih",
"US_Iowa_Des Moines":"Des Moines",
"US_Iowa_Waterloo":"Waterloo",
"US_Iowa_West":"Iowa — Západ",
"US_Kansas_East":"Kansas — Východ",
"US_Kansas_West":"Kansas — Západ",
"US_Kentucky_East":"Kentucky — Východ",
"US_Kentucky_West":"Kentucky — Západ",
"US_Louisiana_Central":"Louisiana — Západ",
"US_Louisiana_New Orleans":"New Orleans",
"US_Maine":"Maine",
"US_Maryland_Baltimore":"Baltimore",
"US_Maryland_and_DC":"Západ, Washington",
"US_Massachusetts_Boston":"Boston",
"US_Massachusetts_Central":"Worcester",
"US_Massachusetts_Plymouth":"Plymouth",
"US_Massachusetts_Southeastern":"Barnstable",
"US_Massachusetts_West":"Springfield",
"US_Michigan_Detroit":"Detroit",
"US_Michigan_North":"Michigan — Sever",
"US_Michigan_South":"Michigan — Jih",
"US_Minnesota_Minneapolis":"Minneapolis",
"US_Minnesota_North":"Minnesota — Sever",
"US_Minnesota_Rochester":"Rochester",
"US_Minnesota_Saint Cloud":"St. Cloud",
"US_Mississippi":"Mississippi",
"US_Missouri_East":"Missouri — Východ",
"US_Missouri_West":"Missouri — Západ",
"US_Montana":"Montana",
"US_Nebraska":"Nebraska",
"US_Nevada":"Nevada",
"US_New Hampshire":"New Hampshire",
"US_New Jersey_North":"New Jersey — Sever",
"US_New Jersey_South":"New Jersey — Jih",
"US_New Mexico":"Nové Mexiko",
"US_New York_East":"New York — Východ",
"US_New York_New York":"New York — New York",
"US_New York_North":"New York — Sever",
"US_New York_West":"New York — Západ",
"US_North Carolina_Asheville":"Asheville",
"US_North Carolina_Charlotte":"Charlotte",
"US_North Carolina_Greensboro":"Greensboro",
"US_North Carolina_Raleigh":"Raleigh",
"US_North Carolina_Wilmington":"Wilmington",
"US_North Carolina_Wilson":"Wilson",
"US_North Dakota_Bismarck":"Bismarck",
"US_North Dakota_East":"Fargo",
"US_North Dakota_Minot":"Minot",
"US_Ohio_Cleveland":"Cleveland",
"US_Ohio_Dayton":"Dayton",
"US_Oklahoma_East":"Oklahoma — Východ",
"US_Oklahoma_West":"Oklahoma — Západ",
"US_Oregon_Eugene":"Eugene",
"US_Oregon_Portland":"Portland",
"US_Oregon_West":"Oregon — Západ",
"US_Pennsylvania_Central":"Altoona",
"US_Pennsylvania_Pittsburgh":"Pittsburgh",
"US_Pennsylvania_Reading":"Reading",
"US_Pennsylvania_Scranton":"Scranton",
"US_Puerto Rico":"Portoriko",
"US_Rhode Island":"Rhode Island",
"US_South Carolina_Columbia":"Columbia",
"US_South Carolina_Florence":"Florencie",
"US_South Dakota":"Jižní Dakota",
"US_Tennessee_East":"Tennessee — Východ",
"US_Tennessee_West":"Tennessee — Západ",
"US_Texas_Austin":"Austin",
"US_Texas_Dallas":"Dallas",
"US_Texas_Houston":"Houston",
"US_Texas_Northwest":"Amarillo",
"US_Texas_San Antonio":"San Antonio",
"US_Texas_Southwest":"Laredo",
"US_Texas_Tyler":"Tyler",
"US_Texas_Wako":"Waco",
"US_Texas_West":"Odessa",
"US_United States Minor Outlying Islands":"Menší odlehlé ostrovy Spojených států amerických",
"US_Utah":"Utah",
"US_Vermont":"Vermont",
"US_Virginia_Chesapeake":"Chesapeake",
"US_Virginia_Lynchburg":"Lynchburg",
"US_Virginia_Richmond":"Richmond",
"US_Virginia_Roanoke":"Roanoke",
"US_Washington_Coast":"Tacoma",
"US_Washington_Seattle":"Seattle",
"US_Washington_Yakima":"Yakima",
"US_West Virginia":"Západní Virginie",
"US_Wisconsin_Milwaukee":"Milwaukee",
"US_Wisconsin_North":"Eau Claire",
"US_Wyoming":"Wyoming",
"Uganda":"Uganda",
"Ukraine":"Ukrajina",
"Ukraine_Cherkasy Oblast":"Čerkaská oblast",
"Ukraine_Chernihiv Oblast":"Černihivská oblast",
"Ukraine_Chernivtsi Oblast":"Černovická oblast",
"Ukraine_Dnipropetrovsk Oblast":"Dněpropetrovská oblast",
"Ukraine_Donetsk Oblast":"Doněcká oblast",
"Ukraine_Ivano-Frankivsk Oblast":"Ivanofrankivská oblast",
"Ukraine_Kharkiv Oblast":"Charkovská oblast",
"Ukraine_Kherson Oblast":"Chersonská oblast",
"Ukraine_Khmelnytskyi Oblast":"Chmelnycká oblast",
"Ukraine_Kirovohrad Oblast":"Kirovohradská oblast",
"Ukraine_Kyiv Oblast":"Kyjevská oblast",
"Ukraine_Luhansk Oblast":"Luhanská oblast",
"Ukraine_Lviv Oblast":"Lvovská oblast",
"Ukraine_Mykolaiv Oblast":"Nikolajevská oblast",
"Ukraine_Odessa Oblast":"Oděská oblast",
"Ukraine_Poltava Oblast":"Poltavská oblast",
"Ukraine_Rivne Oblast":"Rovenská oblast",
"Ukraine_Sumy Oblast":"Sumská oblast",
"Ukraine_Ternopil Oblast":"Ternopilská oblast",
"Ukraine_Vinnytsia Oblast":"Vinnycká oblast",
"Ukraine_Volyn Oblast":"Volyňská oblast",
"Ukraine_Zakarpattia Oblast":"Zakarpatská oblast",
"Ukraine_Zaporizhia Oblast":"Záporožská oblast",
"Ukraine_Zhytomyr Oblast":"Žytomyrská oblast",
"United Arab Emirates":"Spojené arabské emiráty",
"United Kingdom":"Spojené království",
"United States Virgin Islands":"Americké Panenské ostrovy",
"United States of America":"Spojené státy americké",
"Uruguay":"Uruguay",
"Uzbekistan":"Uzbekistán",
"Vanuatu":"Vanuatu",
"Venezuela":"Venezuela",
"Vietnam":"Vietnam",
"Virginia":"Virginie",
"Wallis and Futuna":"Wallis a Futuna",
"Washington":"Washington",
"Willis Island":"Ostrov Willis",
"Wisconsin":"Wisconsin",
"Yemen":"Jemen",
"Zambia":"Zambie",
"Zimbabwe":"Zimbabwe",
"Argentina_Santa Fe":"Santa Fé",
"Australia_Brisbane":"Brisbane",
"Australia_Sydney":"Sydney",
"Austria_Styria_Graz":"Štýrsko — Štýrský Hradec",
"Austria_Styria_Leoben":"Štýrsko — Leoben",
"Austria_Upper Austria_Linz":"Horní Rakousy — Linec",
"Austria_Upper Austria_Wels":"Horní Rakousy — Wels",
"Bolivia_North":"Bolívie — Sever",
"Bolivia_South":"Bolívie — Jih",
"Brazil_Goias_Brasilia":"Goiás — Brasília",
"Brazil_Goias_North":"Goiás — Sever",
"Brazil_North Region_East":"Severní region — Východ",
"Brazil_North Region_West":"Severní region — Západ",
"Brazil_Northeast Region_East":"Severovýchodní region — Východ",
"Brazil_Northeast Region_West":"Severovýchodní region — Západ",
"Brazil_Parana_East":"Paraná — Východ",
"Brazil_Parana_West":"Paraná — Západ",
"Brazil_South Region_East":"Jižní region — Východ",
"Brazil_South Region_West":"Jižní region — Západ",
"Bulgaria_East":"Bulharsko — Východ",
"Bulgaria_West":"Bulharsko — Západ",
"Canada_Ontario_Northeastern_W":"Wawa",
"Chile_Central":"Chile — Střed",
"Congo-Kinshasa_Kivu":"Kivu",
"Congo-Kinshasa_West":"Demokratická republika Kongo — Západ",
"Croatia_Central":"Chorvatsko — Střed",
"Croatia_West":"Chorvatsko — Západ",
"Ecuador_East":"Ekvádor — Východ",
"Ecuador_West":"Ekvádor — Západ",
"Finland_Eastern Finland_North":"Východní Finsko — Sever",
"Finland_Eastern Finland_South":"Východní Finsko — Jih",
"Finland_Western Finland_Jyvaskyla":"Západní Finsko — Jyväskylä",
"Finland_Western Finland_Tampere":"Západní Finsko — Tampere",
"France_Free County_North":"Franche-Comté — Sever",
"France_Free County_South":"Franche-Comté — Jih",
"France_Pays de la Loire_Loire-Atlantique_Nantes":"Loire-Atlantique — Nantes",
"France_Pays de la Loire_Loire-Atlantique_Saint-Nazaire":"Loire-Atlantique — Saint-Nazaire",
"Germany_Free State of Bavaria_Upper Bavaria_South":"Horní Bavorsko — Jih",
"India_Karnataka_North":"Karnátaka — Sever",
"India_Karnataka_South":"Karnátaka — Jih",
"Iran_East":"Írán — Východ",
"Iraq_North":"Irák — Sever",
"Iraq_South":"Irák — Jih",
"Japan_Chubu Region_Aichi_Nagoya":"Prefektura Aiči — Nagoja",
"Japan_Chubu Region_Aichi_Toyohashi":"Prefektura Aiči — Toyohashi",
"Japan_Hokkaido Region_Sapporo":"Sapporo",
"Japan_Kinki Region_Osaka_Osaka":"Ósaka",
"Japan_Kinki Region_Osaka_West":"Prefektura Ósaka — Západ",
"Kazakhstan_North":"Kazachstán — Sever",
"Kazakhstan_South":"Kazachstán — Jih",
"Lithuania_East":"Litva — Východ",
"Lithuania_West":"Litva — Západ",
"Mexico_Chihuahua":"Chihuahua",
"Mexico_Sonora":"Sonora",
"Nepal_Kathmandu":"Káthmándú",
"Nepal_Madhyamanchal":"Centrální region",
"Nepal_Purwanchal":"Východní region",
"Nigeria_North":"Nigérie — Sever",
"Nigeria_South":"Nigérie — Jih",
"Norway_Hordaland":"Hordaland",
"Norway_Nordland":"Nordland",
"Norway_North Trondelag":"Nord-Trøndelag",
"Norway_Rogaland":"Rogaland",
"Norway_South Trondelag":"Sør-Trøndelag",
"Peru_Lima":"Lima",
"Portugal_Islands":"Ostrovy Portugalska",
"Portugal_Viseu":"Viseu",
"Russia_Krasnoyarsk Krai_North":"Krasnojarský kraj — Sever",
"Russia_Krasnoyarsk Krai_South":"Krasnojarský kraj — Jih",
"Russia_Moscow Oblast_East":"Moskevská oblast — Východ",
"Russia_Moscow Oblast_West":"Moskevská oblast — Západ",
"Russia_Perm Krai_North":"Permský kraj — Sever",
"Russia_Perm Krai_South":"Permský kraj — Jih",
"Russia_Republic of Karelia_North":"Republika Karélie — Sever",
"Russia_Republic of Karelia_South":"Republika Karélie — Jih",
"Russia_Sverdlovsk Oblast_North":"Sverdlovská oblast — Sever",
"Russia_Sverdlovsk Oblast_Ekaterinburg":"Sverdlovská oblast — Jekatěrinburg",
"Russia_Yugra_Khanty":"Chantymansijský autonomní okruh - Jugra — Chanty-Mansijsk",
"Russia_Yugra_Surgut":"Chantymansijský autonomní okruh - Jugra — Surgut",
"Saudi Arabia_North":"Saúdská Arábie — Sever",
"Saudi Arabia_South":"Saúdská Arábie — Jih",
"Slovenia_East":"Slovinsko — Východ",
"Slovenia_West":"Slovinsko — Západ",
"Spain_Andalusia_Granada":"Andalusie — Granada",
"Spain_Andalusia_Sevilla":"Andalusie — Sevilla",
"Spain_Castile and Leon_East":"Kastilie a León — Východ",
"Spain_Castile and Leon_West":"Kastilie a León — Západ",
"Spain_Galicia_North":"Galicie — Sever",
"Spain_Galicia_South":"Galicie — Jih",
"Sudan_East":"Súdán — Východ",
"Sudan_West":"Súdán — Západ",
"Sweden_Stockholm":"Stockholm",
"Switzerland_Espace Mittelland_Bern":"Espace Mittelland — Bern",
"Switzerland_Espace Mittelland_East":"Espace Mittelland — východ",
"Taiwan_North":"Čínská republika — Sever",
"Taiwan_South":"Čínská republika — Jih",
"Thailand_Central":"Thajsko — Střed",
"Turkey_Central Anatolia Region_Ankara":"Střední Anatolie — Ankara",
"Turkey_Central Anatolia Region_Kayseri":"Střední Anatolie — Kayseri",
"Turkey_Marmara Region_Bursa":"Marmarský region — Bursa",
"Turkey_Marmara Region_Istanbul":"Marmarský region — Istanbul",
"US_Arkansas_North":"Arkansas — Sever",
"US_Arkansas_South":"Arkansas — Jih",
"US_Florida_Gainesvile":"Gainesville",
"US_Idaho_North":"Idaho — Sever",
"US_Idaho_South":"Idaho — Jih",
"US_Indiana_Evansville":"Evansville",
"US_Indiana_Indianapolis":"Indianapolis",
"US_Kansas_Wichita":"Wichita",
"US_Kentucky_Louisville":"Louisville",
"US_Michigan_Grand Rapids":"Grand Rapids",
"US_Michigan_Lansing":"Lansing",
"US_Mississippi_Gulfport":"Gulfport",
"US_Mississippi_North":"Mississippi — Sever",
"US_Missouri_Kansas":"Kansas City",
"US_Missouri_Springfield":"Springfield",
"US_Missouri_St Louis":"Saint Louis",
"US_Montana_East":"Montana — Východ",
"US_Montana_West":"Montana — Západ",
"US_Nebraska_East":"Nebraska — Východ",
"US_Nebraska_West":"Nebraska — Západ",
"US_New Mexico_Albuquerque":"Albuquerque",
"US_New Mexico_Roswell":"Roswell",
"US_Ohio_Cincinnati":"Cincinnati",
"US_Ohio_Columbus":"Columbus",
"US_Ohio_Toledo":"Toledo",
"US_Oklahoma_Oklahoma":"Oklahoma City",
"US_Oklahoma_Tulsa":"Tulsa",
"US_South Carolina_Charleston":"Charleston",
"US_Texas_Amarillo":"Amarillo",
"US_Texas_Lubbock":"Lubbock",
"US_Utah_North":"Utah — Sever",
"US_Utah_South":"Utah — Jih",
"US_Virginia_Alexandria":"Alexandria",
"US_Wisconsin_Eau Claire":"Eau Claire",
"US_Wisconsin_Madison":"Madison",
"Venezuela_North":"Venezuela — Sever",
"Venezuela_South":"Venezuela — Jih",
"Argentina_Buenos Aires_Buenos Aires":"Buenos Aires",
"Canada_Quebek_Lachute":"Lachute",
"Canada_Saskatchewan_Regina":"Regina",
"Canada_Saskatchewan_Saskatoon":"Saskatoon",
"Germany_Lower Saxony_Braunschweig":"Braunschweig",
"Germany_Saxony-Anhalt_Halle":"Sasko-Anhaltsko — Halle",
"Germany_Saxony-Anhalt_Magdeburg":"Sasko-Anhaltsko — Magdeburg",
"Germany_Schleswig-Holstein_Flensburg":"Šlesvicko-Holštýnsko — Flensburg",
"Germany_Schleswig-Holstein_Kiel":"Šlesvicko-Holštýnsko — Kiel",
"Portugal_Porto":"Porto",
"UK_England_North West England_Lancaster":"Severozápadní Anglie — Lancaster",
"UK_England_North West England_Manchester":"Severozápadní Anglie — Manchester",
"US_Florida_Gainesville":"Gainesville",
"US_Texas_Victoria":"Victoria",
"US_Virginia_Norfolk":"Norfolk"
}
