{
"Abkhazia":"Abhazia",
"Afghanistan":"Afganistan",
"Alabama":"Alabama",
"Albania":"Albania",
"Algeria":"Algeria",
"Algeria_Central":"Algeria — Centru",
"Algeria_Coast":"Algeria — Nord",
"Andorra":"Andorra",
"Angola":"Angola",
"Anguilla":"Anguilla",
"Antarctica":"Antarctida",
"Antigua and Barbuda":"Antigua și Barbuda",
"Argentina":"Argentina",
"Argentina_Buenos Aires_North":"Provincia Buenos Aires — Nord",
"Argentina_Buenos Aires_South":"Provincia Buenos Aires — Sud",
"Argentina_Cuyo":"Cuyo",
"Argentina_Mesopotamia":"Mesopotamia",
"Argentina_Northwest":"Argentina de Nord-Vest",
"Argentina_Pampas":"Pampas",
"Argentina_Patagonia":"Patagonia",
"Arizona":"Arizona",
"Armenia":"Armenia",
"Australia":"Australia",
"Australia_Melbourne":"Melbourne",
"Australia_New South Wales":"Noul Wales de Sud",
"Australia_Northern Territory":"Teritoriul de Nord",
"Australia_Queensland":"Queensland",
"Australia_South Australia":"Australia de Sud",
"Australia_Tasmania":"Tasmania",
"Australia_Victoria":"Victoria",
"Australia_Western Australia":"Australia de Vest",
"Austria":"Austria",
"Austria_Burgenland":"Burgenland",
"Austria_Carinthia":"Carintia",
"Austria_Lower Austria_West":"Austria Inferioară — Vest",
"Austria_Lower Austria_Wien":"Viena",
"Austria_Salzburg":"Salzburg",
"Austria_Styria":"Stiria",
"Austria_Tyrol":"Tirol",
"Austria_Upper Austria":"Austria Superioară",
"Austria_Vorarlberg":"Vorarlberg",
"Azerbaijan":"Azerbaidjan",
"Azerbaijan Region":"Azerbaidjan",
"Bahrain":"Bahrain",
"Bangladesh":"Bangladesh",
"Barbados":"Barbados",
"Belarus":"Belarus",
"Belarus_Brest Region":"Regiunea Brest",
"Belarus_Homiel Region":"Regiunea Gomel",
"Belarus_Hrodna Region":"Regiunea Hrodna",
"Belarus_Maglieu Region":"Regiunea Moghilău",
"Belarus_Minsk Region":"Regiunea Minsk",
"Belarus_Vitebsk Region":"Regiunea Vițebsk",
"Belgium":"Belgia",
"Belgium_Antwerp":"Anvers",
"Belgium_East Flanders":"Flandra de Est",
"Belgium_Flemish Brabant":"Brabantul Flamand",
"Belgium_Hainaut":"Hainaut",
"Belgium_Liege":"Liège",
"Belgium_Limburg":"Limburg",
"Belgium_Luxembourg":"Luxemburg",
"Belgium_Namur":"Namur",
"Belgium_Walloon Brabant":"Brabantul Valon",
"Belgium_West Flanders":"Flandra de Vest",
"Belize":"Belize",
"Benin":"Benin",
"Bermuda":"Insulele Bermude",
"Bhutan":"Bhutan",
"Bolivia":"Bolivia",
"Bosnia and Herzegovina":"Bosnia și Herțegovina",
"Bosnia and Herzegovina_Brcko district of Bosnia and Herzegowina":"Districtul Brčko",
"Bosnia and Herzegovina_Entity Federation of Bosnia and Herzegovina":"Federația Bosniei și Herțegovinei",
"Bosnia and Herzegovina_Republic of Srpska":"Republika Srpska",
"Botswana":"Botswana",
"Brazil":"Brazilia",
"Brazil_Bahia":"Bahia",
"Brazil_Goias":"Goiás",
"Brazil_Mato Grosso":"Mato Grosso",
"Brazil_Mato Grosso Do Sul":"Mato Grosso do Sul",
"Brazil_North Region":"Regiunea de Nord, Brazilia",
"Brazil_Northeast Region":"Regiunea de Nord-Est",
"Brazil_Paraiba":"Paraíba",
"Brazil_Parana":"Paraná",
"Brazil_Rio Grande do Norte":"Rio Grande do Norte",
"Brazil_Santa Catarina":"Santa Catarina",
"Brazil_South Region":"Brazilia de Sud",
"Brazil_Southeast Region_Espirito Santo":"Espírito Santo",
"Brazil_Southeast Region_Minas Gerais_Contagem":"Minas Gerais — Contagem",
"Brazil_Southeast Region_Minas Gerais_North":"Minas Gerais — Nord",
"Brazil_Southeast Region_Rio de Janeiro":"Rio de Janeiro",
"Brazil_Southeast Region_Sao Paulo_Campinas":"São Paulo — Campinas",
"Brazil_Southeast Region_Sao Paulo_City":"São Paulo — Santos, São Paulo",
"Brazil_Southeast Region_Sao Paulo_West":"São Paulo — Ribeirão Preto",
"British Indian Ocean Territory":"Teritoriul Britanic din Oceanul Indian",
"British Virgin Islands":"Insulele Virgine Britanice",
"Brunei":"Brunei",
"Bulgaria":"Bulgaria",
"Burkina Faso":"Burkina Faso",
"Burundi":"Burundi",
"California":"California",
"Cambodia":"Cambodgia",
"Cameroon":"Camerun",
"Cameroon_Central":"Camerun — Centru",
"Cameroon_West":"Camerun — Vest",
"Campo de Hielo Sur":"Campo de Hielo Sur",
"Canada":"Canada",
"Canada_Alberta":"Alberta",
"Canada_Alberta_Edmonton":"Edmonton",
"Canada_Alberta_North":"Alberta — Nord",
"Canada_Alberta_South":"Alberta — Sud",
"Canada_British Columbia":"Columbia Britanică",
"Canada_British Columbia_Central":"Columbia Britanică — Centru",
"Canada_British Columbia_Far_North":"Columbia Britanică — Est",
"Canada_British Columbia_Islands":"Insula Vancouver",
"Canada_British Columbia_North":"Columbia Britanică — Vest",
"Canada_British Columbia_Northeast":"Columbia Britanică — Nord",
"Canada_British Columbia_Southeast":"Kelowna",
"Canada_British Columbia_Vancouver":"Vancouver",
"Canada_Labrador":"Labrador",
"Canada_Labrador_North":"Labrador - Nord",
"Canada_Labrador_South":"Labrador - Sud",
"Canada_Labrador_West":"Labrador - Vest",
"Canada_Manitoba":"Manitoba",
"Canada_Manitoba_Northeast":"Manitoba — Nord",
"Canada_Manitoba_Northwest":"Manitoba — Vest",
"Canada_Manitoba_South":"Brandon",
"Canada_Manitoba_Winnipeg":"Winnipeg",
"Canada_New Brunswick":"Noul Brunswick",
"Canada_Newfoundland":"Terranova",
"Canada_Newfoundland_East":"Terranova — Est",
"Canada_Newfoundland_North":"Terranova — Nord",
"Canada_Newfoundland_South":"Terranova — Sud",
"Canada_Newfoundland_West":"Terranova — Vest",
"Canada_Northwest Territories":"Teritoriile de Nordvest",
"Canada_Northwest Territories_East":"Teritoriile de Nordvest — Est",
"Canada_Northwest Territories_North":"Teritoriile de Nordvest — Nord",
"Canada_Northwest Territories_Yellowknife":"Yellowknife",
"Canada_Nova Scotia":"Noua Scoție",
"Canada_Nova Scotia_Halifax":"Halifax",
"Canada_Nova Scotia_Sydney":"Sydney",
"Canada_Nunavut":"Nunavut",
"Canada_Nunavut_North":"Nunavut — Nord",
"Canada_Nunavut_South":"Nunavut — Sud",
"Canada_Ontario":"Ontario",
"Canada_Ontario_Bame":"Barrie",
"Canada_Ontario_Kingston":"Kingston",
"Canada_Ontario_London":"Londra",
"Canada_Ontario_Northeastern_Central":"Timmins",
"Canada_Ontario_Northeastern_North":"Moose Factory",
"Canada_Ontario_Northeastern_S":"Greater Sudbury",
"Canada_Ontario_Northeastern_SE":"North Bay",
"Canada_Ontario_Northeastern_SW":"Sault Sainte Marie",
"Canada_Ontario_Northeastern_Wawa":"Wawa",
"Canada_Ontario_Northern":"Thunder Bay",
"Canada_Ontario_Northwestern":"Ontario — Nord",
"Canada_Ontario_Toronto":"Toronto",
"Canada_Prince Edward Island":"Insula Prințului Edward",
"Canada_Quebec":"Provincia Québec",
"Canada_Quebec_Quebec":"Québec",
"Canada_Quebek_Far North":"Provincia Québec — Nord",
"Canada_Quebek_Montreal":"Montréal",
"Canada_Quebek_North":"Sept-Îles",
"Canada_Quebek_Southeast_Rimouski":"Rimouski",
"Canada_Quebek_Southeast_Saguenay":"Saguenay",
"Canada_Quebek_West_Chibougamau":"Chibougamau",
"Canada_Quebek_West_Rouyn-Noranda":"Rouyn-Noranda",
"Canada_Saskatchewan":"Saskatchewan",
"Canada_Saskatchewan_North":"Saskatchewan — Nord",
"Canada_Saskatchewan_South":"Saskatchewan — Sud",
"Canada_Yukon":"Yukon",
"Canada_Yukon_North":"Yukon — Nord",
"Canada_Yukon_Whitehorse":"Whitehorse, Yukon",
"Cape Verde":"Republica Capului Verde",
"Caribees":"Antilele Mici",
"Caribisch Nederland":"Regatul Țărilor de Jos - regiunile insulare din Caraibe",
"Cayman Islands":"Insulele Cayman",
"Central African Republic":"Republica Centrafricană",
"Central Anatolia Region":"Regiunea Anatolia Centrală",
"Chad":"Ciad",
"Chile":"Chile",
"Chile_North":"Chile — Nord",
"Chile_South":"Chile — Sud",
"China_Anhui":"Anhui",
"China_Chongqing":"Chongqing",
"China_Fujian":"Fujian",
"China_Gansu":"Gansu",
"China_Guangdong":"Guangdong",
"China_Guangxi":"Guangxi",
"China_Guizhou":"Guizhou",
"China_Hebei":"Hebei",
"China_Heilongjiang":"Heilongjiang",
"China_Henan":"Henan",
"China_Hubei":"Hubei",
"China_Hunan":"Hunan",
"China_Inner Mongolia":"Mongolia Interioară",
"China_Jiangsu":"Jiangsu",
"China_Jiangxi":"Jiangxi",
"China_Jilin":"Jilin",
"China_Liaoning":"Liaoning",
"China_Ningxia Hui":"Ningxia",
"China_Qinghai":"Qinghai",
"China_Shaanxi":"Shaanxi",
"China_Shandong":"Shandong",
"China_Shanghai":"Shanghai",
"China_Shanxi":"Shanxi",
"China_Sichuan":"Sichuan",
"China_Tibet Autonomous Region":"Regiunea autonomă Tibet",
"China_Xinjiang":"Xinjiang",
"China_Yunnan":"Yunnan",
"China_Zhejiang":"Zhejiang",
"Colombia":"Columbia",
"Colombia_East":"Columbia — Est",
"Colombia_North":"Columbia — Nord",
"Colombia_West":"Columbia — Vest",
"Colorado":"Colorado",
"Comoros":"Comore",
"Congo-Brazzaville":"Republica Congo",
"Congo-Kinshasa":"Republica Democrată Congo",
"Cook Islands":"Insulele Cook",
"Costa Rica":"Costa Rica",
"Cote dIvoire":"Coasta de Fildeș",
"Crimea":"Crimeea",
"Croatia":"Croația",
"Cuba":"Cuba",
"Cyprus":"Cipru",
"Czech Republic":"Cehia",
"Czech_Jihovychod_Jihomoravsky kraj":"Regiunea Moravia de Sud",
"Czech_Jihovychod_Kraj Vysocina":"Regiunea Vysočina",
"Czech_Jihozapad_Jihocesky kraj":"Regiunea Boemia de Sud",
"Czech_Jihozapad_Plzensky kraj":"Regiunea Plzeň",
"Czech_Karlovasky kraj":"Regiunea Karlovy Vary",
"Czech_Moravskoslezsko":"Regiunea Moravia-Silezia",
"Czech_Olomoucky kraj":"Regiunea Olomouc",
"Czech_Praha":"Praga",
"Czech_Severovychod_Kralovehradecky kraj":"Regiunea Hradec Králové",
"Czech_Severovychod_Liberecky kraj":"Regiunea Liberec",
"Czech_Severovychod_Pardubicky kraj":"Regiunea Pardubice",
"Czech_Stredni Cechy_East":"Regiunea Boemia Centrală — Est",
"Czech_Stredni Cechy_West":"Regiunea Boemia Centrală — Vest",
"Czech_Ustecky kraj":"Regiunea Ústí nad Labem",
"Czech_Zlinsky Kraj":"Regiunea Zlín",
"Denmark":"Danemarca",
"Denmark_Capital Region of Denmark":"Regiunea Hovedstaden",
"Denmark_Central Denmark Region":"Regiunea Midtjylland",
"Denmark_North Denmark Region":"Regiunea Nordjylland",
"Denmark_Region Zealand":"Regiunea Sjælland",
"Denmark_Region of Southern Denmark":"Regiunea Syddanmark",
"Djibouti":"Djibouti",
"Dominica":"Dominica",
"Dominican Republic":"Republica Dominicană",
"East Timor":"Timorul de Est",
"Ecuador":"Ecuador",
"Egypt":"Egipt",
"El Salvador":"El Salvador",
"Equatorial Guinea":"Guineea Ecuatorială",
"Eritrea":"Eritreea",
"Estonia":"Estonia",
"Estonia_East":"Estonia — Est",
"Estonia_West":"Estonia — Vest",
"Ethiopia":"Etiopia",
"Falkland Islands":"Insulele Falkland",
"Faroe Islands":"Insulele Feroe",
"Federated States of Micronesia":"Micronezia",
"Fiji":"Fiji",
"Finland":"Finlanda",
"Finland_Eastern Finland":"Finlanda de Est",
"Finland_Northern Finland":"Finlanda de Nord",
"Finland_Southern Finland_Helsinki":"Finlanda de Sud — Helsinki",
"Finland_Southern Finland_Lappeenranta":"Finlanda de Sud — Lappeenranta",
"Finland_Southern Finland_West":"Finlanda Propriu-Zisă",
"Finland_Western Finland":"Finlanda de Vest",
"Florida":"Florida",
"France":"Franța",
"France_Alsace":"Alsacia",
"France_Alsace_Bas-Rhin":"Bas-Rhin",
"France_Alsace_Haut-Rhin":"Haut-Rhin",
"France_Aquitaine":"Aquitania",
"France_Aquitaine_Dordogne":"Dordogne",
"France_Aquitaine_Gironde":"Gironde",
"France_Aquitaine_Landes":"Landes",
"France_Aquitaine_Lot-et-Garonne":"Lot-et-Garonne",
"France_Aquitaine_Pyrenees-Atlantiques":"Pyrénées-Atlantiques",
"France_Auvergne":"Auvergne",
"France_Auvergne_Allier":"Allier",
"France_Auvergne_Cantal":"Cantal",
"France_Auvergne_Haute-Loire":"Haute-Loire",
"France_Auvergne_Puy-de-Dome":"Puy-de-Dôme",
"France_Brittany":"Bretania",
"France_Brittany_Cotes-dArmor":"Côtes-d'Armor",
"France_Brittany_Finistere":"Finistère",
"France_Brittany_Ille-et-Vilaine":"Ille-et-Vilaine",
"France_Brittany_Morbihan":"Morbihan",
"France_Burgundy":"Burgundia",
"France_Burgundy_Cote-dOr":"Côte-d'Or",
"France_Burgundy_Nievre":"Nièvre",
"France_Burgundy_Saone-et-Loire":"Saône-et-Loire",
"France_Burgundy_Yonne":"Yonne",
"France_Centre-Val de Loire":"Centru",
"France_Centre-Val de Loire_Cher":"Cher",
"France_Centre-Val de Loire_Eure-et-Loir":"Eure-et-Loir",
"France_Centre-Val de Loire_Indre":"Indre",
"France_Centre-Val de Loire_Indre-et-Loire":"Indre-et-Loire",
"France_Centre-Val de Loire_Loir-et-Cher":"Loir-et-Cher",
"France_Centre-Val de Loire_Loiret":"Loiret",
"France_Champagne-Ardenne":"Champagne-Ardenne",
"France_Corsica":"Corsica",
"France_Free County":"Franche-Comté",
"France_French Guiana":"Guyana Franceză",
"France_Ile-de-France":"Île-de-France",
"France_Ile-de-France_Essonne":"Essonne",
"France_Ile-de-France_Hauts-de-Seine":"Hauts-de-Seine",
"France_Ile-de-France_Paris":"Paris",
"France_Ile-de-France_Seine-Saint-Denis":"Seine-Saint-Denis",
"France_Ile-de-France_Seine-et-Marne":"Seine-et-Marne",
"France_Ile-de-France_Val-dOise":"Val-d'Oise",
"France_Ile-de-France_Val-de-Marne":"Val-de-Marne",
"France_Ile-de-France_Yvelines":"Yvelines",
"France_Languedoc-Roussillon":"Languedoc-Roussillon",
"France_Languedoc-Roussillon_Aude":"Aude",
"France_Languedoc-Roussillon_Gard":"Gard",
"France_Languedoc-Roussillon_Herault":"Hérault",
"France_Languedoc-Roussillon_Lozere":"Lozère",
"France_Languedoc-Roussillon_Pyrenees-Orientales":"Pyrénées-Orientales",
"France_Limousin":"Limousin",
"France_Lorraine":"Lorena",
"France_Lorraine_Meurthe-et-Moselle":"Meurthe-et-Moselle",
"France_Lorraine_Meuse":"Meuse",
"France_Lorraine_Moselle":"Moselle",
"France_Lorraine_Vosges":"Vosges",
"France_Lower Normandy":"Normandia de Jos",
"France_Lower Normandy_Calvados":"Calvados",
"France_Lower Normandy_Manche":"Manche",
"France_Lower Normandy_Orne":"Orne",
"France_Midi-Pyrenees":"Midi-Pirinei",
"France_Midi-Pyrenees_Ariege":"Ariège",
"France_Midi-Pyrenees_Aveyron":"Aveyron",
"France_Midi-Pyrenees_Gers":"Gers",
"France_Midi-Pyrenees_Haute-Garonne":"Haute-Garonne",
"France_Midi-Pyrenees_Hautes-Pyrenees":"Hautes-Pyrénées",
"France_Midi-Pyrenees_Lot":"Lot",
"France_Midi-Pyrenees_Tarn":"Tarn",
"France_Midi-Pyrenees_Tarn-et-Garonne":"Tarn-et-Garonne",
"France_New Caledonia":"Noua Caledonie",
"France_Nord-Pas-de-Calais":"Nord-Pas-de-Calais",
"France_Nord-Pas-de-Calais_Lille":"Lille",
"France_Nord-Pas-de-Calais_Nord":"Nord",
"France_Nord-Pas-de-Calais_Pas-de-Calais":"Pas-de-Calais",
"France_Pays de la Loire":"Pays de la Loire",
"France_Pays de la Loire_Loire-Atlantique":"Loire-Atlantique",
"France_Pays de la Loire_Maine-et-Loire":"Maine-et-Loire",
"France_Pays de la Loire_Mayenne":"Mayenne",
"France_Pays de la Loire_Sarthe":"Sarthe",
"France_Pays de la Loire_Vendee":"Vendée",
"France_Picardy":"Picardia",
"France_Picardy_Aisne":"Aisne",
"France_Picardy_Oise":"Oise",
"France_Picardy_Somme":"Somme",
"France_Poitou-Charentes":"Poitou-Charentes",
"France_Poitou-Charentes_Charente":"Charente",
"France_Poitou-Charentes_Charente-Maritime":"Charente-Maritime",
"France_Poitou-Charentes_Deux-Sevres":"Deux-Sèvres",
"France_Poitou-Charentes_Vienne":"Vienne",
"France_Provence-Alpes-Cote dAzur":"Provența-Alpi-Coasta de Azur",
"France_Provence-Alpes-Cote dAzur_Alpes-de-Haute-Provence":"Alpes-de-Haute-Provence",
"France_Provence-Alpes-Cote dAzur_Bouches-du-Rhone":"Bouches-du-Rhône",
"France_Provence-Alpes-Cote dAzur_Hautes-Alpes":"Hautes-Alpes",
"France_Provence-Alpes-Cote dAzur_Maritime Alps":"Alpes-Maritimes",
"France_Provence-Alpes-Cote dAzur_Var":"Var",
"France_Provence-Alpes-Cote dAzur_Vaucluse":"Vaucluse",
"France_Rhone-Alpes":"Ron-Alpi",
"France_Rhone-Alpes_Ain":"Ain",
"France_Rhone-Alpes_Ardeche":"Ardèche",
"France_Rhone-Alpes_Drome":"Drôme",
"France_Rhone-Alpes_Haute-Savoie":"Haute-Savoie",
"France_Rhone-Alpes_Isere":"Isère",
"France_Rhone-Alpes_Loire":"Loire",
"France_Rhone-Alpes_Rhone":"Rhône",
"France_Rhone-Alpes_Savoie":"Savoie",
"France_Southern Islands":"Teritoriile australe și antarctice franceze",
"France_Upper Normandy":"Normandia de Sus",
"French Polynesia":"Polinezia Franceză",
"Gabon":"Gabon",
"Georgia":"Georgia",
"Germany":"Germania",
"Germany_Baden-Wurttemberg":"Baden-Württemberg",
"Germany_Baden-Wurttemberg_Regierungsbezirk Freiburg":"Freiburg im Breisgau",
"Germany_Baden-Wurttemberg_Regierungsbezirk Karlsruhe":"Regiunea administrativă Karlsruhe",
"Germany_Baden-Wurttemberg_Regierungsbezirk Stuttgart_Heilbronn":"Regiunea administrativă Stuttgart — Heilbronn",
"Germany_Baden-Wurttemberg_Regierungsbezirk Stuttgart_Stuttgart":"Regiunea administrativă Stuttgart — Stuttgart",
"Germany_Baden-Wurttemberg_Regierungsbezirk Tubingen":"Regiunea administrativă Tübingen",
"Germany_Berlin":"Berlin",
"Germany_Brandenburg_North":"Brandenburg — Nord",
"Germany_Brandenburg_South":"Brandenburg — Sud",
"Germany_Free State of Bavaria":"Bavaria",
"Germany_Free State of Bavaria_Lower Bavaria":"Niederbayern",
"Germany_Free State of Bavaria_Lower Franconia":"Franconia Inferioară",
"Germany_Free State of Bavaria_Middle Franconia":"Franconia Mijlocie",
"Germany_Free State of Bavaria_Swabia":"Suabia",
"Germany_Free State of Bavaria_Upper Bavaria_East":"Oberbayern — Est",
"Germany_Free State of Bavaria_Upper Bavaria_Ingolstadt":"Oberbayern — Ingolstadt",
"Germany_Free State of Bavaria_Upper Bavaria_Munchen":"Oberbayern — München",
"Germany_Free State of Bavaria_Upper Franconia":"Franconia Superioară",
"Germany_Free State of Bavaria_Upper Palatinate":"Palatinatul Superior",
"Germany_Hamburg_main":"Hamburg",
"Germany_Hesse":"Hessa",
"Germany_Hesse_Regierungsbezirk Darmstadt":"Darmstadt",
"Germany_Hesse_Regierungsbezirk Giessen":"Gießen",
"Germany_Hesse_Regierungsbezirk Kassel":"Kassel",
"Germany_Lower Saxony":"Saxonia Inferioară",
"Germany_Lower Saxony_Bremen_Bremen":"Brema",
"Germany_Lower Saxony_Bremen_Munster":"Lüneburg",
"Germany_Lower Saxony_Hannover":"Hanovra",
"Germany_Lower Saxony_Oldenburg":"Oldenburg",
"Germany_Mecklenburg-Vorpommern":"Mecklenburg - Pomerania Inferioară",
"Germany_North Rhine-Westphalia":"Renania de Nord-Westfalia",
"Germany_North Rhine-Westphalia_Regierungsbezirk Arnsberg_Arnsberg":"Arnsberg — Arnsberg",
"Germany_North Rhine-Westphalia_Regierungsbezirk Arnsberg_Dortmund":"Arnsberg — Dortmund",
"Germany_North Rhine-Westphalia_Regierungsbezirk Detmold":"Detmold",
"Germany_North Rhine-Westphalia_Regierungsbezirk Dusseldorf_Dusseldorf":"Düsseldorf — Düsseldorf",
"Germany_North Rhine-Westphalia_Regierungsbezirk Dusseldorf_Mulheim":"Düsseldorf — Mülheim an der Ruhr",
"Germany_North Rhine-Westphalia_Regierungsbezirk Dusseldorf_Wesel":"Düsseldorf — Wesel",
"Germany_North Rhine-Westphalia_Regierungsbezirk Koln_Aachen":"Köln — Aachen",
"Germany_North Rhine-Westphalia_Regierungsbezirk Koln_Koln":"Köln — Köln",
"Germany_North Rhine-Westphalia_Regierungsbezirk Munster_Munster":"Münster — Münster",
"Germany_North Rhine-Westphalia_Regierungsbezirk Munster_Recklinghausen":"Münster — Recklinghausen",
"Germany_Rhineland-Palatinate_Koblenz":"Renania-Palatinat — Koblenz",
"Germany_Rhineland-Palatinate_South":"Renania-Palatinat — Mainz",
"Germany_Saarland":"Saarland",
"Germany_Saxony-Anhalt":"Saxonia-Anhalt",
"Germany_Saxony_Dresden":"Saxonia — Dresda",
"Germany_Saxony_Leipzig":"Saxonia — Leipzig",
"Germany_Schleswig-Holstein":"Schleswig-Holstein",
"Germany_Thuringia":"Turingia",
"Ghana":"Ghana",
"Gibraltar":"Gibraltar",
"Greece":"Grecia",
"Greece_Decentralized Administration of Aegean":"Regiunea Egeea",
"Greece_Decentralized Administration of Attica":"Regiunea Atica",
"Greece_Decentralized Administration of Crete":"Regiunea Creta",
"Greece_Decentralized Administration of Epirus - Western Macedonia":"Regiunea Epirul și Macedonia de Vest",
"Greece_Decentralized Administration of Macedonia and Thrace":"Regiunea Macedonia și Tracia",
"Greece_Decentralized Administration of Thessaly - Central Greece":"Regiunea Tesalia și Grecia Centrală",
"Greece_Decentralized Administration of West Greece":"Regiunea Peloponesul",
"Greenland":"Groenlanda",
"Grenada":"Grenada",
"Guadeloupe":"Guadelupa",
"Guatemala":"Guatemala",
"Guernsey":"Guernsey",
"Guinea":"Guineea",
"Guinea-Bissau":"Guineea-Bissau",
"Guyana":"Guyana",
"Haiti":"Haiti",
"Honduras":"Honduras",
"Hungary":"Ungaria",
"Hungary_Kozep-Magyarorszag":"Ungaria Centrală",
"Hungary_Northern Great Plain":"Ungaria — Est",
"Hungary_Transdanubia":"Ungaria — Vest",
"Iceland":"Islanda",
"Illinois":"Illinois",
"India":"India",
"India_Andaman and Nicobar Islands":"Insulele Andaman și Nicobar",
"India_Andhra Pradesh":"Andhra Pradesh",
"India_Arunachal Pradesh":"Arunachal Pradesh",
"India_Assam":"Assam",
"India_Bihar":"Bihar",
"India_Chandigarh":"Chandigarh",
"India_Chhattisgarh":"Chhattisgarh",
"India_Delhi":"Delhi",
"India_Goa":"Goa",
"India_Gujarat":"Gujarat",
"India_Haryana":"Haryana",
"India_Himachal Pradesh":"Himachal Pradesh",
"India_Jammu and Kashmir":"Jammu și Cașmir",
"India_Jharkhand":"Jharkhand",
"India_Karnataka":"Karnataka",
"India_Kerala":"Kerala",
"India_Lakshadweep":"Lakshadweep",
"India_Madhya Pradesh":"Madhya Pradesh",
"India_Maharashtra":"Maharashtra",
"India_Manipur":"Manipur",
"India_Meghalaya":"Meghalaya",
"India_Mizoram":"Mizoram",
"India_Nagaland":"Nagaland",
"India_Odisha":"Orissa",
"India_Punjab":"Punjab",
"India_Rajasthan":"Rajasthan",
"India_Sikkim":"Sikkim",
"India_Tamil Nadu":"Tamil Nadu",
"India_Telangana":"Telangana",
"India_Tripura":"Tripura",
"India_Uttar Pradesh":"Uttar Pradesh",
"India_Uttarakhand":"Uttarakhand",
"India_West Bengal":"Bengalul de Vest",
"Indiana":"Indiana",
"Indonesia":"Indonezia",
"Indonesia_Central":"Sulawesi, Kalimantan",
"Indonesia_East":"Indonezia — Est",
"Indonesia_Jawa Barat":"Provincia Java de Vest",
"Indonesia_Jawa Tengah":"Provincia Java Centrală",
"Indonesia_Jawa Timur":"Provincia Java de Est",
"Indonesia_Nusa Tenggara":"Insulele Lesser Sunda",
"Indonesia_West":"Sumatra",
"Iowa":"Iowa",
"Iran":"Iran",
"Iran_North":"Iran — Nord",
"Iran_South":"Iran — Sud",
"Iraq":"Irak",
"Ireland":"Irlanda",
"Ireland_Connacht":"Connacht",
"Ireland_Leinster":"Leinster",
"Ireland_Munster":"Munster",
"Ireland_Northern Counties":"Ulster",
"Isle of Man":"Insula Man",
"Israel":"Israel",
"Israel Region":"Israel",
"Italy":"Italia",
"Italy_Abruzzo":"Abruzzo",
"Italy_Aosta Valley":"Valle d'Aosta",
"Italy_Apulia":"Apulia",
"Italy_Basilicata":"Basilicata",
"Italy_Calabria":"Calabria",
"Italy_Campania":"Campania",
"Italy_Emilia":"Emilia-Romagna",
"Italy_Emilia-Romagna_Bologna":"Provincia Bologna",
"Italy_Emilia-Romagna_Ferrara":"Provincia Ferrara",
"Italy_Emilia-Romagna_Forli-Cesena":"Provincia Forlì-Cesena",
"Italy_Emilia-Romagna_Modena":"Provincia Modena",
"Italy_Emilia-Romagna_Parma":"Provincia Parma",
"Italy_Emilia-Romagna_Piacenza":"Provincia Piacenza",
"Italy_Emilia-Romagna_Ravenna":"Provincia Ravenna",
"Italy_Emilia-Romagna_Reggio Emilia":"Provincia Reggio Emilia",
"Italy_Emilia-Romagna_Rimini":"Provincia Rimini",
"Italy_Friuli":"Friuli-Veneția Giulia",
"Italy_Friuli-Venezia Giulia_Gorizia":"Provincia Gorizia",
"Italy_Friuli-Venezia Giulia_Pordenone":"Provincia Pordenone",
"Italy_Friuli-Venezia Giulia_Trieste":"Provincia Trieste",
"Italy_Friuli-Venezia Giulia_Udine":"Provincia Udine",
"Italy_Lazio":"Lazio",
"Italy_Liguria":"Liguria",
"Italy_Lombardy":"Lombardia",
"Italy_Lombardy_Bergamo":"Provincia Bergamo",
"Italy_Lombardy_Brescia":"Provincia Brescia",
"Italy_Lombardy_Como":"Provincia Como",
"Italy_Lombardy_Cremona":"Provincia Cremona",
"Italy_Lombardy_Lecco":"Provincia Lecco",
"Italy_Lombardy_Lodi":"Provincia Lodi",
"Italy_Lombardy_Mantua":"Provincia Mantova",
"Italy_Lombardy_Milan":"Provincia Milano",
"Italy_Lombardy_Monza and Brianza":"Provincia Monza-Brianza",
"Italy_Lombardy_Pavia":"Provincia Pavia",
"Italy_Lombardy_Sondrio":"Provincia Sondrio",
"Italy_Lombardy_Varese":"Provincia Varese",
"Italy_Marche":"Marche",
"Italy_Molise":"Molise",
"Italy_Piemont":"Piemont",
"Italy_Piemont_Alessandria":"Provincia Alessandria",
"Italy_Piemont_Asti":"Provincia Asti",
"Italy_Piemont_Biella":"Provincia Biella",
"Italy_Piemont_Cuneo":"Provincia Cuneo",
"Italy_Piemont_Novara":"Provincia Novara",
"Italy_Piemont_Torino":"Provincia Torino",
"Italy_Piemont_Verbano-Cusio-Ossola":"Provincia Verbano-Cusio-Ossola",
"Italy_Piemont_Vercelli":"Provincia Vercelli",
"Italy_Sardinia":"Sardinia",
"Italy_Sicily":"Sicilia",
"Italy_Trentino-Alto Adige Sudtirol":"Trentino-Tirolul de Sud",
"Italy_Tuscany_Grosseto":"Toscana — Provincia Grosseto",
"Italy_Tuscany_Massa e Carrara":"Toscana — Provincia Massa-Carrara",
"Italy_Umbria":"Umbria",
"Italy_Veneto":"Veneto",
"Italy_Veneto_Belluno":"Provincia Belluno",
"Italy_Veneto_Padova":"Provincia Padova",
"Italy_Veneto_Rovigo":"Provincia Rovigo",
"Italy_Veneto_Treviso":"Provincia Treviso",
"Italy_Veneto_Venezia":"Provincia Veneția",
"Italy_Veneto_Verona":"Provincia Verona",
"Italy_Veneto_Vicenza":"Provincia Vicenza",
"Jamaica":"Jamaica",
"Japan":"Japonia",
"Japan_Chubu Region":"Regiunea Chūbu",
"Japan_Chubu Region_Aichi":"Prefectura Aichi",
"Japan_Chubu Region_Fukui":"Prefectura Fukui",
"Japan_Chubu Region_Gifu":"Prefectura Gifu",
"Japan_Chubu Region_Ishikawa":"Prefectura Ishikawa",
"Japan_Chubu Region_Nagano":"Prefectura Nagano",
"Japan_Chubu Region_Niigata":"Prefectura Niigata",
"Japan_Chubu Region_Shizuoka":"Prefectura Shizuoka",
"Japan_Chubu Region_Toyama":"Prefectura Toyama",
"Japan_Chubu Region_Yamanashi":"Prefectura Yamanashi",
"Japan_Chugoku Region":"Regiunea Chūgoku",
"Japan_Chugoku Region_Hiroshima":"Prefectura Hiroshima",
"Japan_Chugoku Region_Okayama":"Prefectura Okayama",
"Japan_Chugoku Region_Shimane":"Prefectura Shimane",
"Japan_Chugoku Region_Tottori":"Prefectura Tottori",
"Japan_Chugoku Region_Yamaguchi":"Prefectura Yamaguchi",
"Japan_Hokkaido Region":"Insula Hokkaidō",
"Japan_Hokkaido Region_East":"Insula Hokkaidō — Est",
"Japan_Hokkaido Region_North":"Insula Hokkaidō — Nord",
"Japan_Hokkaido Region_West":"Insula Hokkaidō — Vest",
"Japan_Kanto":"Regiunea Kantō",
"Japan_Kanto_Chiba":"Prefectura Chiba",
"Japan_Kanto_Gunma":"Prefectura Gunma",
"Japan_Kanto_Ibaraki":"Prefectura Ibaraki",
"Japan_Kanto_Kanagawa":"Prefectura Kanagawa",
"Japan_Kanto_Saitama":"Prefectura Saitama",
"Japan_Kanto_Tochigi":"Prefectura Tochigi",
"Japan_Kanto_Tokyo":"Tokio",
"Japan_Kinki Region":"Regiunea Kansai",
"Japan_Kinki Region_Mie":"Prefectura Mie",
"Japan_Kinki Region_Nara":"Prefectura Nara",
"Japan_Kinki Region_Osaka":"Prefectura Osaka",
"Japan_Kinki Region_Wakayama":"Prefectura Wakayama",
"Japan_Kyushu Region":"Kyūshū",
"Japan_Kyushu Region_Fukuoka":"Prefectura Fukuoka",
"Japan_Kyushu Region_Kagoshima":"Prefectura Kagoshima",
"Japan_Kyushu Region_Kumamoto":"Prefectura Kumamoto",
"Japan_Kyushu Region_Miyazaki":"Prefectura Miyazaki",
"Japan_Kyushu Region_Nagasaki":"Prefectura Nagasaki",
"Japan_Kyushu Region_Oita":"Prefectura Ōita",
"Japan_Kyushu Region_Okinawa":"Prefectura Okinawa",
"Japan_Kyushu Region_Saga":"Prefectura Saga",
"Japan_Shikoku Region":"Shikoku",
"Japan_Shikoku Region_Ehime":"Prefectura Ehime",
"Japan_Shikoku Region_Kagawa":"Prefectura Kagawa",
"Japan_Shikoku Region_Kochi":"Prefectura Kōchi",
"Japan_Shikoku Region_Kyoto":"Prefectura Kyoto",
"Japan_Shikoku Region_Tokushima":"Prefectura Tokushima",
"Japan_Tohoku":"Regiunea Tōhoku",
"Japan_Tohoku_Akita":"Prefectura Akita",
"Japan_Tohoku_Aomori":"Prefectura Aomori",
"Japan_Tohoku_Fukushima":"Prefectura Fukushima",
"Japan_Tohoku_Iwate":"Prefectura Iwate",
"Japan_Tohoku_Miyagi":"Prefectura Miyagi",
"Japan_Tohoku_Yamagata":"Prefectura Yamagata",
"Jersey":"Insula Jersey",
"Jerusalem":"Ierusalim",
"Jordan":"Iordania",
"Kansas":"Kansas",
"Kazakhstan":"Kazahstan",
"Kentucky":"Kentucky",
"Kenya":"Kenya",
"Kingdom of Lesotho":"Lesotho",
"Kiribati":"Kiribati",
"Kuwait":"Kuweit",
"Kyrgyzstan":"Kirghiztan",
"Laos":"Laos",
"Latvia":"Letonia",
"Lebanon":"Liban",
"Liberia":"Liberia",
"Libya":"Libia",
"Liechtenstein":"Liechtenstein",
"Lithuania":"Lituania",
"Louisiana":"Louisiana",
"Luxembourg":"Luxemburg",
"Macedonia":"Republica Macedonia",
"Madagascar":"Madagascar",
"Malawi":"Malawi",
"Malaysia":"Malaezia",
"Maldives":"Maldive",
"Mali":"Mali",
"Malta":"Malta",
"Marshall Islands":"Insulele Marshall",
"Martinique":"Martinica",
"Maryland":"Maryland",
"Massachusetts":"Massachusetts",
"Mauritania":"Mauritania",
"Mauritius":"Mauritius",
"Mexico":"Mexic",
"Mexico_California":"Baja California",
"Mexico_Central_East":"Nuevo León",
"Mexico_Central_West":"Nayarit",
"Mexico_East":"Mexic — Est",
"Mexico_Mexico":"Ciudad de México",
"Mexico_North":"Mexic — Nord",
"Mexico_South":"Mexic — Sud",
"Michigan":"Michigan",
"Minnesota":"Minnesota",
"Missouri":"Missouri",
"Moldova":"Republica Moldova",
"Monaco":"Monaco",
"Mongolia":"Mongolia",
"Montenegro":"Muntenegru",
"Montserrat":"Montserrat",
"Morocco":"Maroc",
"Morocco_Doukkala-Abda":"Regiunea Doukkala-Abda",
"Morocco_Rabat-Sale-Zemmour-Zaer":"Regiunea Rabat-Salé-Zemmour-Zaer",
"Morocco_Southern":"Maroc — Sud",
"Morocco_Western Sahara":"Sahara Occidentală",
"Mozambique":"Mozambic",
"Myanmar":"Birmania",
"Nagorno-Karabakh":"Nagorno-Karabah",
"Namibia":"Namibia",
"Nauru":"Nauru",
"Nepal":"Nepal",
"Nepal_East":"Nepal — Est",
"Nepal_West":"Nepal — Vest",
"Netherlands":"Olanda",
"Netherlands_Drenthe":"Drenthe",
"Netherlands_Flevoland":"Flevoland",
"Netherlands_Friesland":"Provincia Frizia",
"Netherlands_Gelderland_Nijmegen":"Gelderland — Nijmegen",
"Netherlands_Gelderland_North":"Gelderland — Apeldoorn",
"Netherlands_Gelderland_Zutphen":"Gelderland — Zutphen",
"Netherlands_Groningen":"Groningen",
"Netherlands_Limburg":"Limburg",
"Netherlands_North Brabant_Eindhoven":"Brabantul de Nord — Eindhoven",
"Netherlands_North Brabant_Roosendaal":"Brabantul de Nord — Roosendaal",
"Netherlands_North Brabant_Tiburg":"Brabantul de Nord — Tilburg",
"Netherlands_North Brabant_Uden":"Brabantul de Nord — Uden",
"Netherlands_North Holland_Alkmaar":"Olanda de Nord — Alkmaar",
"Netherlands_North Holland_Amsterdam":"Olanda de Nord — Amsterdam",
"Netherlands_North Holland_Zaandam":"Olanda de Nord — Zaanstad",
"Netherlands_Overijssel_Enschede":"Overijssel — Enschede",
"Netherlands_Overijssel_Zwolle":"Overijssel — Zwolle",
"Netherlands_South Holland_Brielle":"Olanda de Sud — Brielle",
"Netherlands_South Holland_Den Haag":"Olanda de Sud — Haga",
"Netherlands_South Holland_Leiden":"Olanda de Sud — Leiden",
"Netherlands_South Holland_Rotterdam":"Olanda de Sud — Rotterdam",
"Netherlands_Utrecht_Amersfoort":"Utrecht — Amersfoort",
"Netherlands_Utrecht_Utrecht":"Utrecht — Utrecht",
"Netherlands_Zeeland":"Zeelanda",
"New Jersey":"New Jersey",
"New York":"New York",
"New Zealand":"Noua Zeelandă",
"New Zealand North_Auckland":"Nord — Auckland",
"New Zealand North_Wellington":"Nord — Wellington",
"New Zealand South_Canterbury":"Regiunea Canterbury - Sud",
"New Zealand South_Southland":"Regiunea Southland - Sud",
"Nicaragua":"Nicaragua",
"Niger":"Niger",
"Nigeria":"Nigeria",
"Niue":"Niue",
"North Carolina":"Carolina de Nord",
"North Dakota":"Dakota de Nord",
"North Korea":"Coreea de Nord",
"Norway":"Norvegia",
"Norway_Bouvet Island":"Insula Bouvet",
"Norway_Central":"Oslo",
"Norway_Hedmark":"Hedmark",
"Norway_Jan Mayen":"Insula Jan Mayen",
"Norway_Northern":"Nord-Norge",
"Norway_Oppland":"Oppland",
"Norway_Southern":"Sørlandet",
"Norway_Svalbard":"Svalbard",
"Norway_Trondelag":"Trøndelag",
"Norway_Western":"Vestlandet",
"Ohio":"Ohio",
"Oklahoma":"Oklahoma",
"Oman":"Oman",
"Oregon":"Oregon",
"Pakistan":"Pakistan",
"Palau":"Palau",
"Palestine":"Statul Palestina",
"Palestine Region":"Statul Palestina",
"Panama":"Panama",
"Papua New Guinea":"Papua Noua Guinee",
"Paraguay":"Paraguay",
"Pennsylvania":"Pennsylvania",
"People's Republic of China":"Republica Populară Chineză",
"Peru":"Peru",
"Peru_North":"Peru — Nord",
"Peru_South":"Peru — Sud",
"Philippines":"Filipine",
"Philippines_Luzon_Manila":"Metro Manila",
"Philippines_Luzon_North":"Luzon — Nord",
"Philippines_Luzon_South":"Luzon — Sud",
"Philippines_Mindanao":"Mindanao",
"Philippines_Visayas":"Visayas",
"Pitcairn Islands":"Insulele Pitcairn",
"Poland":"Polonia",
"Poland_Greater Poland Voivodeship":"Voievodatul Polonia Mare",
"Poland_Kuyavian-Pomeranian Voivodeship":"Voievodatul Cuiavia și Pomerania",
"Poland_Lesser Poland Voivodeship":"Voievodatul Polonia Mică",
"Poland_Lodz Voivodeship":"Voievodatul Łódź",
"Poland_Lower Silesian Voivodeship":"Voievodatul Silezia Inferioară",
"Poland_Lublin Voivodeship":"Voievodatul Lublin",
"Poland_Lubusz Voivodeship":"Voievodatul Lubusz",
"Poland_Masovian Voivodeship":"Voievodatul Mazovia",
"Poland_Opole Voivodeship":"Voievodatul Opole",
"Poland_Podlaskie Voivodeship":"Voievodatul Podlasia",
"Poland_Pomeranian Voivodeship":"Voievodatul Pomerania",
"Poland_Silesian Voivodeship":"Voievodatul Silezia",
"Poland_Subcarpathian Voivodeship":"Voievodatul Subcarpatia",
"Poland_Swietokrzyskie Voivodeship":"Voievodatul Sfintei Cruci",
"Poland_Warmian-Masurian Voivodeship":"Voievodatul Varmia și Mazuria",
"Poland_West Pomeranian Voivodeship":"Voievodatul Pomerania Occidentală",
"Portugal":"Portugalia",
"Portugal_North":"Portugalia — Nord",
"Portugal_South":"Portugalia — Sud",
"Qatar":"Qatar",
"Republic of Kosovo":"Kosovo",
"Romania":"România",
"Romania_Centre":"Regiunea de dezvoltare Centru",
"Romania_North_East":"Regiunea de dezvoltare Nord-Est",
"Romania_North_West":"Regiunea de dezvoltare Nord-Vest",
"Romania_South":"Regiunea de dezvoltare Sud",
"Romania_South_East":"Regiunea de dezvoltare Sud-Est",
"Romania_South_West":"Regiunea de dezvoltare Sud-Vest",
"Romania_West":"Regiunea de dezvoltare Vest",
"Russia_Altai Krai":"Ținutul Altai",
"Russia_Altai Republic":"Republica Altai",
"Russia_Amur Oblast":"Regiunea Amur",
"Russia_Arkhangelsk Oblast_Central":"Regiunea Arhanghelsk — Centru",
"Russia_Arkhangelsk Oblast_North":"Regiunea Arhanghelsk — Nord",
"Russia_Astrakhan Oblast":"Regiunea Astrahan",
"Russia_Bashkortostan":"Bașchiria",
"Russia_Belgorod Oblast":"Regiunea Belgorod",
"Russia_Bryansk Oblast":"Regiunea Briansk",
"Russia_Buryatia":"Buriația",
"Russia_Chechen Republic":"Cecenia",
"Russia_Chelyabinsk Oblast":"Regiunea Celiabinsk",
"Russia_Chukotka Autonomous Okrug":"Districtul autonom Ciukotka",
"Russia_Chuvashia":"Ciuvașia",
"Russia_Ingushetia":"Ingușetia",
"Russia_Irkutsk Oblast":"Regiunea Irkutsk",
"Russia_Ivanovo Oblast":"Regiunea Ivanovo",
"Russia_Jewish Autonomous Oblast":"Regiunea Autonomă Evreiască",
"Russia_Kabardino-Balkaria":"Cabardino-Balcaria",
"Russia_Kaliningrad Oblast":"Regiunea Kaliningrad",
"Russia_Kaluga Oblast":"Regiunea Kaluga",
"Russia_Kamchatka Krai":"Ținutul Kamceatka",
"Russia_Karachay-Cherkessia":"Karaciai-Cerchezia",
"Russia_Kemerov Oblast":"Regiunea Kemerovo",
"Russia_Khabarovsk Krai":"Ținutul Habarovsk",
"Russia_Khakassia":"Hacasia",
"Russia_Kirov Oblast":"Regiunea Kirov",
"Russia_Komi Republic":"Republica Komi",
"Russia_Kostroma Oblast":"Regiunea Kostroma",
"Russia_Krasnodar Krai":"Ținutul Krasnodar — Nord",
"Russia_Krasnodar Krai_Adygeya":"Ținutul Krasnodar, Adîgheia",
"Russia_Krasnoyarsk Krai":"Ținutul Krasnoiarsk",
"Russia_Kurgan Oblast":"Regiunea Kurgan",
"Russia_Kursk Oblast":"Regiunea Kursk",
"Russia_Leningradskaya Oblast_Karelsky":"Regiunea Leningrad — Nord",
"Russia_Leningradskaya Oblast_Southeast":"Regiunea Leningrad — Sud",
"Russia_Lipetsk Oblast":"Regiunea Lipețk",
"Russia_Magadan Oblast":"Regiunea Magadan",
"Russia_Mari El":"Mari El",
"Russia_Moscow":"Moscova",
"Russia_Moscow Oblast":"Regiunea Moscova",
"Russia_Murmansk Oblast":"Regiunea Murmansk",
"Russia_Nenets Autonomous Okrug":"Districtul autonom Neneția",
"Russia_Nizhny Novgorod Oblast":"Regiunea Nijni Novgorod",
"Russia_North Ossetia-Alania":"Osetia de Nord",
"Russia_Novgorod Oblast":"Regiunea Novgorod",
"Russia_Novosibirsk Oblast":"Regiunea Novosibirsk",
"Russia_Omsk Oblast":"Regiunea Omsk",
"Russia_Orenburg Oblast":"Regiunea Orenburg",
"Russia_Oryol Oblast":"Regiunea Oriol",
"Russia_Penza Oblast":"Regiunea Penza",
"Russia_Perm Krai":"Ținutul Perm",
"Russia_Primorsky Krai":"Ținutul Primorie",
"Russia_Pskov Oblast":"Regiunea Pskov",
"Russia_Republic of Dagestan":"Daghestan",
"Russia_Republic of Kalmykia":"Calmîchia",
"Russia_Republic of Karelia":"Republica Carelia",
"Russia_Republic of Mordovia":"Mordovia",
"Russia_Rostov Oblast":"Regiunea Rostov",
"Russia_Ryazan Oblast":"Regiunea Riazan",
"Russia_Saint Petersburg":"Sankt Petersburg",
"Russia_Sakha Republic":"Iacuția",
"Russia_Sakhalin Oblast":"Regiunea Sahalin",
"Russia_Samara Oblast":"Regiunea Samara",
"Russia_Saratov Oblast":"Regiunea Saratov",
"Russia_Smolensk Oblast":"Regiunea Smolensk",
"Russia_Stavropol Krai":"Ținutul Stavropol",
"Russia_Sverdlovsk Oblast":"Regiunea Sverdlovsk",
"Russia_Tambov Oblast":"Regiunea Tambov",
"Russia_Tatarstan":"Tatarstan",
"Russia_Tomsk Oblast":"Regiunea Tomsk",
"Russia_Tula Oblast":"Regiunea Tula",
"Russia_Tuva":"Tuva",
"Russia_Tver Oblast":"Regiunea Tver",
"Russia_Tyumen Oblast":"Regiunea Tiumen",
"Russia_Udmurt Republic":"Udmurtia",
"Russia_Ulyanovsk Oblast":"Regiunea Ulianovsk",
"Russia_Vladimir Oblast":"Regiunea Vladimir",
"Russia_Volgograd Oblast":"Regiunea Volgograd",
"Russia_Vologda Oblast":"Regiunea Vologda",
"Russia_Voronezh Oblast":"Regiunea Voronej",
"Russia_Yamalo-Nenets Autonomous Okrug":"Districtul autonom Iamalia-Neneția",
"Russia_Yaroslavl Oblast":"Regiunea Iaroslavl",
"Russia_Yugra":"Districtul autonom Hantî-Mansi",
"Russia_Zabaykalsky Krai":"Regiunea Transbaikal",
"Russian Federation":"Rusia",
"Rwanda":"Rwanda",
"Sahrawi Arab Democratic Republic":"Republica Arabă Democrată Saharawi",
"Saint Barthelemy":"Saint Barthélemy",
"Saint Helena Ascension and Tristan da Cunha":"Sfânta Elena, Ascension și Tristan da Cunha",
"Saint Kitts and Nevis":"Sfântul Cristofor și Nevis",
"Saint Lucia":"Sfânta Lucia",
"Saint Martin":"Saint Martin",
"Saint Vincent and the Grenadines":"Sfântul Vicențiu și Grenadine",
"Samoa":"Samoa",
"San Marino":"San Marino",
"Sao Tome and Principe":"São Tomé și Príncipe",
"Saudi Arabia":"Arabia Saudită",
"Senegal":"Senegal",
"Serbia":"Serbia",
"Seychelles":"Seychelles",
"Sierra Leone":"Sierra Leone",
"Singapore":"Singapore",
"Slovakia":"Slovacia",
"Slovakia_Region of Banska Bystrica":"Regiunea Banská Bystrica",
"Slovakia_Region of Bratislava":"Regiunea Bratislava",
"Slovakia_Region of Kosice":"Regiunea Košice",
"Slovakia_Region of Nitra":"Regiunea Nitra",
"Slovakia_Region of Presov":"Regiunea Prešov",
"Slovakia_Region of Trencin":"Regiunea Trenčín",
"Slovakia_Region of Trnava":"Regiunea Trnava",
"Slovakia_Region of Zilina":"Regiunea Žilina",
"Slovenia":"Slovenia",
"Solomon Islands":"Insulele Solomon",
"Somalia":"Somalia",
"South Africa":"Africa de Sud",
"South Africa_Eastern Cape":"Provincia Eastern Cape",
"South Africa_Free State":"Provincia Free State",
"South Africa_Gauteng":"Provincia Gauteng",
"South Africa_KwaZulu-Natal":"Provincia KwaZulu-Natal",
"South Africa_Limpopo":"Provincia Limpopo",
"South Africa_Mpumalanga":"Provincia Mpumalanga",
"South Africa_North West":"Provincia North West",
"South Africa_Northern Cape":"Provincia Northern Cape",
"South Africa_Western Cape":"Provincia Western Cape",
"South Carolina":"Carolina de Sud",
"South Georgia and the South Sandwich Islands":"Georgia de Sud și Insulele Sandwich de Sud",
"South Korea":"Coreea de Sud",
"South Korea_North":"Coreea de Sud — Nord",
"South Korea_South":"Coreea de Sud — Sud",
"South Ossetia":"Osetia de Sud",
"South Sudan":"Sudanul de Sud",
"Spain":"Spania",
"Spain_Andalusia":"Andaluzia",
"Spain_Aragon":"Aragon",
"Spain_Balearic Islands":"Insulele Baleare",
"Spain_Basque Country":"Țara Bascilor",
"Spain_Canary Islands":"Insulele Canare",
"Spain_Cantabria":"Cantabria",
"Spain_Castile and Leon":"Castilia și León",
"Spain_Castile-La Mancha":"Castilia-La Mancha",
"Spain_Catalonia_Provincia de Barcelona":"Provincia Barcelona",
"Spain_Catalonia_Provincia de Girona":"Provincia Girona",
"Spain_Catalonia_Provincia de Lleida":"Provincia Lleida",
"Spain_Catalonia_Provincia de Tarragona":"Provincia Tarragona",
"Spain_Ceuta":"Ceuta",
"Spain_Community of Madrid":"Madrid",
"Spain_Comunidad Foral de Navarra":"Navarra",
"Spain_Extremadura":"Extremadura",
"Spain_Galicia":"Galicia",
"Spain_La Rioja":"La Rioja",
"Spain_Melilla":"Melilla",
"Spain_Principado de Asturias":"Asturia",
"Spain_Region de Murcia":"Murcia",
"Spain_Valencian Community":"Comunitatea Valenciană",
"Sri Lanka":"Sri Lanka",
"Sudan":"Sudan",
"Suriname":"Surinam",
"Swaziland":"Swaziland",
"Sweden":"Suedia",
"Sweden_Bergslagen":"Bergslagen",
"Sweden_Malardalen":"Mälardalen",
"Sweden_Mellannorrland":"Mellannorrland",
"Sweden_Norra Sverige":"Norra Sverige",
"Sweden_Ostra Gotaland":"Ostra Götaland",
"Sweden_Sodra Gotaland":"Södra Götaland",
"Sweden_Vastra Gotaland":"Västra Götaland",
"Switzerland":"Elveția",
"Switzerland_Central":"Elveția Centrală",
"Switzerland_Eastern":"Elveția de Est",
"Switzerland_Espace Mittelland":"Spațiul Mittelland",
"Switzerland_Lake Geneva region":"Regiunea lacul Geneva",
"Switzerland_Northwestern":"Elveția de Nord-Vest",
"Switzerland_Ticino":"Cantonul Ticino",
"Switzerland_Zurich":"Zona metropolitană Zurich",
"Syria":"Siria",
"Taiwan":"Taiwan",
"Tajikistan":"Tadjikistan",
"Tanzania":"Tanzania",
"Tennessee":"Tennessee",
"Texas":"Texas",
"Thailand":"Thailanda",
"Thailand_North":"Thailanda — Nord",
"Thailand_South":"Thailanda — Sud",
"The Bahamas":"Bahamas",
"The Gambia":"Gambia",
"Togo":"Togo",
"Tokelau":"Tokelau",
"Tonga":"Tonga",
"Trinidad and Tobago":"Trinidad și Tobago",
"Tunisia":"Tunisia",
"Turkey":"Turcia",
"Turkey_Aegean Region":"Regiunea Egeeană",
"Turkey_Black Sea Region":"Regiunea Mării Negre",
"Turkey_Eastern Anatolia Region":"Regiunea Anatolia de Est",
"Turkey_Marmara Region":"Regiunea Marmara",
"Turkey_Mediterranean Region":"Regiunea Mediteraneană",
"Turkey_Southeastern Anatolia Region":"Regiunea Anatolia de Sud-Est",
"Turkmenistan":"Turkmenistan",
"Turks and Caicos Islands":"Insulele Turks și Caicos",
"Tuvalu":"Tuvalu",
"UK_England_East Midlands":"East Midlands",
"UK_England_East of England_Essex":"East of England — Essex",
"UK_England_East of England_Norfolk":"East of England — Norfolk",
"UK_England_Greater London":"Londra Mare",
"UK_England_North East England":"North East England",
"UK_England_North West England":"North West England",
"UK_England_South East_Brighton":"South East England — Brighton",
"UK_England_South East_Oxford":"South East England — Oxford",
"UK_England_South West England_Bristol":"South West England — Bristol",
"UK_England_South West England_Cornwall":"South West England — Cornwall",
"UK_England_West Midlands":"West Midlands",
"UK_England_Yorkshire and the Humber":"Yorkshire and the Humber",
"UK_Northern Ireland":"Irlanda de Nord",
"UK_Scotland_North":"Scoția — Nord",
"UK_Scotland_South":"Scoția — Sud",
"UK_Wales":"Țara Galilor",
"US_Alabama_Birmingham":"Birmingham",
"US_Alabama_Montgomery":"Montgomery, Alabama",
"US_Alaska":"Alaska",
"US_Arizona_Flagstaff":"Flagstaff",
"US_Arizona_Phoenix":"Phoenix",
"US_Arizona_Tucson":"Tucson, Arizona",
"US_Arkansas":"Arkansas",
"US_California_Bakersfield_Bakersfield":"Bakersfield, California",
"US_California_Bakersfield_Lancaster":"Lancaster",
"US_California_Chico":"Chico",
"US_California_LA":"Los Angeles",
"US_California_LA North":"Los Angeles — Nord",
"US_California_Redding":"Redding",
"US_California_Sacramento_Fresno":"Fresno",
"US_California_Sacramento_Sacramento":"Sacramento, California",
"US_California_Sacramento_Stockton":"Stockton, California",
"US_California_San Diego":"San Diego",
"US_California_Santa_Clara_Palo Alto":"San Francisco",
"US_California_Santa_Clara_Santa Cruz":"Santa Cruz",
"US_Colorado_Aspen":"Aspen",
"US_Colorado_Denver":"Denver",
"US_Colorado_South":"Colorado — Sud",
"US_Connecticut":"Connecticut",
"US_Delaware":"Delaware",
"US_Florida_Jacksonville":"Jacksonville, Florida",
"US_Florida_Miami":"Miami",
"US_Florida_Orlando":"Orlando, Florida",
"US_Florida_Tampa":"Tampa, Florida",
"US_Georgia":"Georgia",
"US_Georgia_Atlanta":"Atlanta",
"US_Georgia_Macon":"Macon",
"US_Georgia_North":"Georgia — Nord",
"US_Georgia_South":"Georgia — Sud",
"US_Guam":"Guam",
"US_Hawaii":"Hawaii",
"US_Idaho":"Idaho",
"US_Illinois_Chickago":"Chicago",
"US_Illinois_Elgin":"Elgin",
"US_Illinois_Rockford":"Rockford",
"US_Illinois_South":"Illinois — Sud",
"US_Illinois_Springfield":"Springfield",
"US_Indiana_North":"Indiana — Nord",
"US_Indiana_South":"Indiana — Sud",
"US_Iowa_Des Moines":"Des Moines",
"US_Iowa_Waterloo":"Waterloo",
"US_Iowa_West":"Iowa — Vest",
"US_Kansas_East":"Kansas — Est",
"US_Kansas_West":"Kansas — Vest",
"US_Kentucky_East":"Kentucky — Est",
"US_Kentucky_West":"Kentucky — Vest",
"US_Louisiana_Central":"Louisiana — Vest",
"US_Louisiana_New Orleans":"New Orleans",
"US_Maine":"Maine",
"US_Maryland_Baltimore":"Baltimore",
"US_Maryland_and_DC":"Vest, Washington",
"US_Massachusetts_Boston":"Boston",
"US_Massachusetts_Central":"Worcester, Massachusetts",
"US_Massachusetts_Plymouth":"Plymouth",
"US_Massachusetts_Southeastern":"Barnstable",
"US_Massachusetts_West":"Springfield, Massachusetts",
"US_Michigan_Detroit":"Detroit",
"US_Michigan_North":"Michigan — Nord",
"US_Michigan_South":"Michigan — Sud",
"US_Minnesota_Minneapolis":"Minneapolis",
"US_Minnesota_North":"Minnesota — Nord",
"US_Minnesota_Rochester":"Rochester",
"US_Minnesota_Saint Cloud":"St. Cloud",
"US_Mississippi":"Mississippi",
"US_Missouri_East":"Missouri — Est",
"US_Missouri_West":"Missouri — Vest",
"US_Montana":"Montana",
"US_Nebraska":"Nebraska",
"US_Nevada":"Nevada",
"US_New Hampshire":"New Hampshire",
"US_New Jersey_North":"New Jersey — Nord",
"US_New Jersey_South":"New Jersey — Sud",
"US_New Mexico":"New Mexico",
"US_New York_East":"New York — Est",
"US_New York_New York":"New York — New York",
"US_New York_North":"New York — Nord",
"US_New York_West":"New York — Vest",
"US_North Carolina_Asheville":"Asheville",
"US_North Carolina_Charlotte":"Charlotte, Carolina de Nord",
"US_North Carolina_Greensboro":"Greensboro, Carolina de Nord",
"US_North Carolina_Raleigh":"Raleigh, Carolina de Nord",
"US_North Carolina_Wilmington":"Wilmington",
"US_North Carolina_Wilson":"Wilson, North Carolina",
"US_North Dakota_Bismarck":"Bismarck, Dakota de Nord",
"US_North Dakota_East":"Fargo, Dakota de Nord",
"US_North Dakota_Minot":"Minot, Dakota de Nord",
"US_Ohio_Cleveland":"Cleveland",
"US_Ohio_Dayton":"Dayton",
"US_Oklahoma_East":"Oklahoma — Est",
"US_Oklahoma_West":"Oklahoma — Vest",
"US_Oregon_Eugene":"Eugene",
"US_Oregon_Portland":"Portland, Oregon",
"US_Oregon_West":"Oregon — Vest",
"US_Pennsylvania_Central":"Altoona",
"US_Pennsylvania_Pittsburgh":"Pittsburgh, Pennsylvania",
"US_Pennsylvania_Reading":"Reading",
"US_Pennsylvania_Scranton":"Scranton",
"US_Puerto Rico":"Puerto Rico",
"US_Rhode Island":"Rhode Island",
"US_South Carolina_Columbia":"Columbia, Carolina de Sud",
"US_South Carolina_Florence":"Florence",
"US_South Dakota":"Dakota de Sud",
"US_Tennessee_East":"Tennessee — Est",
"US_Tennessee_West":"Tennessee — Vest",
"US_Texas_Austin":"Austin",
"US_Texas_Dallas":"Dallas",
"US_Texas_Houston":"Houston",
"US_Texas_Northwest":"Amarillo, Texas",
"US_Texas_San Antonio":"San Antonio",
"US_Texas_Southwest":"Laredo, Texas",
"US_Texas_Tyler":"Tyler",
"US_Texas_Wako":"Waco, Texas",
"US_Texas_West":"Odessa",
"US_United States Minor Outlying Islands":"Insulele Minore Îndepărtate ale Statelor Unite",
"US_Utah":"Utah",
"US_Vermont":"Vermont",
"US_Virginia_Chesapeake":"Chesapeake, Virginia",
"US_Virginia_Lynchburg":"Lynchburg",
"US_Virginia_Richmond":"Richmond",
"US_Virginia_Roanoke":"Roanoke",
"US_Washington_Coast":"Tacoma",
"US_Washington_Seattle":"Seattle",
"US_Washington_Yakima":"Yakima",
"US_West Virginia":"Virginia de Vest",
"US_Wisconsin_Milwaukee":"Milwaukee",
"US_Wisconsin_North":"Eau Claire",
"US_Wyoming":"Wyoming",
"Uganda":"Uganda",
"Ukraine":"Ucraina",
"Ukraine_Cherkasy Oblast":"Regiunea Cerkasî",
"Ukraine_Chernihiv Oblast":"Regiunea Cernigău",
"Ukraine_Chernivtsi Oblast":"Regiunea Cernăuți",
"Ukraine_Dnipropetrovsk Oblast":"Regiunea Dniepropetrovsk",
"Ukraine_Donetsk Oblast":"Regiunea Donețk",
"Ukraine_Ivano-Frankivsk Oblast":"Regiunea Ivano-Frankivsk",
"Ukraine_Kharkiv Oblast":"Regiunea Harkov",
"Ukraine_Kherson Oblast":"Regiunea Herson",
"Ukraine_Khmelnytskyi Oblast":"Regiunea Hmelnițki",
"Ukraine_Kirovohrad Oblast":"Regiunea Kirovohrad",
"Ukraine_Kyiv Oblast":"Regiunea Kiev",
"Ukraine_Luhansk Oblast":"Regiunea Luhansk",
"Ukraine_Lviv Oblast":"Regiunea Liov",
"Ukraine_Mykolaiv Oblast":"Regiunea Mîkolaiv",
"Ukraine_Odessa Oblast":"Regiunea Odesa",
"Ukraine_Poltava Oblast":"Regiunea Poltava",
"Ukraine_Rivne Oblast":"Regiunea Rivne",
"Ukraine_Sumy Oblast":"Regiunea Sumî",
"Ukraine_Ternopil Oblast":"Regiunea Ternopil",
"Ukraine_Vinnytsia Oblast":"Regiunea Vinița",
"Ukraine_Volyn Oblast":"Regiunea Volîn",
"Ukraine_Zakarpattia Oblast":"Regiunea Transcarpatia",
"Ukraine_Zaporizhia Oblast":"Regiunea Zaporoje",
"Ukraine_Zhytomyr Oblast":"Regiunea Jîtomîr",
"United Arab Emirates":"Emiratele Arabe Unite",
"United Kingdom":"Regatul Unit al Marii Britanii și al Irlandei de Nord",
"United States Virgin Islands":"Insulele Virgine Americane",
"United States of America":"Statele Unite ale Americii",
"Uruguay":"Uruguay",
"Uzbekistan":"Uzbekistan",
"Vanuatu":"Vanuatu",
"Venezuela":"Venezuela",
"Vietnam":"Vietnam",
"Virginia":"Virginia",
"Wallis and Futuna":"Wallis și Futuna",
"Washington":"Washington",
"Willis Island":"Insula Willis",
"Wisconsin":"Wisconsin",
"Yemen":"Yemen",
"Zambia":"Zambia",
"Zimbabwe":"Zimbabwe",
"Argentina_Santa Fe":"Provincia Santa Fe",
"Australia_Brisbane":"Brisbane",
"Australia_Sydney":"Sydney",
"Austria_Styria_Graz":"Stiria — Graz",
"Austria_Styria_Leoben":"Stiria — Leoben",
"Austria_Upper Austria_Linz":"Austria Superioară — Linz",
"Austria_Upper Austria_Wels":"Austria Superioară — Wels",
"Bolivia_North":"Bolivia — Nord",
"Bolivia_South":"Bolivia — Sud",
"Brazil_Goias_Brasilia":"Goiás — Brasília",
"Brazil_Goias_North":"Goiás — Nord",
"Brazil_North Region_East":"Regiunea de Nord — partea estică",
"Brazil_North Region_West":"Regiunea de Nord — partea vestică",
"Brazil_Northeast Region_East":"Regiunea de Nord-Est - partea estică",
"Brazil_Northeast Region_West":"Regiunea de Nord-Vest — partea vestică",
"Brazil_Parana_East":"Paraná — Est",
"Brazil_Parana_West":"Paraná — Vest",
"Brazil_South Region_East":"Regiunea de Sud — partea estică",
"Brazil_South Region_West":"Regiunea de Sud — partea vestică",
"Bulgaria_East":"Bulgaria — Est",
"Bulgaria_West":"Bulgaria — Vest",
"Canada_Ontario_Northeastern_W":"Wawa",
"Chile_Central":"Chile — Centru",
"Congo-Kinshasa_Kivu":"Kivu",
"Congo-Kinshasa_West":"Republica Democrată Congo — Vest",
"Croatia_Central":"Croația — Centru",
"Croatia_West":"Croația — Vest",
"Ecuador_East":"Ecuador — Est",
"Ecuador_West":"Ecuador — Vest",
"Finland_Eastern Finland_North":"Finlanda de Est — Nord",
"Finland_Eastern Finland_South":"Finlanda de Est — Sud",
"Finland_Western Finland_Jyvaskyla":"Finlanda de Vest — Jyväskylä",
"Finland_Western Finland_Tampere":"Finlanda de Vest — Tampere",
"France_Free County_North":"Franche-Comté — Nord",
"France_Free County_South":"Franche-Comté — Sud",
"France_Pays de la Loire_Loire-Atlantique_Nantes":"Loire-Atlantique — Nantes",
"France_Pays de la Loire_Loire-Atlantique_Saint-Nazaire":"Loire-Atlantique — Saint-Nazaire",
"Germany_Free State of Bavaria_Upper Bavaria_South":"Oberbayern — Sud",
"India_Karnataka_North":"Karnataka — Nord",
"India_Karnataka_South":"Karnataka — Sud",
"Iran_East":"Iran — Est",
"Iraq_North":"Irak — Nord",
"Iraq_South":"Irak — Sud",
"Japan_Chubu Region_Aichi_Nagoya":"Prefectura Aichi — Nagoya",
"Japan_Chubu Region_Aichi_Toyohashi":"Prefectura Aichi — Toyohashi",
"Japan_Hokkaido Region_Sapporo":"Sapporo",
"Japan_Kinki Region_Osaka_Osaka":"Osaka",
"Japan_Kinki Region_Osaka_West":"Prefectura Osaka — Vest",
"Kazakhstan_North":"Kazahstan — Nord",
"Kazakhstan_South":"Kazahstan — Sud",
"Lithuania_East":"Lituania — Est",
"Lithuania_West":"Lituania — Vest",
"Mexico_Chihuahua":"Chihuahua",
"Mexico_Sonora":"Sonora",
"Nepal_Kathmandu":"Kathmandu",
"Nepal_Madhyamanchal":"Regiunea centrală",
"Nepal_Purwanchal":"Regiunea estică",
"Nigeria_North":"Nigeria — Nord",
"Nigeria_South":"Nigeria — Sud",
"Norway_Hordaland":"Hordaland",
"Norway_Nordland":"Nordland",
"Norway_North Trondelag":"Nord-Trøndelag",
"Norway_Rogaland":"Rogaland",
"Norway_South Trondelag":"Sør-Trøndelag",
"Peru_Lima":"Lima",
"Portugal_Islands":"Insule portugheze",
"Portugal_Viseu":"Viseu",
"Russia_Krasnoyarsk Krai_North":"Ținutul Krasnoiarsk — Nord",
"Russia_Krasnoyarsk Krai_South":"Ținutul Krasnoiarsk — Sud",
"Russia_Moscow Oblast_East":"Regiunea Moscova — Est",
"Russia_Moscow Oblast_West":"Regiunea Moscova — Vest",
"Russia_Perm Krai_North":"Ținutul Perm — Nord",
"Russia_Perm Krai_South":"Ținutul Perm — Sud",
"Russia_Republic of Karelia_North":"Republica Carelia — Nord",
"Russia_Republic of Karelia_South":"Republica Carelia — Sud",
"Russia_Sverdlovsk Oblast_North":"Regiunea Sverdlovsk — Nord",
"Russia_Sverdlovsk Oblast_Ekaterinburg":"Regiunea Sverdlovsk — Ekaterinburg",
"Russia_Yugra_Khanty":"Districtul autonom Hantî-Mansi — Hantî-Mansiisk",
"Russia_Yugra_Surgut":"Districtul autonom Hantî-Mansi — Surgut",
"Saudi Arabia_North":"Arabia Saudită — Nord",
"Saudi Arabia_South":"Arabia Saudită — Sud",
"Slovenia_East":"Slovenia — Est",
"Slovenia_West":"Slovenia — Vest",
"Spain_Andalusia_Granada":"Andaluzia — Granada",
"Spain_Andalusia_Sevilla":"Andaluzia — Sevilla",
"Spain_Castile and Leon_East":"Castilia și León — Est",
"Spain_Castile and Leon_West":"Castilia și León — Vest",
"Spain_Galicia_North":"Galicia — Nord",
"Spain_Galicia_South":"Galicia — Sud",
"Sudan_East":"Sudan — Est",
"Sudan_West":"Sudan — Vest",
"Sweden_Stockholm":"Stockholm",
"Switzerland_Espace Mittelland_Bern":"Spațiul Mittelland - Bern",
"Switzerland_Espace Mittelland_East":"Spațiul Mittelland - partea estică",
"Taiwan_North":"Taiwan — Nord",
"Taiwan_South":"Taiwan — Sud",
"Thailand_Central":"Thailanda — Centru",
"Turkey_Central Anatolia Region_Ankara":"Regiunea Anatolia Centrală — Ankara",
"Turkey_Central Anatolia Region_Kayseri":"Regiunea Anatolia Centrală — Kayseri",
"Turkey_Marmara Region_Bursa":"Regiunea Marmara — Bursa",
"Turkey_Marmara Region_Istanbul":"Regiunea Marmara — Istanbul",
"US_Arkansas_North":"Arkansas — Nord",
"US_Arkansas_South":"Arkansas — Sud",
"US_Florida_Gainesvile":"Gainesville",
"US_Idaho_North":"Idaho — Nord",
"US_Idaho_South":"Idaho — Sud",
"US_Indiana_Evansville":"Evansville",
"US_Indiana_Indianapolis":"Indianapolis",
"US_Kansas_Wichita":"Wichita, Kansas",
"US_Kentucky_Louisville":"Louisville",
"US_Michigan_Grand Rapids":"Grand Rapids",
"US_Michigan_Lansing":"Lansing",
"US_Mississippi_Gulfport":"Gulfport",
"US_Mississippi_North":"Mississippi — Nord",
"US_Missouri_Kansas":"Kansas City",
"US_Missouri_Springfield":"Springfield",
"US_Missouri_St Louis":"Saint Louis, Missouri",
"US_Montana_East":"Montana — Est",
"US_Montana_West":"Montana — Vest",
"US_Nebraska_East":"Nebraska — Est",
"US_Nebraska_West":"Nebraska — Vest",
"US_New Mexico_Albuquerque":"Albuquerque, New Mexico",
"US_New Mexico_Roswell":"Roswell, New Mexico",
"US_Ohio_Cincinnati":"Cincinnati",
"US_Ohio_Columbus":"Columbus",
"US_Ohio_Toledo":"Toledo, Ohio",
"US_Oklahoma_Oklahoma":"Oklahoma City",
"US_Oklahoma_Tulsa":"Tulsa",
"US_South Carolina_Charleston":"Charleston, Carolina de Sud",
"US_Texas_Amarillo":"Amarillo, Texas",
"US_Texas_Lubbock":"Lubbock, Texas",
"US_Utah_North":"Utah — Nord",
"US_Utah_South":"Utah — Sud",
"US_Virginia_Alexandria":"Alexandria, Virginia",
"US_Wisconsin_Eau Claire":"Eau Claire",
"US_Wisconsin_Madison":"Madison",
"Venezuela_North":"Venezuela — Nord",
"Venezuela_South":"Venezuela — Sud",
"Argentina_Buenos Aires_Buenos Aires":"Buenos Aires",
"Canada_Quebek_Lachute":"Lachute",
"Canada_Saskatchewan_Regina":"Regina, Saskatchewan",
"Canada_Saskatchewan_Saskatoon":"Saskatoon",
"Germany_Lower Saxony_Braunschweig":"Braunschweig",
"Germany_Saxony-Anhalt_Halle":"Saxonia-Anhalt — Halle",
"Germany_Saxony-Anhalt_Magdeburg":"Saxonia-Anhalt — Magdeburg",
"Germany_Schleswig-Holstein_Flensburg":"Schleswig-Holstein — Flensburg",
"Germany_Schleswig-Holstein_Kiel":"Schleswig-Holstein — Kiel",
"Portugal_Porto":"Porto",
"UK_England_North West England_Lancaster":"North West England — Lancaster",
"UK_England_North West England_Manchester":"North West England — Manchester",
"US_Florida_Gainesville":"Gainesville",
"US_Texas_Victoria":"Victoria",
"US_Virginia_Norfolk":"Norfolk, Virginia"
}
