{
  "disabled": {
    "countries": [], 
    "mwms": []
  }, 
  "enabled": {
    "countries": [
      {
        "cities": [
          "Abakan", 
          "Aleksin", 
          "Angarsk", 
          "Astrakhan", 
          "Barnaul", 
          "Berezniki", 
          "Blagoveshchensk", 
          "Bryansk", 
          "Veliky Novgorod", 
          "Vladivostok", 
          "Vladimir", 
          "Volgograd", 
          "Volzhsky", 
          "Vologda", 
          "Voronezh", 
          "Votkinsk", 
          "Gatchina", 
          "Dzerzhinsk", 
          "Dimitrovgrad", 
          "Donskoj", 
          "Yekaterinburg", 
          "Zhigulyovsk", 
          "Zlatoust", 
          "Ivanovo", 
          "Izhevsk", 
          "Irkutsk", 
          "Yoshkar-Ola", 
          "Kazan", 
          "Kaliningrad", 
          "Kaluga", 
          "Kemerovo", 
          "Kirov", 
          "Kirov", 
          "Kozelsk", 
          "Kondrovo", 
          "Kostroma", 
          "Krasnodar", 
          "Krasnoyarsk", 
          "Kungur", 
          "Kyzyl", 
          "Lipetsk", 
          "Lysva", 
          "Lyudinovo", 
          "Magnitogorsk", 
          "Miass", 
          "Minusinsk", 
          "Moscow", 
          "Murmansk", 
          "Naberezhnye Chelny", 
          "Nizhny Novgorod", 
          "Nizhny Tagil", 
          "Novoaltaysk", 
          "Novokuznetsk", 
          "Novokuybyshevsk", 
          "Novomoskovsk", 
          "Novorossiysk", 
          "Novosibirsk", 
          "Novocherkassk", 
          "Obninsk", 
          "Oktyabrskiy", 
          "Omsk", 
          "Orenburg", 
          "Orsk", 
          "Penza", 
          "Pervouralsk", 
          "Perm", 
          "Petrozavodsk", 
          "Pskov", 
          "Rostov-on-Don", 
          "Ryazan", 
          "Salavat", 
          "Samara", 
          "Saint Petersburg", 
          "Saransk", 
          "Saratov", 
          "Sayanogorsk", 
          "Serpukhov", 
          "Smolensk", 
          "Solikamsk", 
          "Sochi", 
          "Sterlitamak", 
          "Syzran", 
          "Syktyvkar", 
          "Taganrog", 
          "Tambov", 
          "Tver", 
          "Tolyatti", 
          "Tomsk", 
          "Tyumen", 
          "Ulan-Ude", 
          "Ulyanovsk", 
          "Ufa", 
          "Khabarovsk", 
          "Chaikovsky", 
          "Chapaevsk", 
          "Cheboksary", 
          "Chelyabinsk", 
          "Cherepovets", 
          "Chernogorsk", 
          "Chita", 
          "Chusovoy", 
          "Shakhty", 
          "Engels", 
          "Yaroslavl", 
          "Mytishchi", 
          "Reutov", 
          "Kotelniki", 
          "Dzerzhinsky", 
          "Vidnoye", 
          "Odintsovo", 
          "Krasnogorsk", 
          "Dolgoprudny", 
          "Khimki", 
          "Sestroretsk", 
          "Murino", 
          "Shushary", 
          "Kolpino"
        ], 
        "id": "Russian Federation"
      }, 
      {
        "cities": [
          "Almaty", 
          "Astana", 
          "Karaganda"
        ], 
        "id": "Kazakhstan"
      }
    ], 
    "mwms": []
  }
}