{
"Abkhazia":"Abchazien",
"Afghanistan":"Afghanistan",
"Alabama":"Alabama",
"Albania":"Albanien",
"Algeria":"Algeriet",
"Algeria_Central":"Algeriet — Central",
"Algeria_Coast":"Algeriet — Nord",
"Andorra":"Andorra",
"Angola":"Angola",
"Anguilla":"Anguilla",
"Antarctica":"Antarktis",
"Antigua and Barbuda":"Antigua och Barbuda",
"Argentina":"Argentina",
"Argentina_Buenos Aires_North":"Buenos Aires — Nord",
"Argentina_Buenos Aires_South":"Buenos Aires — Syd",
"Argentina_Cuyo":"Cuyo",
"Argentina_Mesopotamia":"Mesopotamien",
"Argentina_Northwest":"Argentina nordväst",
"Argentina_Pampas":"Pampas",
"Argentina_Patagonia":"Patagonien",
"Arizona":"Arizona",
"Armenia":"Armenien",
"Australia":"Australien",
"Australia_Melbourne":"Melbourne",
"Australia_New South Wales":"New South Wales",
"Australia_Northern Territory":"Northern Territory",
"Australia_Queensland":"Queensland",
"Australia_South Australia":"South Australia",
"Australia_Tasmania":"Tasmanien",
"Australia_Victoria":"Victoria",
"Australia_Western Australia":"Western Australia",
"Austria":"Österrike",
"Austria_Burgenland":"Burgenland",
"Austria_Carinthia":"Kärnten",
"Austria_Lower Austria_West":"Niederösterreich — Väst",
"Austria_Lower Austria_Wien":"Wien",
"Austria_Salzburg":"Salzburg",
"Austria_Styria":"Steiermark",
"Austria_Tyrol":"Tyrolen",
"Austria_Upper Austria":"Oberösterreich",
"Austria_Vorarlberg":"Vorarlberg",
"Azerbaijan":"Azerbajdzjan",
"Azerbaijan Region":"Azerbajdzjan",
"Bahrain":"Bahrain",
"Bangladesh":"Bangladesh",
"Barbados":"Barbados",
"Belarus":"Vitryssland",
"Belarus_Brest Region":"Brests voblast",
"Belarus_Homiel Region":"Homels voblast",
"Belarus_Hrodna Region":"Hrodnas voblast",
"Belarus_Maglieu Region":"Mahiljoŭs voblast",
"Belarus_Minsk Region":"Minsks voblast",
"Belarus_Vitebsk Region":"Vitsebsks voblast",
"Belgium":"Belgien",
"Belgium_Antwerp":"Antwerpen",
"Belgium_East Flanders":"Östflandern",
"Belgium_Flemish Brabant":"Flamländska Brabant",
"Belgium_Hainaut":"Hainaut",
"Belgium_Liege":"Liège",
"Belgium_Limburg":"Limburg",
"Belgium_Luxembourg":"Luxemburg",
"Belgium_Namur":"Namur",
"Belgium_Walloon Brabant":"Vallonska Brabant",
"Belgium_West Flanders":"Västflandern",
"Belize":"Belize",
"Benin":"Benin",
"Bermuda":"Bermuda",
"Bhutan":"Bhutan",
"Bolivia":"Bolivia",
"Bosnia and Herzegovina":"Bosnien och Hercegovina",
"Bosnia and Herzegovina_Brcko district of Bosnia and Herzegowina":"Brčko",
"Bosnia and Herzegovina_Entity Federation of Bosnia and Herzegovina":"Federationen Bosnien och Hercegovina",
"Bosnia and Herzegovina_Republic of Srpska":"Republika Srpska",
"Botswana":"Botswana",
"Brazil":"Brasilien",
"Brazil_Bahia":"Bahia",
"Brazil_Goias":"Goiás",
"Brazil_Mato Grosso":"Mato Grosso",
"Brazil_Mato Grosso Do Sul":"Mato Grosso do Sul",
"Brazil_North Region":"Norra regionen, Brasilien",
"Brazil_Northeast Region":"Nordöstra regionen",
"Brazil_Paraiba":"Paraíba",
"Brazil_Parana":"Paraná",
"Brazil_Rio Grande do Norte":"Rio Grande do Norte",
"Brazil_Santa Catarina":"Santa Catarina",
"Brazil_South Region":"Södra Brasilien",
"Brazil_Southeast Region_Espirito Santo":"Espírito Santo",
"Brazil_Southeast Region_Minas Gerais_Contagem":"Minas Gerais — Contagem",
"Brazil_Southeast Region_Minas Gerais_North":"Minas Gerais — Nord",
"Brazil_Southeast Region_Rio de Janeiro":"Rio de Janeiro",
"Brazil_Southeast Region_Sao Paulo_Campinas":"São Paulo — Campinas",
"Brazil_Southeast Region_Sao Paulo_City":"São Paulo — Santos, São Paulo",
"Brazil_Southeast Region_Sao Paulo_West":"São Paulo — Ribeirão Preto",
"British Indian Ocean Territory":"Brittiska territoriet i Indiska oceanen",
"British Virgin Islands":"Brittiska Jungfruöarna",
"Brunei":"Brunei",
"Bulgaria":"Bulgarien",
"Burkina Faso":"Burkina Faso",
"Burundi":"Burundi",
"California":"Kalifornien",
"Cambodia":"Kambodja",
"Cameroon":"Kamerun",
"Cameroon_Central":"Kamerun — Central",
"Cameroon_West":"Kamerun — Väst",
"Campo de Hielo Sur":"Södra patagoniska isfältet",
"Canada":"Kanada",
"Canada_Alberta":"Alberta",
"Canada_Alberta_Edmonton":"Edmonton",
"Canada_Alberta_North":"Alberta — Nord",
"Canada_Alberta_South":"Alberta — Syd",
"Canada_British Columbia":"British Columbia",
"Canada_British Columbia_Central":"British Columbia — Central",
"Canada_British Columbia_Far_North":"British Columbia — Öst",
"Canada_British Columbia_Islands":"Vancouver Island",
"Canada_British Columbia_North":"British Columbia — Väst",
"Canada_British Columbia_Northeast":"British Columbia — Nord",
"Canada_British Columbia_Southeast":"Kelowna",
"Canada_British Columbia_Vancouver":"Vancouver",
"Canada_Labrador":"Labrador",
"Canada_Labrador_North":"Labrador — Nord",
"Canada_Labrador_South":"Labrador — Syd",
"Canada_Labrador_West":"Labrador — Väst",
"Canada_Manitoba":"Manitoba",
"Canada_Manitoba_Northeast":"Manitoba — Nord",
"Canada_Manitoba_Northwest":"Manitoba — Väst",
"Canada_Manitoba_South":"Brandon",
"Canada_Manitoba_Winnipeg":"Winnipeg",
"Canada_New Brunswick":"New Brunswick",
"Canada_Newfoundland":"Newfoundland",
"Canada_Newfoundland_East":"Newfoundland — Öst",
"Canada_Newfoundland_North":"Newfoundland — Nord",
"Canada_Newfoundland_South":"Newfoundland — Syd",
"Canada_Newfoundland_West":"Newfoundland — Väst",
"Canada_Northwest Territories":"Northwest Territories",
"Canada_Northwest Territories_East":"Northwest Territories — Öst",
"Canada_Northwest Territories_North":"Northwest Territories — Nord",
"Canada_Northwest Territories_Yellowknife":"Yellowknife",
"Canada_Nova Scotia":"Nova Scotia",
"Canada_Nova Scotia_Halifax":"Halifax",
"Canada_Nova Scotia_Sydney":"Sydney",
"Canada_Nunavut":"Nunavut",
"Canada_Nunavut_North":"Nunavut — Nord",
"Canada_Nunavut_South":"Nunavut — Syd",
"Canada_Ontario":"Ontario",
"Canada_Ontario_Bame":"Barrie",
"Canada_Ontario_Kingston":"Kingston",
"Canada_Ontario_London":"London",
"Canada_Ontario_Northeastern_Central":"Timmins",
"Canada_Ontario_Northeastern_North":"Moose Factory",
"Canada_Ontario_Northeastern_S":"Greater Sudbury",
"Canada_Ontario_Northeastern_SE":"North Bay",
"Canada_Ontario_Northeastern_SW":"Sault Ste. Marie",
"Canada_Ontario_Northeastern_Wawa":"Wawa",
"Canada_Ontario_Northern":"Thunder Bay",
"Canada_Ontario_Northwestern":"Ontario — Nord",
"Canada_Ontario_Toronto":"Toronto",
"Canada_Prince Edward Island":"Prince Edward Island",
"Canada_Quebec":"Québec",
"Canada_Quebec_Quebec":"Québec",
"Canada_Quebek_Far North":"Québec — Nord",
"Canada_Quebek_Montreal":"Montréal",
"Canada_Quebek_North":"Sept-Îles",
"Canada_Quebek_Southeast_Rimouski":"Rimouski",
"Canada_Quebek_Southeast_Saguenay":"Saguenay",
"Canada_Quebek_West_Chibougamau":"Chibougamau",
"Canada_Quebek_West_Rouyn-Noranda":"Rouyn-Noranda",
"Canada_Saskatchewan":"Saskatchewan",
"Canada_Saskatchewan_North":"Saskatchewan — Nord",
"Canada_Saskatchewan_South":"Saskatchewan — Syd",
"Canada_Yukon":"Yukon",
"Canada_Yukon_North":"Yukon — Nord",
"Canada_Yukon_Whitehorse":"Whitehorse",
"Cape Verde":"Kap Verde",
"Caribees":"Små Antillerna",
"Caribisch Nederland":"Karibiska Nederländerna",
"Cayman Islands":"Caymanöarna",
"Central African Republic":"Centralafrikanska republiken",
"Central Anatolia Region":"Centrala Anatolien",
"Chad":"Tchad",
"Chile":"Chile",
"Chile_North":"Chile — Nord",
"Chile_South":"Chile — Syd",
"China_Anhui":"Anhui",
"China_Chongqing":"Chongqing",
"China_Fujian":"Fujian",
"China_Gansu":"Gansu",
"China_Guangdong":"Guangdong",
"China_Guangxi":"Guangxi",
"China_Guizhou":"Guizhou",
"China_Hebei":"Hebei",
"China_Heilongjiang":"Heilongjiang",
"China_Henan":"Henan",
"China_Hubei":"Hubei",
"China_Hunan":"Hunan",
"China_Inner Mongolia":"Inre Mongoliet",
"China_Jiangsu":"Jiangsu",
"China_Jiangxi":"Jiangxi",
"China_Jilin":"Jilin",
"China_Liaoning":"Liaoning",
"China_Ningxia Hui":"Ningxia",
"China_Qinghai":"Qinghai",
"China_Shaanxi":"Shaanxi",
"China_Shandong":"Shandong",
"China_Shanghai":"Shanghai",
"China_Shanxi":"Shanxi",
"China_Sichuan":"Sichuan",
"China_Tibet Autonomous Region":"Autonoma regionen Tibet",
"China_Xinjiang":"Xinjiang",
"China_Yunnan":"Yunnan",
"China_Zhejiang":"Zhejiang",
"Colombia":"Colombia",
"Colombia_East":"Colombia — Öst",
"Colombia_North":"Colombia — Nord",
"Colombia_West":"Colombia — Väst",
"Colorado":"Colorado",
"Comoros":"Komorerna",
"Congo-Brazzaville":"Kongo-Brazzaville",
"Congo-Kinshasa":"Kongo-Kinshasa",
"Cook Islands":"Cooköarna",
"Costa Rica":"Costa Rica",
"Cote dIvoire":"Elfenbenskusten",
"Crimea":"Krim",
"Croatia":"Kroatien",
"Cuba":"Kuba",
"Cyprus":"Cypern",
"Czech Republic":"Tjeckien",
"Czech_Jihovychod_Jihomoravsky kraj":"Södra Mähren",
"Czech_Jihovychod_Kraj Vysocina":"Vysočina",
"Czech_Jihozapad_Jihocesky kraj":"Södra Böhmen",
"Czech_Jihozapad_Plzensky kraj":"Plzeň",
"Czech_Karlovasky kraj":"Karlovy Vary",
"Czech_Moravskoslezsko":"Mähren-Schlesien",
"Czech_Olomoucky kraj":"Olomouc",
"Czech_Praha":"Prag",
"Czech_Severovychod_Kralovehradecky kraj":"Hradec Králové",
"Czech_Severovychod_Liberecky kraj":"Liberec",
"Czech_Severovychod_Pardubicky kraj":"Pardubice",
"Czech_Stredni Cechy_East":"Mellersta Böhmen — Öst",
"Czech_Stredni Cechy_West":"Mellersta Böhmen — Väst",
"Czech_Ustecky kraj":"Ústí nad Labem",
"Czech_Zlinsky Kraj":"Zlín",
"Denmark":"Danmark",
"Denmark_Capital Region of Denmark":"Region Hovedstaden",
"Denmark_Central Denmark Region":"Region Mittjylland",
"Denmark_North Denmark Region":"Region Nordjylland",
"Denmark_Region Zealand":"Region Själland",
"Denmark_Region of Southern Denmark":"Region Syddanmark",
"Djibouti":"Djibouti",
"Dominica":"Dominica",
"Dominican Republic":"Dominikanska republiken",
"East Timor":"Östtimor",
"Ecuador":"Ecuador",
"Egypt":"Egypten",
"El Salvador":"El Salvador",
"Equatorial Guinea":"Ekvatorialguinea",
"Eritrea":"Eritrea",
"Estonia":"Estland",
"Estonia_East":"Estland — Öst",
"Estonia_West":"Estland — Väst",
"Ethiopia":"Etiopien",
"Falkland Islands":"Falklandsöarna",
"Faroe Islands":"Färöarna",
"Federated States of Micronesia":"Mikronesien",
"Fiji":"Fiji",
"Finland":"Finland",
"Finland_Eastern Finland":"Östra Finlands län",
"Finland_Northern Finland":"Norra Finland",
"Finland_Southern Finland_Helsinki":"Södra Finlands län — Helsingfors",
"Finland_Southern Finland_Lappeenranta":"Södra Finlands län — Villmanstrand",
"Finland_Southern Finland_West":"Egentliga Finland",
"Finland_Western Finland":"Västra Finlands län",
"Florida":"Florida",
"France":"Frankrike",
"France_Alsace":"Alsace",
"France_Alsace_Bas-Rhin":"Bas-Rhin",
"France_Alsace_Haut-Rhin":"Haut-Rhin",
"France_Aquitaine":"Aquitaine",
"France_Aquitaine_Dordogne":"Dordogne",
"France_Aquitaine_Gironde":"Gironde",
"France_Aquitaine_Landes":"Landes",
"France_Aquitaine_Lot-et-Garonne":"Lot-et-Garonne",
"France_Aquitaine_Pyrenees-Atlantiques":"Pyrénées-Atlantiques",
"France_Auvergne":"Auvergne",
"France_Auvergne_Allier":"Allier",
"France_Auvergne_Cantal":"Cantal",
"France_Auvergne_Haute-Loire":"Haute-Loire",
"France_Auvergne_Puy-de-Dome":"Puy-de-Dôme",
"France_Brittany":"Bretagne",
"France_Brittany_Cotes-dArmor":"Côtes-d'Armor",
"France_Brittany_Finistere":"Finistère",
"France_Brittany_Ille-et-Vilaine":"Ille-et-Vilaine",
"France_Brittany_Morbihan":"Morbihan",
"France_Burgundy":"Bourgogne",
"France_Burgundy_Cote-dOr":"Côte-d’Or",
"France_Burgundy_Nievre":"Nièvre",
"France_Burgundy_Saone-et-Loire":"Saône-et-Loire",
"France_Burgundy_Yonne":"Yonne",
"France_Centre-Val de Loire":"Centre",
"France_Centre-Val de Loire_Cher":"Cher",
"France_Centre-Val de Loire_Eure-et-Loir":"Eure-et-Loir",
"France_Centre-Val de Loire_Indre":"Indre",
"France_Centre-Val de Loire_Indre-et-Loire":"Indre-et-Loire",
"France_Centre-Val de Loire_Loir-et-Cher":"Loir-et-Cher",
"France_Centre-Val de Loire_Loiret":"Loiret",
"France_Champagne-Ardenne":"Champagne-Ardenne",
"France_Corsica":"Korsika",
"France_Free County":"Franche-Comté",
"France_French Guiana":"Franska Guyana",
"France_Ile-de-France":"Île-de-France",
"France_Ile-de-France_Essonne":"Essonne",
"France_Ile-de-France_Hauts-de-Seine":"Hauts-de-Seine",
"France_Ile-de-France_Paris":"Paris",
"France_Ile-de-France_Seine-Saint-Denis":"Seine-Saint-Denis",
"France_Ile-de-France_Seine-et-Marne":"Seine-et-Marne",
"France_Ile-de-France_Val-dOise":"Val-d'Oise",
"France_Ile-de-France_Val-de-Marne":"Val-de-Marne",
"France_Ile-de-France_Yvelines":"Yvelines",
"France_Languedoc-Roussillon":"Languedoc-Roussillon",
"France_Languedoc-Roussillon_Aude":"Aude",
"France_Languedoc-Roussillon_Gard":"Gard",
"France_Languedoc-Roussillon_Herault":"Hérault",
"France_Languedoc-Roussillon_Lozere":"Lozère",
"France_Languedoc-Roussillon_Pyrenees-Orientales":"Pyrénées-Orientales",
"France_Limousin":"Limousin",
"France_Lorraine":"Lorraine",
"France_Lorraine_Meurthe-et-Moselle":"Meurthe-et-Moselle",
"France_Lorraine_Meuse":"Meuse",
"France_Lorraine_Moselle":"Moselle",
"France_Lorraine_Vosges":"Vosges",
"France_Lower Normandy":"Basse-Normandie",
"France_Lower Normandy_Calvados":"Calvados",
"France_Lower Normandy_Manche":"Manche",
"France_Lower Normandy_Orne":"Orne",
"France_Midi-Pyrenees":"Midi-Pyrénées",
"France_Midi-Pyrenees_Ariege":"Ariège",
"France_Midi-Pyrenees_Aveyron":"Aveyron",
"France_Midi-Pyrenees_Gers":"Gers",
"France_Midi-Pyrenees_Haute-Garonne":"Haute-Garonne",
"France_Midi-Pyrenees_Hautes-Pyrenees":"Hautes-Pyrénées",
"France_Midi-Pyrenees_Lot":"Lot",
"France_Midi-Pyrenees_Tarn":"Tarn",
"France_Midi-Pyrenees_Tarn-et-Garonne":"Tarn-et-Garonne",
"France_New Caledonia":"Nya Kaledonien",
"France_Nord-Pas-de-Calais":"Nord-Pas-de-Calais",
"France_Nord-Pas-de-Calais_Lille":"Lille",
"France_Nord-Pas-de-Calais_Nord":"Nord",
"France_Nord-Pas-de-Calais_Pas-de-Calais":"Pas-de-Calais",
"France_Pays de la Loire":"Pays de la Loire",
"France_Pays de la Loire_Loire-Atlantique":"Loire-Atlantique",
"France_Pays de la Loire_Maine-et-Loire":"Maine-et-Loire",
"France_Pays de la Loire_Mayenne":"Mayenne",
"France_Pays de la Loire_Sarthe":"Sarthe",
"France_Pays de la Loire_Vendee":"Vendée",
"France_Picardy":"Picardie",
"France_Picardy_Aisne":"Aisne",
"France_Picardy_Oise":"Oise",
"France_Picardy_Somme":"Somme",
"France_Poitou-Charentes":"Poitou-Charentes",
"France_Poitou-Charentes_Charente":"Charente",
"France_Poitou-Charentes_Charente-Maritime":"Charente-Maritime",
"France_Poitou-Charentes_Deux-Sevres":"Deux-Sèvres",
"France_Poitou-Charentes_Vienne":"Vienne",
"France_Provence-Alpes-Cote dAzur":"Provence-Alpes-Côte d'Azur",
"France_Provence-Alpes-Cote dAzur_Alpes-de-Haute-Provence":"Alpes-de-Haute-Provence",
"France_Provence-Alpes-Cote dAzur_Bouches-du-Rhone":"Bouches-du-Rhône",
"France_Provence-Alpes-Cote dAzur_Hautes-Alpes":"Hautes-Alpes",
"France_Provence-Alpes-Cote dAzur_Maritime Alps":"Alpes-Maritimes",
"France_Provence-Alpes-Cote dAzur_Var":"Var",
"France_Provence-Alpes-Cote dAzur_Vaucluse":"Vaucluse",
"France_Rhone-Alpes":"Rhône-Alpes",
"France_Rhone-Alpes_Ain":"Ain",
"France_Rhone-Alpes_Ardeche":"Ardèche",
"France_Rhone-Alpes_Drome":"Drôme",
"France_Rhone-Alpes_Haute-Savoie":"Haute-Savoie",
"France_Rhone-Alpes_Isere":"Isère",
"France_Rhone-Alpes_Loire":"Loire",
"France_Rhone-Alpes_Rhone":"Rhône",
"France_Rhone-Alpes_Savoie":"Savoie",
"France_Southern Islands":"Franska sydterritorierna",
"France_Upper Normandy":"Haute-Normandie",
"French Polynesia":"Franska Polynesien",
"Gabon":"Gabon",
"Georgia":"Georgien",
"Germany":"Tyskland",
"Germany_Baden-Wurttemberg":"Baden-Württemberg",
"Germany_Baden-Wurttemberg_Regierungsbezirk Freiburg":"Freiburg im Breisgau",
"Germany_Baden-Wurttemberg_Regierungsbezirk Karlsruhe":"Karlsruheregionen",
"Germany_Baden-Wurttemberg_Regierungsbezirk Stuttgart_Heilbronn":"Stuttgartregionen — Heilbronn",
"Germany_Baden-Wurttemberg_Regierungsbezirk Stuttgart_Stuttgart":"Stuttgartregiionen — Stuttgart",
"Germany_Baden-Wurttemberg_Regierungsbezirk Tubingen":"Tübingen",
"Germany_Berlin":"Berlin",
"Germany_Brandenburg_North":"Brandenburg — Nord",
"Germany_Brandenburg_South":"Brandenburg — Syd",
"Germany_Free State of Bavaria":"Bayern",
"Germany_Free State of Bavaria_Lower Bavaria":"Niederbayern",
"Germany_Free State of Bavaria_Lower Franconia":"Unterfranken",
"Germany_Free State of Bavaria_Middle Franconia":"Mittelfranken",
"Germany_Free State of Bavaria_Swabia":"Schwaben",
"Germany_Free State of Bavaria_Upper Bavaria_East":"Oberbayern — Öst",
"Germany_Free State of Bavaria_Upper Bavaria_Ingolstadt":"Oberbayern — Ingolstadt",
"Germany_Free State of Bavaria_Upper Bavaria_Munchen":"Oberbayern — München",
"Germany_Free State of Bavaria_Upper Franconia":"Oberfranken",
"Germany_Free State of Bavaria_Upper Palatinate":"Oberpfalz",
"Germany_Hamburg_main":"Hamburg",
"Germany_Hesse":"Hessen",
"Germany_Hesse_Regierungsbezirk Darmstadt":"Regierungsbezirk Darmstadt",
"Germany_Hesse_Regierungsbezirk Giessen":"Regierungsbezirk Gießen",
"Germany_Hesse_Regierungsbezirk Kassel":"Regierungsbezirk Kassel",
"Germany_Lower Saxony":"Niedersachsen",
"Germany_Lower Saxony_Bremen_Bremen":"Bremen",
"Germany_Lower Saxony_Bremen_Munster":"Lüneburg",
"Germany_Lower Saxony_Hannover":"Hannover",
"Germany_Lower Saxony_Oldenburg":"Oldenburg",
"Germany_Mecklenburg-Vorpommern":"Mecklenburg-Vorpommern",
"Germany_North Rhine-Westphalia":"Nordrhein-Westfalen",
"Germany_North Rhine-Westphalia_Regierungsbezirk Arnsberg_Arnsberg":"Arnsberg — Arnsberg",
"Germany_North Rhine-Westphalia_Regierungsbezirk Arnsberg_Dortmund":"Arnsberg — Dortmund",
"Germany_North Rhine-Westphalia_Regierungsbezirk Detmold":"Detmold",
"Germany_North Rhine-Westphalia_Regierungsbezirk Dusseldorf_Dusseldorf":"Düsseldorf — Düsseldorf",
"Germany_North Rhine-Westphalia_Regierungsbezirk Dusseldorf_Mulheim":"Düsseldorf — Mülheim an der Ruhr",
"Germany_North Rhine-Westphalia_Regierungsbezirk Dusseldorf_Wesel":"Düsseldorf — Wesel",
"Germany_North Rhine-Westphalia_Regierungsbezirk Koln_Aachen":"Köln — Aachen",
"Germany_North Rhine-Westphalia_Regierungsbezirk Koln_Koln":"Köln — Köln",
"Germany_North Rhine-Westphalia_Regierungsbezirk Munster_Munster":"Münster — Münster",
"Germany_North Rhine-Westphalia_Regierungsbezirk Munster_Recklinghausen":"Münster — Recklinghausen",
"Germany_Rhineland-Palatinate_Koblenz":"Rheinland-Pfalz — Koblenz",
"Germany_Rhineland-Palatinate_South":"Rheinland-Pfalz — Mainz",
"Germany_Saarland":"Saarland",
"Germany_Saxony-Anhalt":"Sachsen-Anhalt",
"Germany_Saxony_Dresden":"Sachsen — Dresden",
"Germany_Saxony_Leipzig":"Sachsen — Leipzig",
"Germany_Schleswig-Holstein":"Schleswig-Holstein",
"Germany_Thuringia":"Thüringen",
"Ghana":"Ghana",
"Gibraltar":"Gibraltar",
"Greece":"Grekland",
"Greece_Decentralized Administration of Aegean":"Egeiska havsregionen",
"Greece_Decentralized Administration of Attica":"Attica-regionen",
"Greece_Decentralized Administration of Crete":"Kretaregionen",
"Greece_Decentralized Administration of Epirus - Western Macedonia":"Epirus och Västmakedonien",
"Greece_Decentralized Administration of Macedonia and Thrace":"Makedonien och Thrakien",
"Greece_Decentralized Administration of Thessaly - Central Greece":"Thessalien och centrala Grekland",
"Greece_Decentralized Administration of West Greece":"Peloponnesos-regionen",
"Greenland":"Grönland",
"Grenada":"Grenada",
"Guadeloupe":"Guadeloupe",
"Guatemala":"Guatemala",
"Guernsey":"Guernsey",
"Guinea":"Guinea",
"Guinea-Bissau":"Guinea-Bissau",
"Guyana":"Guyana",
"Haiti":"Haiti",
"Honduras":"Honduras",
"Hungary":"Ungern",
"Hungary_Kozep-Magyarorszag":"Mellersta Ungern",
"Hungary_Northern Great Plain":"Ungern — Öst",
"Hungary_Transdanubia":"Ungern — Väst",
"Iceland":"Island",
"Illinois":"Illinois",
"India":"Indien",
"India_Andaman and Nicobar Islands":"Andamanerna och Nikobarerna",
"India_Andhra Pradesh":"Andhra Pradesh",
"India_Arunachal Pradesh":"Arunachal Pradesh",
"India_Assam":"Assam",
"India_Bihar":"Bihar",
"India_Chandigarh":"Chandigarh",
"India_Chhattisgarh":"Chhattisgarh",
"India_Delhi":"Delhi",
"India_Goa":"Goa",
"India_Gujarat":"Gujarat",
"India_Haryana":"Haryana",
"India_Himachal Pradesh":"Himachal Pradesh",
"India_Jammu and Kashmir":"Jammu och Kashmir",
"India_Jharkhand":"Jharkhand",
"India_Karnataka":"Karnataka",
"India_Kerala":"Kerala",
"India_Lakshadweep":"Lakshadweep",
"India_Madhya Pradesh":"Madhya Pradesh",
"India_Maharashtra":"Maharashtra",
"India_Manipur":"Manipur",
"India_Meghalaya":"Meghalaya",
"India_Mizoram":"Mizoram",
"India_Nagaland":"Nagaland",
"India_Odisha":"Orissa",
"India_Punjab":"Punjab",
"India_Rajasthan":"Rajasthan",
"India_Sikkim":"Sikkim",
"India_Tamil Nadu":"Tamil Nadu",
"India_Telangana":"Telangana",
"India_Tripura":"Tripura",
"India_Uttar Pradesh":"Uttar Pradesh",
"India_Uttarakhand":"Uttarakhand",
"India_West Bengal":"Västbengalen",
"Indiana":"Indiana",
"Indonesia":"Indonesien",
"Indonesia_Central":"Sulawesi, Kalimantan",
"Indonesia_East":"Indonesien — Öst",
"Indonesia_Jawa Barat":"Jawa Barat",
"Indonesia_Jawa Tengah":"Jawa Tengah",
"Indonesia_Jawa Timur":"Jawa Timur",
"Indonesia_Nusa Tenggara":"Små Sundaöarna",
"Indonesia_West":"Sumatra",
"Iowa":"Iowa",
"Iran":"Iran",
"Iran_North":"Iran — Nord",
"Iran_South":"Iran — Syd",
"Iraq":"Irak",
"Ireland":"Irland",
"Ireland_Connacht":"Connacht",
"Ireland_Leinster":"Leinster",
"Ireland_Munster":"Munster",
"Ireland_Northern Counties":"Ulster",
"Isle of Man":"Isle of Man",
"Israel":"Israel",
"Israel Region":"Israel",
"Italy":"Italien",
"Italy_Abruzzo":"Abruzzo",
"Italy_Aosta Valley":"Aostadalen",
"Italy_Apulia":"Apulien",
"Italy_Basilicata":"Basilicata",
"Italy_Calabria":"Kalabrien",
"Italy_Campania":"Kampanien",
"Italy_Emilia":"Emilia-Romagna",
"Italy_Emilia-Romagna_Bologna":"Bologna",
"Italy_Emilia-Romagna_Ferrara":"Ferrara",
"Italy_Emilia-Romagna_Forli-Cesena":"Forlì-Cesena",
"Italy_Emilia-Romagna_Modena":"Modena",
"Italy_Emilia-Romagna_Parma":"Parma",
"Italy_Emilia-Romagna_Piacenza":"Piacenza",
"Italy_Emilia-Romagna_Ravenna":"Ravenna",
"Italy_Emilia-Romagna_Reggio Emilia":"Reggio Emilia",
"Italy_Emilia-Romagna_Rimini":"Rimini",
"Italy_Friuli":"Friuli-Venezia Giulia",
"Italy_Friuli-Venezia Giulia_Gorizia":"Gorizia",
"Italy_Friuli-Venezia Giulia_Pordenone":"Pordenone",
"Italy_Friuli-Venezia Giulia_Trieste":"Trieste",
"Italy_Friuli-Venezia Giulia_Udine":"Udine",
"Italy_Lazio":"Lazio",
"Italy_Liguria":"Ligurien",
"Italy_Lombardy":"Lombardiet",
"Italy_Lombardy_Bergamo":"Bergamo",
"Italy_Lombardy_Brescia":"Brescia",
"Italy_Lombardy_Como":"Como",
"Italy_Lombardy_Cremona":"Cremona",
"Italy_Lombardy_Lecco":"Lecco",
"Italy_Lombardy_Lodi":"Lodi",
"Italy_Lombardy_Mantua":"Mantova",
"Italy_Lombardy_Milan":"Milano",
"Italy_Lombardy_Monza and Brianza":"Monza e Brianza",
"Italy_Lombardy_Pavia":"Pavia",
"Italy_Lombardy_Sondrio":"Sondrio",
"Italy_Lombardy_Varese":"Varese",
"Italy_Marche":"Marche",
"Italy_Molise":"Molise",
"Italy_Piemont":"Piemonte",
"Italy_Piemont_Alessandria":"Alessandria",
"Italy_Piemont_Asti":"Asti",
"Italy_Piemont_Biella":"Biella",
"Italy_Piemont_Cuneo":"Cuneo",
"Italy_Piemont_Novara":"Novara",
"Italy_Piemont_Torino":"Torino",
"Italy_Piemont_Verbano-Cusio-Ossola":"Verbano Cusio Ossola",
"Italy_Piemont_Vercelli":"Vercelli",
"Italy_Sardinia":"Sardinien",
"Italy_Sicily":"Sicilien",
"Italy_Trentino-Alto Adige Sudtirol":"Trentino-Alto Adige",
"Italy_Tuscany_Grosseto":"Toscana — Grosseto",
"Italy_Tuscany_Massa e Carrara":"Toscana — Massa-Carrara",
"Italy_Umbria":"Umbrien",
"Italy_Veneto":"Veneto",
"Italy_Veneto_Belluno":"Belluno",
"Italy_Veneto_Padova":"Padova",
"Italy_Veneto_Rovigo":"Rovigo",
"Italy_Veneto_Treviso":"Treviso",
"Italy_Veneto_Venezia":"Venedig",
"Italy_Veneto_Verona":"Verona",
"Italy_Veneto_Vicenza":"Vicenza",
"Jamaica":"Jamaica",
"Japan":"Japan",
"Japan_Chubu Region":"Chubu",
"Japan_Chubu Region_Aichi":"Aichi prefektur",
"Japan_Chubu Region_Fukui":"Fukui prefektur",
"Japan_Chubu Region_Gifu":"Gifu prefektur",
"Japan_Chubu Region_Ishikawa":"Ishikawa prefektur",
"Japan_Chubu Region_Nagano":"Nagano prefektur",
"Japan_Chubu Region_Niigata":"Niigata prefektur",
"Japan_Chubu Region_Shizuoka":"Shizuoka prefektur",
"Japan_Chubu Region_Toyama":"Toyama prefektur",
"Japan_Chubu Region_Yamanashi":"Yamanashi prefektur",
"Japan_Chugoku Region":"Chugoku",
"Japan_Chugoku Region_Hiroshima":"Hiroshima prefektur",
"Japan_Chugoku Region_Okayama":"Okayama prefektur",
"Japan_Chugoku Region_Shimane":"Shimane prefektur",
"Japan_Chugoku Region_Tottori":"Tottori prefektur",
"Japan_Chugoku Region_Yamaguchi":"Yamaguchi prefektur",
"Japan_Hokkaido Region":"Hokkaido",
"Japan_Hokkaido Region_East":"Hokkaido — Öst",
"Japan_Hokkaido Region_North":"Hokkaido — Nord",
"Japan_Hokkaido Region_West":"Hokkaido — Väst",
"Japan_Kanto":"Kanto",
"Japan_Kanto_Chiba":"Chiba prefektur",
"Japan_Kanto_Gunma":"Gunma prefektur",
"Japan_Kanto_Ibaraki":"Ibaraki prefektur",
"Japan_Kanto_Kanagawa":"Kanagawa prefektur",
"Japan_Kanto_Saitama":"Saitama prefektur",
"Japan_Kanto_Tochigi":"Tochigi prefektur",
"Japan_Kanto_Tokyo":"Tokyo prefektur",
"Japan_Kinki Region":"Kansai",
"Japan_Kinki Region_Mie":"Mie prefektur",
"Japan_Kinki Region_Nara":"Nara prefektur",
"Japan_Kinki Region_Osaka":"Osaka prefektur",
"Japan_Kinki Region_Wakayama":"Wakayama prefektur",
"Japan_Kyushu Region":"Kyushu",
"Japan_Kyushu Region_Fukuoka":"Fukuoka prefektur",
"Japan_Kyushu Region_Kagoshima":"Kagoshima prefektur",
"Japan_Kyushu Region_Kumamoto":"Kumamoto prefektur",
"Japan_Kyushu Region_Miyazaki":"Miyazaki prefektur",
"Japan_Kyushu Region_Nagasaki":"Nagasaki prefektur",
"Japan_Kyushu Region_Oita":"Oita prefektur",
"Japan_Kyushu Region_Okinawa":"Okinawa prefektur",
"Japan_Kyushu Region_Saga":"Saga prefektur",
"Japan_Shikoku Region":"Shikoku",
"Japan_Shikoku Region_Ehime":"Ehime prefektur",
"Japan_Shikoku Region_Kagawa":"Kagawa prefektur",
"Japan_Shikoku Region_Kochi":"Kochi prefektur",
"Japan_Shikoku Region_Kyoto":"Kyoto prefektur",
"Japan_Shikoku Region_Tokushima":"Tokushima prefektur",
"Japan_Tohoku":"Tohoku",
"Japan_Tohoku_Akita":"Akita prefektur",
"Japan_Tohoku_Aomori":"Aomori prefektur",
"Japan_Tohoku_Fukushima":"Fukushima-prefekturen",
"Japan_Tohoku_Iwate":"Iwate",
"Japan_Tohoku_Miyagi":"Miyagi prefektur",
"Japan_Tohoku_Yamagata":"Yamagata prefektur",
"Jersey":"Jersey",
"Jerusalem":"Jerusalem",
"Jordan":"Jordanien",
"Kansas":"Kansas",
"Kazakhstan":"Kazakstan",
"Kentucky":"Kentucky",
"Kenya":"Kenya",
"Kingdom of Lesotho":"Lesotho",
"Kiribati":"Kiribati",
"Kuwait":"Kuwait",
"Kyrgyzstan":"Kirgizistan",
"Laos":"Laos",
"Latvia":"Lettland",
"Lebanon":"Libanon",
"Liberia":"Liberia",
"Libya":"Libyen",
"Liechtenstein":"Liechtenstein",
"Lithuania":"Litauen",
"Louisiana":"Louisiana",
"Luxembourg":"Luxemburg",
"Macedonia":"Makedonien",
"Madagascar":"Madagaskar",
"Malawi":"Malawi",
"Malaysia":"Malaysia",
"Maldives":"Maldiverna",
"Mali":"Mali",
"Malta":"Malta",
"Marshall Islands":"Marshallöarna",
"Martinique":"Martinique",
"Maryland":"Maryland",
"Massachusetts":"Massachusetts",
"Mauritania":"Mauretanien",
"Mauritius":"Mauritius",
"Mexico":"Mexiko",
"Mexico_California":"Baja California",
"Mexico_Central_East":"Nuevo León",
"Mexico_Central_West":"Nayarit",
"Mexico_East":"Mexiko — Öst",
"Mexico_Mexico":"Mexico City",
"Mexico_North":"Mexiko — Nord",
"Mexico_South":"Mexiko — Syd",
"Michigan":"Michigan",
"Minnesota":"Minnesota",
"Missouri":"Missouri",
"Moldova":"Moldavien",
"Monaco":"Monaco",
"Mongolia":"Mongoliet",
"Montenegro":"Montenegro",
"Montserrat":"Montserrat",
"Morocco":"Marocko",
"Morocco_Doukkala-Abda":"Doukala-Abda",
"Morocco_Rabat-Sale-Zemmour-Zaer":"Rabat-Salé-Zemmour-Zaēr",
"Morocco_Southern":"Marocko — Syd",
"Morocco_Western Sahara":"Västsahara",
"Mozambique":"Moçambique",
"Myanmar":"Burma",
"Nagorno-Karabakh":"Nagorno-Karabach",
"Namibia":"Namibia",
"Nauru":"Nauru",
"Nepal":"Nepal",
"Nepal_East":"Nepal — Öst",
"Nepal_West":"Nepal — Väst",
"Netherlands":"Nederländerna",
"Netherlands_Drenthe":"Drenthe",
"Netherlands_Flevoland":"Flevoland",
"Netherlands_Friesland":"Friesland",
"Netherlands_Gelderland_Nijmegen":"Gelderland — Nijmegen",
"Netherlands_Gelderland_North":"Gelderland — Apeldoorn",
"Netherlands_Gelderland_Zutphen":"Gelderland — Zutphen",
"Netherlands_Groningen":"Groningen",
"Netherlands_Limburg":"Limburg",
"Netherlands_North Brabant_Eindhoven":"Noord-Brabant — Eindhoven",
"Netherlands_North Brabant_Roosendaal":"Noord-Brabant — Roosendaal",
"Netherlands_North Brabant_Tiburg":"Noord-Brabant — Tilburg",
"Netherlands_North Brabant_Uden":"Noord-Brabant — Uden",
"Netherlands_North Holland_Alkmaar":"Noord-Holland — Alkmaar",
"Netherlands_North Holland_Amsterdam":"Noord-Holland — Amsterdam",
"Netherlands_North Holland_Zaandam":"Noord-Holland — Zaanstad",
"Netherlands_Overijssel_Enschede":"Overijssel — Enschede",
"Netherlands_Overijssel_Zwolle":"Overijssel — Zwolle",
"Netherlands_South Holland_Brielle":"Zuid-Holland — Brielle",
"Netherlands_South Holland_Den Haag":"Zuid-Holland — Haag",
"Netherlands_South Holland_Leiden":"Zuid-Holland — Leiden",
"Netherlands_South Holland_Rotterdam":"Zuid-Holland — Rotterdam",
"Netherlands_Utrecht_Amersfoort":"Utrecht — Amersfoort",
"Netherlands_Utrecht_Utrecht":"Utrecht — Utrecht",
"Netherlands_Zeeland":"Zeeland",
"New Jersey":"New Jersey",
"New York":"New York",
"New Zealand":"Nya Zeeland",
"New Zealand North_Auckland":"Nord — Auckland",
"New Zealand North_Wellington":"Nord — Wellington",
"New Zealand South_Canterbury":"Syd — Canterbury, Nya Zeeland",
"New Zealand South_Southland":"Syd — Southland",
"Nicaragua":"Nicaragua",
"Niger":"Niger",
"Nigeria":"Nigeria",
"Niue":"Niue",
"North Carolina":"North Carolina",
"North Dakota":"North Dakota",
"North Korea":"Nordkorea",
"Norway":"Norge",
"Norway_Bouvet Island":"Bouvetön",
"Norway_Central":"Oslo",
"Norway_Hedmark":"Hedmark fylke",
"Norway_Jan Mayen":"Jan Mayen",
"Norway_Northern":"Nordnorge",
"Norway_Oppland":"Oppland fylke",
"Norway_Southern":"Sørlandet",
"Norway_Svalbard":"Svalbard",
"Norway_Trondelag":"Trøndelag",
"Norway_Western":"Vestlandet",
"Ohio":"Ohio",
"Oklahoma":"Oklahoma",
"Oman":"Oman",
"Oregon":"Oregon",
"Pakistan":"Pakistan",
"Palau":"Palau",
"Palestine":"Palestina",
"Palestine Region":"Palestina",
"Panama":"Panama",
"Papua New Guinea":"Papua Nya Guinea",
"Paraguay":"Paraguay",
"Pennsylvania":"Pennsylvania",
"People's Republic of China":"Kina",
"Peru":"Peru",
"Peru_North":"Peru — Nord",
"Peru_South":"Peru — Syd",
"Philippines":"Filippinerna",
"Philippines_Luzon_Manila":"Metro Manila",
"Philippines_Luzon_North":"Luzon — Nord",
"Philippines_Luzon_South":"Luzon — Syd",
"Philippines_Mindanao":"Mindanao",
"Philippines_Visayas":"Visayaöarna",
"Pitcairn Islands":"Pitcairnöarna",
"Poland":"Polen",
"Poland_Greater Poland Voivodeship":"Storpolens vojvodskap",
"Poland_Kuyavian-Pomeranian Voivodeship":"Kujavien-Pommerns vojvodskap",
"Poland_Lesser Poland Voivodeship":"Lillpolens vojvodskap",
"Poland_Lodz Voivodeship":"Łódź vojvodskap",
"Poland_Lower Silesian Voivodeship":"Nedre Schlesiens vojvodskap",
"Poland_Lublin Voivodeship":"Lublins vojvodskap",
"Poland_Lubusz Voivodeship":"Lubusz vojvodskap",
"Poland_Masovian Voivodeship":"Masoviens vojvodskap",
"Poland_Opole Voivodeship":"Opole vojvodskap",
"Poland_Podlaskie Voivodeship":"Podlasiens vojvodskap",
"Poland_Pomeranian Voivodeship":"Pommerns vojvodskap",
"Poland_Silesian Voivodeship":"Schlesiens vojvodskap",
"Poland_Subcarpathian Voivodeship":"Nedre Karpaternas vojvodskap",
"Poland_Swietokrzyskie Voivodeship":"Święty Krzyż vojvodskap",
"Poland_Warmian-Masurian Voivodeship":"Ermland-Masuriens vojvodskap",
"Poland_West Pomeranian Voivodeship":"Västpommerns vojvodskap",
"Portugal":"Portugal",
"Portugal_North":"Portugal — Nord",
"Portugal_South":"Portugal — Syd",
"Qatar":"Qatar",
"Republic of Kosovo":"Kosovo",
"Romania":"Rumänien",
"Romania_Centre":"Central",
"Romania_North_East":"Nordost",
"Romania_North_West":"Nordväst",
"Romania_South":"Syd",
"Romania_South_East":"Sydost",
"Romania_South_West":"Sydväst",
"Romania_West":"Väst",
"Russia_Altai Krai":"Altaj kraj",
"Russia_Altai Republic":"Altajrepubliken",
"Russia_Amur Oblast":"Amur oblast",
"Russia_Arkhangelsk Oblast_Central":"Archangelsk oblast — Central",
"Russia_Arkhangelsk Oblast_North":"Archangelsk oblast — Nord",
"Russia_Astrakhan Oblast":"Astrachan oblast",
"Russia_Bashkortostan":"Basjkirien",
"Russia_Belgorod Oblast":"Belgorod oblast",
"Russia_Bryansk Oblast":"Brjansk oblast",
"Russia_Buryatia":"Burjatien",
"Russia_Chechen Republic":"Tjetjenien",
"Russia_Chelyabinsk Oblast":"Tjeljabinsk oblast",
"Russia_Chukotka Autonomous Okrug":"Tjuktjien",
"Russia_Chuvashia":"Tjuvasjien",
"Russia_Ingushetia":"Ingusjien",
"Russia_Irkutsk Oblast":"Irkutsk oblast",
"Russia_Ivanovo Oblast":"Ivanovo oblast",
"Russia_Jewish Autonomous Oblast":"Judiska autonoma länet",
"Russia_Kabardino-Balkaria":"Kabardinien-Balkarien",
"Russia_Kaliningrad Oblast":"Kaliningrad oblast",
"Russia_Kaluga Oblast":"Kaluga oblast",
"Russia_Kamchatka Krai":"Kamtjatka kraj",
"Russia_Karachay-Cherkessia":"Karatjajen-Tjerkessien",
"Russia_Kemerov Oblast":"Kemerovo oblast",
"Russia_Khabarovsk Krai":"Chabarovsk kraj",
"Russia_Khakassia":"Chakassien",
"Russia_Kirov Oblast":"Kirov oblast",
"Russia_Komi Republic":"Komi",
"Russia_Kostroma Oblast":"Kostroma oblast",
"Russia_Krasnodar Krai":"Krasnodar kraj — Nord",
"Russia_Krasnodar Krai_Adygeya":"Krasnodar kraj, Adygeiska republiken",
"Russia_Krasnoyarsk Krai":"Krasnojarsk kraj",
"Russia_Kurgan Oblast":"Kurgan oblast",
"Russia_Kursk Oblast":"Kursk oblast",
"Russia_Leningradskaya Oblast_Karelsky":"Leningrad oblast — Nord",
"Russia_Leningradskaya Oblast_Southeast":"Leningrad oblast — Syd",
"Russia_Lipetsk Oblast":"Lipetsk oblast",
"Russia_Magadan Oblast":"Magadan oblast",
"Russia_Mari El":"Marij El",
"Russia_Moscow":"Moskva",
"Russia_Moscow Oblast":"Moskva oblast",
"Russia_Murmansk Oblast":"Murmansk oblast",
"Russia_Nenets Autonomous Okrug":"Nentsien",
"Russia_Nizhny Novgorod Oblast":"Nizjnij Novgorod oblast",
"Russia_North Ossetia-Alania":"Nordossetien",
"Russia_Novgorod Oblast":"Novgorod oblast",
"Russia_Novosibirsk Oblast":"Novosibirsk oblast",
"Russia_Omsk Oblast":"Omsk oblast",
"Russia_Orenburg Oblast":"Orenburg oblast",
"Russia_Oryol Oblast":"Orjol oblast",
"Russia_Penza Oblast":"Penza oblast",
"Russia_Perm Krai":"Perm kraj",
"Russia_Primorsky Krai":"Primorje kraj",
"Russia_Pskov Oblast":"Pskov oblast",
"Russia_Republic of Dagestan":"Dagestan",
"Russia_Republic of Kalmykia":"Kalmuckien",
"Russia_Republic of Karelia":"Karelska republiken",
"Russia_Republic of Mordovia":"Mordvinien",
"Russia_Rostov Oblast":"Rostov oblast",
"Russia_Ryazan Oblast":"Rjazan oblast",
"Russia_Saint Petersburg":"Sankt Petersburg",
"Russia_Sakha Republic":"Sacha",
"Russia_Sakhalin Oblast":"Sachalin oblast",
"Russia_Samara Oblast":"Samara oblast",
"Russia_Saratov Oblast":"Saratov oblast",
"Russia_Smolensk Oblast":"Smolensk oblast",
"Russia_Stavropol Krai":"Stavropol kraj",
"Russia_Sverdlovsk Oblast":"Sverdlovsk oblast",
"Russia_Tambov Oblast":"Tambov oblast",
"Russia_Tatarstan":"Tatarstan",
"Russia_Tomsk Oblast":"Tomsk oblast",
"Russia_Tula Oblast":"Tula oblast",
"Russia_Tuva":"Tuva",
"Russia_Tver Oblast":"Tver oblast",
"Russia_Tyumen Oblast":"Tiumen oblast",
"Russia_Udmurt Republic":"Udmurtien",
"Russia_Ulyanovsk Oblast":"Uljanovsk oblast",
"Russia_Vladimir Oblast":"Vladimir oblast",
"Russia_Volgograd Oblast":"Volgograd oblast",
"Russia_Vologda Oblast":"Vologda oblast",
"Russia_Voronezh Oblast":"Voronezj oblast",
"Russia_Yamalo-Nenets Autonomous Okrug":"Jamalo-Nentsien",
"Russia_Yaroslavl Oblast":"Jaroslavl oblast",
"Russia_Yugra":"Chantien-Mansien",
"Russia_Zabaykalsky Krai":"Zabajkalskij kraj",
"Russian Federation":"Ryssland",
"Rwanda":"Rwanda",
"Sahrawi Arab Democratic Republic":"Sahariska arabiska demokratiska republiken",
"Saint Barthelemy":"Saint-Barthélemy",
"Saint Helena Ascension and Tristan da Cunha":"Sankta Helena, Ascension och Tristan da Cunha",
"Saint Kitts and Nevis":"Saint Kitts och Nevis",
"Saint Lucia":"Saint Lucia",
"Saint Martin":"Saint Martin",
"Saint Vincent and the Grenadines":"Saint Vincent och Grenadinerna",
"Samoa":"Samoa",
"San Marino":"San Marino",
"Sao Tome and Principe":"São Tomé och Príncipe",
"Saudi Arabia":"Saudiarabien",
"Senegal":"Senegal",
"Serbia":"Serbien",
"Seychelles":"Seychellerna",
"Sierra Leone":"Sierra Leone",
"Singapore":"Singapore",
"Slovakia":"Slovakien",
"Slovakia_Region of Banska Bystrica":"Banská Bystrica",
"Slovakia_Region of Bratislava":"Bratislava",
"Slovakia_Region of Kosice":"Košice",
"Slovakia_Region of Nitra":"Nitra",
"Slovakia_Region of Presov":"Prešov",
"Slovakia_Region of Trencin":"Trenčín",
"Slovakia_Region of Trnava":"Trnava",
"Slovakia_Region of Zilina":"Žilina",
"Slovenia":"Slovenien",
"Solomon Islands":"Salomonöarna",
"Somalia":"Somalia",
"South Africa":"Sydafrika",
"South Africa_Eastern Cape":"Östra Kapprovinsen",
"South Africa_Free State":"Fristatsprovinsen",
"South Africa_Gauteng":"Gauteng",
"South Africa_KwaZulu-Natal":"KwaZulu-Natal",
"South Africa_Limpopo":"Limpopoprovinsen",
"South Africa_Mpumalanga":"Mpumalanga",
"South Africa_North West":"Nordvästprovinsen",
"South Africa_Northern Cape":"Norra Kapprovinsen",
"South Africa_Western Cape":"Västra Kapprovinsen",
"South Carolina":"South Carolina",
"South Georgia and the South Sandwich Islands":"Sydgeorgien och Sydsandwichöarna",
"South Korea":"Sydkorea",
"South Korea_North":"Sydkorea — Nord",
"South Korea_South":"Sydkorea — Syd",
"South Ossetia":"Sydossetien",
"South Sudan":"Sydsudan",
"Spain":"Spanien",
"Spain_Andalusia":"Andalusien",
"Spain_Aragon":"Aragonien",
"Spain_Balearic Islands":"Balearerna",
"Spain_Basque Country":"Regionen Baskien",
"Spain_Canary Islands":"Kanarieöarna",
"Spain_Cantabria":"Kantabrien",
"Spain_Castile and Leon":"Kastilien och León",
"Spain_Castile-La Mancha":"Kastilien-La Mancha",
"Spain_Catalonia_Provincia de Barcelona":"Barcelona",
"Spain_Catalonia_Provincia de Girona":"Girona",
"Spain_Catalonia_Provincia de Lleida":"Lleida",
"Spain_Catalonia_Provincia de Tarragona":"Tarragona",
"Spain_Ceuta":"Ceuta",
"Spain_Community of Madrid":"Madrid",
"Spain_Comunidad Foral de Navarra":"Navarra",
"Spain_Extremadura":"Extremadura",
"Spain_Galicia":"Galicien",
"Spain_La Rioja":"La Rioja",
"Spain_Melilla":"Melilla",
"Spain_Principado de Asturias":"Asturien",
"Spain_Region de Murcia":"Murcia",
"Spain_Valencian Community":"Valencia",
"Sri Lanka":"Sri Lanka",
"Sudan":"Sudan",
"Suriname":"Surinam",
"Swaziland":"Swaziland",
"Sweden":"Sverige",
"Sweden_Bergslagen":"Bergslagen",
"Sweden_Malardalen":"Mälardalen",
"Sweden_Mellannorrland":"Mellannorrland",
"Sweden_Norra Sverige":"Norra Sverige",
"Sweden_Ostra Gotaland":"Östergötland",
"Sweden_Sodra Gotaland":"Södra Götaland",
"Sweden_Vastra Gotaland":"Västergötland",
"Switzerland":"Schweiz",
"Switzerland_Central":"Centralschweiz",
"Switzerland_Eastern":"Östra Schweiz",
"Switzerland_Espace Mittelland":"Schweizer Mittelland",
"Switzerland_Lake Geneva region":"Genèvesjöregionen",
"Switzerland_Northwestern":"Nordvästra Schweiz",
"Switzerland_Ticino":"Ticino",
"Switzerland_Zurich":"Zürich storstadsområde",
"Syria":"Syrien",
"Taiwan":"Taiwan",
"Tajikistan":"Tadzjikistan",
"Tanzania":"Tanzania",
"Tennessee":"Tennessee",
"Texas":"Texas",
"Thailand":"Thailand",
"Thailand_North":"Thailand — Nord",
"Thailand_South":"Thailand — Syd",
"The Bahamas":"Bahamas",
"The Gambia":"Gambia",
"Togo":"Togo",
"Tokelau":"Tokelau",
"Tonga":"Tonga",
"Trinidad and Tobago":"Trinidad och Tobago",
"Tunisia":"Tunisien",
"Turkey":"Turkiet",
"Turkey_Aegean Region":"Egeiska regionen",
"Turkey_Black Sea Region":"Svarta havsregionen",
"Turkey_Eastern Anatolia Region":"Östanatolien",
"Turkey_Marmara Region":"Marmara-regionen",
"Turkey_Mediterranean Region":"Medelhavsregionen",
"Turkey_Southeastern Anatolia Region":"Sydöstra Anatolien",
"Turkmenistan":"Turkmenistan",
"Turks and Caicos Islands":"Turks- och Caicosöarna",
"Tuvalu":"Tuvalu",
"UK_England_East Midlands":"East Midlands",
"UK_England_East of England_Essex":"Östra England — Essex",
"UK_England_East of England_Norfolk":"Östra England — Norfolk",
"UK_England_Greater London":"Storlondon",
"UK_England_North East England":"Nordöstra England",
"UK_England_North West England":"Nordvästra England",
"UK_England_South East_Brighton":"Sydöstra England — Brighton",
"UK_England_South East_Oxford":"Sydöstra England — Oxford",
"UK_England_South West England_Bristol":"Sydvästra England — Bristol",
"UK_England_South West England_Cornwall":"Sydvästra England — Cornwall",
"UK_England_West Midlands":"West Midlands",
"UK_England_Yorkshire and the Humber":"Yorkshire och Humber",
"UK_Northern Ireland":"Nordirland",
"UK_Scotland_North":"Skottland — Nord",
"UK_Scotland_South":"Skottland — Syd",
"UK_Wales":"Wales",
"US_Alabama_Birmingham":"Birmingham",
"US_Alabama_Montgomery":"Montgomery, Alabama",
"US_Alaska":"Alaska",
"US_Arizona_Flagstaff":"Flagstaff",
"US_Arizona_Phoenix":"Phoenix",
"US_Arizona_Tucson":"Tucson",
"US_Arkansas":"Arkansas",
"US_California_Bakersfield_Bakersfield":"Bakersfield",
"US_California_Bakersfield_Lancaster":"Lancaster",
"US_California_Chico":"Chico, Kalifornien",
"US_California_LA":"Los Angeles",
"US_California_LA North":"Los Angeles — Nord",
"US_California_Redding":"Redding",
"US_California_Sacramento_Fresno":"Fresno",
"US_California_Sacramento_Sacramento":"Sacramento",
"US_California_Sacramento_Stockton":"Stockton, Kalifornien",
"US_California_San Diego":"San Diego",
"US_California_Santa_Clara_Palo Alto":"San Francisco",
"US_California_Santa_Clara_Santa Cruz":"Santa Cruz",
"US_Colorado_Aspen":"Aspen",
"US_Colorado_Denver":"Denver",
"US_Colorado_South":"Colorado — Syd",
"US_Connecticut":"Connecticut",
"US_Delaware":"Delaware",
"US_Florida_Jacksonville":"Jacksonville, Florida",
"US_Florida_Miami":"Miami",
"US_Florida_Orlando":"Orlando, Florida",
"US_Florida_Tampa":"Tampa",
"US_Georgia":"Georgia",
"US_Georgia_Atlanta":"Atlanta",
"US_Georgia_Macon":"Macon",
"US_Georgia_North":"Georgia — Nord",
"US_Georgia_South":"Georgia — Syd",
"US_Guam":"Guam",
"US_Hawaii":"Hawaii",
"US_Idaho":"Idaho",
"US_Illinois_Chickago":"Chicago",
"US_Illinois_Elgin":"Elgin",
"US_Illinois_Rockford":"Rockford",
"US_Illinois_South":"Illinois — Syd",
"US_Illinois_Springfield":"Springfield",
"US_Indiana_North":"Indiana — Nord",
"US_Indiana_South":"Indiana — Syd",
"US_Iowa_Des Moines":"Des Moines",
"US_Iowa_Waterloo":"Waterloo",
"US_Iowa_West":"Iowa — Väst",
"US_Kansas_East":"Kansas — Öst",
"US_Kansas_West":"Kansas — Väst",
"US_Kentucky_East":"Kentucky — Öst",
"US_Kentucky_West":"Kentucky — Väst",
"US_Louisiana_Central":"Louisiana — Väst",
"US_Louisiana_New Orleans":"New Orleans",
"US_Maine":"Maine",
"US_Maryland_Baltimore":"Baltimore",
"US_Maryland_and_DC":"Väst, Washington, D.C.",
"US_Massachusetts_Boston":"Boston",
"US_Massachusetts_Central":"Worcester, Massachusetts",
"US_Massachusetts_Plymouth":"Plymouth",
"US_Massachusetts_Southeastern":"Barnstable",
"US_Massachusetts_West":"Springfield, Massachusetts",
"US_Michigan_Detroit":"Detroit",
"US_Michigan_North":"Michigan — Nord",
"US_Michigan_South":"Michigan — Syd",
"US_Minnesota_Minneapolis":"Minneapolis",
"US_Minnesota_North":"Minnesota — Nord",
"US_Minnesota_Rochester":"Rochester",
"US_Minnesota_Saint Cloud":"St. Cloud",
"US_Mississippi":"Mississippi",
"US_Missouri_East":"Missouri — Öst",
"US_Missouri_West":"Missouri — Väst",
"US_Montana":"Montana",
"US_Nebraska":"Nebraska",
"US_Nevada":"Nevada",
"US_New Hampshire":"New Hampshire",
"US_New Jersey_North":"New Jersey — Nord",
"US_New Jersey_South":"New Jersey — Syd",
"US_New Mexico":"New Mexico",
"US_New York_East":"New York — Öst",
"US_New York_New York":"New York — New York",
"US_New York_North":"New York — Nord",
"US_New York_West":"New York — Väst",
"US_North Carolina_Asheville":"Asheville",
"US_North Carolina_Charlotte":"Charlotte, North Carolina",
"US_North Carolina_Greensboro":"Greensboro, North Carolina",
"US_North Carolina_Raleigh":"Raleigh, North Carolina",
"US_North Carolina_Wilmington":"Wilmington, North Carolina",
"US_North Carolina_Wilson":"Wilson, North Carolina",
"US_North Dakota_Bismarck":"Bismarck, North Dakota",
"US_North Dakota_East":"Fargo, North Dakota",
"US_North Dakota_Minot":"Minot",
"US_Ohio_Cleveland":"Cleveland",
"US_Ohio_Dayton":"Dayton",
"US_Oklahoma_East":"Oklahoma — Öst",
"US_Oklahoma_West":"Oklahoma — Väst",
"US_Oregon_Eugene":"Eugene",
"US_Oregon_Portland":"Portland",
"US_Oregon_West":"Oregon — Väst",
"US_Pennsylvania_Central":"Altoona, Pennsylvania",
"US_Pennsylvania_Pittsburgh":"Pittsburgh",
"US_Pennsylvania_Reading":"Reading",
"US_Pennsylvania_Scranton":"Scranton",
"US_Puerto Rico":"Puerto Rico",
"US_Rhode Island":"Rhode Island",
"US_South Carolina_Columbia":"Columbia, South Carolina",
"US_South Carolina_Florence":"Florence, South Carolina",
"US_South Dakota":"South Dakota",
"US_Tennessee_East":"Tennessee — Öst",
"US_Tennessee_West":"Tennessee — Väst",
"US_Texas_Austin":"Austin",
"US_Texas_Dallas":"Dallas",
"US_Texas_Houston":"Houston",
"US_Texas_Northwest":"Amarillo",
"US_Texas_San Antonio":"San Antonio",
"US_Texas_Southwest":"Laredo, Texas",
"US_Texas_Tyler":"Tyler",
"US_Texas_Wako":"Waco, Texas",
"US_Texas_West":"Odessa, Texas",
"US_United States Minor Outlying Islands":"Förenta staternas mindre öar i Oceanien och Västindien",
"US_Utah":"Utah",
"US_Vermont":"Vermont",
"US_Virginia_Chesapeake":"Chesapeake, Virginia",
"US_Virginia_Lynchburg":"Lynchburg",
"US_Virginia_Richmond":"Richmond",
"US_Virginia_Roanoke":"Roanoke",
"US_Washington_Coast":"Tacoma",
"US_Washington_Seattle":"Seattle",
"US_Washington_Yakima":"Yakima",
"US_West Virginia":"West Virginia",
"US_Wisconsin_Milwaukee":"Milwaukee",
"US_Wisconsin_North":"Eau Claire",
"US_Wyoming":"Wyoming",
"Uganda":"Uganda",
"Ukraine":"Ukraina",
"Ukraine_Cherkasy Oblast":"Tjerkasy oblast",
"Ukraine_Chernihiv Oblast":"Tjernihiv oblast",
"Ukraine_Chernivtsi Oblast":"Tjernivtsi oblast",
"Ukraine_Dnipropetrovsk Oblast":"Dnipropetrovsk oblast",
"Ukraine_Donetsk Oblast":"Donetsk oblast",
"Ukraine_Ivano-Frankivsk Oblast":"Ivano-Frankivsk oblast",
"Ukraine_Kharkiv Oblast":"Charkiv oblast",
"Ukraine_Kherson Oblast":"Cherson oblast",
"Ukraine_Khmelnytskyi Oblast":"Chmelnytskyj oblast",
"Ukraine_Kirovohrad Oblast":"Kirovohrad oblast",
"Ukraine_Kyiv Oblast":"Kiev oblast",
"Ukraine_Luhansk Oblast":"Luhansk oblast",
"Ukraine_Lviv Oblast":"Lviv oblast",
"Ukraine_Mykolaiv Oblast":"Mykolajiv oblast",
"Ukraine_Odessa Oblast":"Odessa oblast",
"Ukraine_Poltava Oblast":"Poltava oblast",
"Ukraine_Rivne Oblast":"Rivne oblast",
"Ukraine_Sumy Oblast":"Sumy oblast",
"Ukraine_Ternopil Oblast":"Ternopil oblast",
"Ukraine_Vinnytsia Oblast":"Vinnytsia oblast",
"Ukraine_Volyn Oblast":"Volyn oblast",
"Ukraine_Zakarpattia Oblast":"Zakarpattia oblast",
"Ukraine_Zaporizhia Oblast":"Zaporizjzja oblast",
"Ukraine_Zhytomyr Oblast":"Zjytomyr oblast",
"United Arab Emirates":"Förenade Arabemiraten",
"United Kingdom":"Storbritannien",
"United States Virgin Islands":"Amerikanska Jungfruöarna",
"United States of America":"USA",
"Uruguay":"Uruguay",
"Uzbekistan":"Uzbekistan",
"Vanuatu":"Vanuatu",
"Venezuela":"Venezuela",
"Vietnam":"Vietnam",
"Virginia":"Virginia",
"Wallis and Futuna":"Wallis- och Futunaöarna",
"Washington":"Washington",
"Willis Island":"Willis",
"Wisconsin":"Wisconsin",
"Yemen":"Jemen",
"Zambia":"Zambia",
"Zimbabwe":"Zimbabwe",
"Argentina_Santa Fe":"Santa Fe",
"Australia_Brisbane":"Brisbane",
"Australia_Sydney":"Sydney",
"Austria_Styria_Graz":"Steiermark — Graz",
"Austria_Styria_Leoben":"Steiermark — Leoben",
"Austria_Upper Austria_Linz":"Oberösterreich — Linz",
"Austria_Upper Austria_Wels":"Oberösterreich — Wels",
"Bolivia_North":"Bolivia — Nord",
"Bolivia_South":"Bolivia — Syd",
"Brazil_Goias_Brasilia":"Goiás — Brasília",
"Brazil_Goias_North":"Goiás — Nord",
"Brazil_North Region_East":"Norra regionen — Öst",
"Brazil_North Region_West":"Norra regionen — Väst",
"Brazil_Northeast Region_East":"Nordöstra regionen — Öst",
"Brazil_Northeast Region_West":"Nordöstra regionen — Väst",
"Brazil_Parana_East":"Paraná — Öst",
"Brazil_Parana_West":"Paraná — Väst",
"Brazil_South Region_East":"Södra regionen — Öst",
"Brazil_South Region_West":"Södra regionen — Väst",
"Bulgaria_East":"Bulgarien — Öst",
"Bulgaria_West":"Bulgarien — Väst",
"Canada_Ontario_Northeastern_W":"Wawa (ort i Kanada)",
"Chile_Central":"Chile — Central",
"Congo-Kinshasa_Kivu":"Kivu",
"Congo-Kinshasa_West":"Kongo-Kinshasa — Väst",
"Croatia_Central":"Kroatien — Central",
"Croatia_West":"Kroatien — Väst",
"Ecuador_East":"Ecuador — Öst",
"Ecuador_West":"Ecuador — Väst",
"Finland_Eastern Finland_North":"Östra Finlands län — Nord",
"Finland_Eastern Finland_South":"Östra Finlands län — Syd",
"Finland_Western Finland_Jyvaskyla":"Västra Finlands län — Jyväskylä",
"Finland_Western Finland_Tampere":"Västra Finlands län — Tammerfors",
"France_Free County_North":"Franche-Comté — Nord",
"France_Free County_South":"Franche-Comté — Syd",
"France_Pays de la Loire_Loire-Atlantique_Nantes":"Loire-Atlantique — Nantes",
"France_Pays de la Loire_Loire-Atlantique_Saint-Nazaire":"Loire-Atlantique — Saint-Nazaire",
"Germany_Free State of Bavaria_Upper Bavaria_South":"Oberbayern — Syd",
"India_Karnataka_North":"Karnataka — Nord",
"India_Karnataka_South":"Karnataka — Syd",
"Iran_East":"Iran — Öst",
"Iraq_North":"Irak — Nord",
"Iraq_South":"Irak — Syd",
"Japan_Chubu Region_Aichi_Nagoya":"Aichi prefektur — Nagoya",
"Japan_Chubu Region_Aichi_Toyohashi":"Aichi prefektur — Toyohashi",
"Japan_Hokkaido Region_Sapporo":"Sapporo",
"Japan_Kinki Region_Osaka_Osaka":"Osaka",
"Japan_Kinki Region_Osaka_West":"Osaka prefektur — Väst",
"Kazakhstan_North":"Kazakstan — Nord",
"Kazakhstan_South":"Kazakstan — Syd",
"Lithuania_East":"Litauen — Öst",
"Lithuania_West":"Litauen — Väst",
"Mexico_Chihuahua":"Chihuahua",
"Mexico_Sonora":"Sonora",
"Nepal_Kathmandu":"Katmandu",
"Nepal_Madhyamanchal":"Centrala regionen",
"Nepal_Purwanchal":"Östra regionen",
"Nigeria_North":"Nigeria — Nord",
"Nigeria_South":"Nigeria — Syd",
"Norway_Hordaland":"Hordaland fylke",
"Norway_Nordland":"Nordland fylke",
"Norway_North Trondelag":"Nord-Trøndelag fylke",
"Norway_Rogaland":"Rogaland fylke",
"Norway_South Trondelag":"Sør-Trøndelag fylke",
"Peru_Lima":"Lima",
"Portugal_Islands":"Portugals öar",
"Portugal_Viseu":"Viseu",
"Russia_Krasnoyarsk Krai_North":"Krasnojarsk kraj — Nord",
"Russia_Krasnoyarsk Krai_South":"Krasnojarsk kraj — Syd",
"Russia_Moscow Oblast_East":"Moskva oblast — Öst",
"Russia_Moscow Oblast_West":"Moskva oblast — Väst",
"Russia_Perm Krai_North":"Perm kraj — Nord",
"Russia_Perm Krai_South":"Perm kraj — Syd",
"Russia_Republic of Karelia_North":"Karelska republiken — Nord",
"Russia_Republic of Karelia_South":"Karelska republiken — Syd",
"Russia_Sverdlovsk Oblast_North":"Sverdlovsk oblast — Nord",
"Russia_Sverdlovsk Oblast_Ekaterinburg":"Sverdlovsk oblast — Jekaterinburg",
"Russia_Yugra_Khanty":"Chantien-Mansien — Chanty-Mansijsk",
"Russia_Yugra_Surgut":"Chantien-Mansien — Surgut",
"Saudi Arabia_North":"Saudiarabien — Nord",
"Saudi Arabia_South":"Saudiarabien — Syd",
"Slovenia_East":"Slovenien — Öst",
"Slovenia_West":"Slovenien — Väst",
"Spain_Andalusia_Granada":"Andalusien — Granada",
"Spain_Andalusia_Sevilla":"Andalusien — Sevilla",
"Spain_Castile and Leon_East":"Kastilien och León — Öst",
"Spain_Castile and Leon_West":"Kastilien och León — Väst",
"Spain_Galicia_North":"Galicien — Nord",
"Spain_Galicia_South":"Galicien — Syd",
"Sudan_East":"Sudan — Öst",
"Sudan_West":"Sudan — Väst",
"Sweden_Stockholm":"Stockholm",
"Switzerland_Espace Mittelland_Bern":"Espace Mittelland — Bern",
"Switzerland_Espace Mittelland_East":"Espace Mittelland — Östra",
"Taiwan_North":"Taiwan — Nord",
"Taiwan_South":"Taiwan — Syd",
"Thailand_Central":"Thailand — Central",
"Turkey_Central Anatolia Region_Ankara":"Centrala Anatolien — Ankara",
"Turkey_Central Anatolia Region_Kayseri":"Centrala Anatolien — Kayseri",
"Turkey_Marmara Region_Bursa":"Marmara-regionen – Bursa",
"Turkey_Marmara Region_Istanbul":"Marmara-regionen — Istanbul",
"US_Arkansas_North":"Arkansas — Nord",
"US_Arkansas_South":"Arkansas — Syd",
"US_Florida_Gainesvile":"Gainesville",
"US_Idaho_North":"Idaho — Nord",
"US_Idaho_South":"Idaho — Syd",
"US_Indiana_Evansville":"Evansville",
"US_Indiana_Indianapolis":"Indianapolis",
"US_Kansas_Wichita":"Wichita, Kansas",
"US_Kentucky_Louisville":"Louisville",
"US_Michigan_Grand Rapids":"Grand Rapids",
"US_Michigan_Lansing":"Lansing",
"US_Mississippi_Gulfport":"Gulfport",
"US_Mississippi_North":"Mississippi — Nord",
"US_Missouri_Kansas":"Kansas City",
"US_Missouri_Springfield":"Springfield",
"US_Missouri_St Louis":"Saint Louis",
"US_Montana_East":"Montana — Öst",
"US_Montana_West":"Montana — Väst",
"US_Nebraska_East":"Nebraska — Öst",
"US_Nebraska_West":"Nebraska — Väst",
"US_New Mexico_Albuquerque":"Albuquerque",
"US_New Mexico_Roswell":"Roswell, New Mexico",
"US_Ohio_Cincinnati":"Cincinnati",
"US_Ohio_Columbus":"Columbus",
"US_Ohio_Toledo":"Toledo, Ohio",
"US_Oklahoma_Oklahoma":"Oklahoma City",
"US_Oklahoma_Tulsa":"Tulsa",
"US_South Carolina_Charleston":"Charleston, South Carolina",
"US_Texas_Amarillo":"Amarillo",
"US_Texas_Lubbock":"Lubbock",
"US_Utah_North":"Utah — Nord",
"US_Utah_South":"Utah — Syd",
"US_Virginia_Alexandria":"Alexandria",
"US_Wisconsin_Eau Claire":"Eau Claire",
"US_Wisconsin_Madison":"Madison",
"Venezuela_North":"Venezuela — Nord",
"Venezuela_South":"Venezuela — Syd",
"Argentina_Buenos Aires_Buenos Aires":"Buenos Aires",
"Canada_Quebek_Lachute":"Lachute",
"Canada_Saskatchewan_Regina":"Regina, Saskatchewan",
"Canada_Saskatchewan_Saskatoon":"Saskatoon",
"Germany_Lower Saxony_Braunschweig":"Braunschweig",
"Germany_Saxony-Anhalt_Halle":"Sachsen-Anhalt — Halle an der Saale",
"Germany_Saxony-Anhalt_Magdeburg":"Sachsen-Anhalt — Magdeburg",
"Germany_Schleswig-Holstein_Flensburg":"Schleswig-Holstein — Flensburg",
"Germany_Schleswig-Holstein_Kiel":"Schleswig-Holstein — Kiel",
"Portugal_Porto":"Porto",
"UK_England_North West England_Lancaster":"Nordvästra England — Lancaster",
"UK_England_North West England_Manchester":"Nordvästra England — Manchester",
"US_Florida_Gainesville":"Gainesville",
"US_Texas_Victoria":"Victoria, Texas",
"US_Virginia_Norfolk":"Norfolk, Virginia"
}
