{
"Abkhazia":"アブハジア",
"Afghanistan":"アフガニスタン",
"Alabama":"アラバマ州",
"Albania":"アルバニア",
"Algeria":"アルジェリア",
"Algeria_Central":"アルジェリア・中部",
"Algeria_Coast":"アルジェリア・北部",
"Andorra":"アンドラ",
"Angola":"アンゴラ",
"Anguilla":"アンギラ",
"Antarctica":"南極大陸",
"Antigua and Barbuda":"アンティグア・バーブーダ",
"Argentina":"アルゼンチン",
"Argentina_Buenos Aires_North":"ブエノスアイレス州・北部",
"Argentina_Buenos Aires_South":"ブエノスアイレス州・南部",
"Argentina_Cuyo":"クージョ",
"Argentina_Mesopotamia":"メソポタミア",
"Argentina_Northwest":"アルゼンチン北西部",
"Argentina_Pampas":"パンパ",
"Argentina_Patagonia":"パタゴニア",
"Arizona":"アリゾナ州",
"Armenia":"アルメニア",
"Australia":"オーストラリア",
"Australia_Melbourne":"メルボルン",
"Australia_New South Wales":"ニューサウスウェールズ州",
"Australia_Northern Territory":"ノーザンテリトリー",
"Australia_Queensland":"クイーンズランド州",
"Australia_South Australia":"南オーストラリア州",
"Australia_Tasmania":"タスマニア州",
"Australia_Victoria":"ビクトリア州",
"Australia_Western Australia":"西オーストラリア州",
"Austria":"オーストリア",
"Austria_Burgenland":"ブルゲンラント州",
"Austria_Carinthia":"ケルンテン州",
"Austria_Lower Austria_West":"ニーダーエスターライヒ州・西部",
"Austria_Lower Austria_Wien":"ウィーン",
"Austria_Salzburg":"ザルツブルク州",
"Austria_Styria":"シュタイアーマルク州",
"Austria_Tyrol":"チロル州",
"Austria_Upper Austria":"オーバーエスターライヒ州",
"Austria_Vorarlberg":"フォアアールベルク州",
"Azerbaijan":"アゼルバイジャン",
"Azerbaijan Region":"アゼルバイジャン",
"Bahrain":"バーレーン",
"Bangladesh":"バングラデシュ",
"Barbados":"バルバドス",
"Belarus":"ベラルーシ",
"Belarus_Brest Region":"ブレスト州",
"Belarus_Homiel Region":"ホメリ州",
"Belarus_Hrodna Region":"フロドナ州",
"Belarus_Maglieu Region":"マヒリョウ州",
"Belarus_Minsk Region":"ミンスク州",
"Belarus_Vitebsk Region":"ヴィーツェプスク州",
"Belgium":"ベルギー",
"Belgium_Antwerp":"アントウェルペン州",
"Belgium_East Flanders":"オースト＝フランデレン州",
"Belgium_Flemish Brabant":"フラームス＝ブラバント州",
"Belgium_Hainaut":"エノー州",
"Belgium_Liege":"リエージュ州",
"Belgium_Limburg":"リンブルフ州",
"Belgium_Luxembourg":"リュクサンブール州",
"Belgium_Namur":"ナミュール州",
"Belgium_Walloon Brabant":"ブラバン・ワロン州",
"Belgium_West Flanders":"ウェスト＝フランデレン州",
"Belize":"ベリーズ",
"Benin":"ベナン",
"Bermuda":"バミューダ諸島",
"Bhutan":"ブータン",
"Bolivia":"ボリビア",
"Bosnia and Herzegovina":"ボスニア・ヘルツェゴビナ",
"Bosnia and Herzegovina_Brcko district of Bosnia and Herzegowina":"ブルチコ行政区",
"Bosnia and Herzegovina_Entity Federation of Bosnia and Herzegovina":"ボスニア・ヘルツェゴビナ連邦",
"Bosnia and Herzegovina_Republic of Srpska":"スルプスカ共和国",
"Botswana":"ボツワナ",
"Brazil":"ブラジル",
"Brazil_Bahia":"バイーア州",
"Brazil_Goias":"ゴイアス州",
"Brazil_Mato Grosso":"マットグロッソ州",
"Brazil_Mato Grosso Do Sul":"マットグロッソ・ド・スル州",
"Brazil_North Region":"ブラジル北部",
"Brazil_Northeast Region":"北東部",
"Brazil_Paraiba":"パライバ州",
"Brazil_Parana":"パラナ州",
"Brazil_Rio Grande do Norte":"リオグランデ・ド・ノルテ州",
"Brazil_Santa Catarina":"サンタカタリーナ州",
"Brazil_South Region":"ブラジル南部",
"Brazil_Southeast Region_Espirito Santo":"エスピリトサント州",
"Brazil_Southeast Region_Minas Gerais_Contagem":"ミナスジェライス州・コンタジェン",
"Brazil_Southeast Region_Minas Gerais_North":"ミナスジェライス州・北部",
"Brazil_Southeast Region_Rio de Janeiro":"リオデジャネイロ州",
"Brazil_Southeast Region_Sao Paulo_Campinas":"サンパウロ州・カンピーナス",
"Brazil_Southeast Region_Sao Paulo_City":"サンパウロ州・サントス",
"Brazil_Southeast Region_Sao Paulo_West":"サンパウロ州・リベイラン・プレト",
"British Indian Ocean Territory":"イギリス領インド洋地域",
"British Virgin Islands":"イギリス領ヴァージン諸島",
"Brunei":"ブルネイ",
"Bulgaria":"ブルガリア",
"Burkina Faso":"ブルキナファソ",
"Burundi":"ブルンジ",
"California":"カリフォルニア州",
"Cambodia":"カンボジア",
"Cameroon":"カメルーン",
"Cameroon_Central":"カメルーン・中部",
"Cameroon_West":"カメルーン・西部",
"Campo de Hielo Sur":"南パタゴニア氷原",
"Canada":"カナダ",
"Canada_Alberta":"アルバータ州",
"Canada_Alberta_Edmonton":"エドモントン",
"Canada_Alberta_North":"アルバータ州・北部",
"Canada_Alberta_South":"アルバータ州・南部",
"Canada_British Columbia":"ブリティッシュコロンビア州",
"Canada_British Columbia_Central":"ブリティッシュコロンビア州・中部",
"Canada_British Columbia_Far_North":"ブリティッシュコロンビア州・東武",
"Canada_British Columbia_Islands":"バンクーバー島",
"Canada_British Columbia_North":"ブリティッシュコロンビア州・西部",
"Canada_British Columbia_Northeast":"ブリティッシュコロンビア州・北部",
"Canada_British Columbia_Southeast":"ケロウナ",
"Canada_British Columbia_Vancouver":"バンクーバー",
"Canada_Labrador":"ラブラドール地方",
"Canada_Labrador_North":"ラブラドール地方・北部",
"Canada_Labrador_South":"ラブラドール地方・南部",
"Canada_Labrador_West":"ラブラドール地方・西部",
"Canada_Manitoba":"マニトバ州",
"Canada_Manitoba_Northeast":"マニトバ州・北部",
"Canada_Manitoba_Northwest":"マニトバ州・西部",
"Canada_Manitoba_South":"ブランドン",
"Canada_Manitoba_Winnipeg":"ウィニペグ",
"Canada_New Brunswick":"ニューブランズウィック州",
"Canada_Newfoundland":"ニューファンドランド島",
"Canada_Newfoundland_East":"ニューファンドランド島・東武",
"Canada_Newfoundland_North":"ニューファンドランド島・北部",
"Canada_Newfoundland_South":"ニューファンドランド島・南部",
"Canada_Newfoundland_West":"ニューファンドランド島・西部",
"Canada_Northwest Territories":"ノースウエスト準州",
"Canada_Northwest Territories_East":"ノースウエスト準州・東武",
"Canada_Northwest Territories_North":"ノースウエスト準州・北部",
"Canada_Northwest Territories_Yellowknife":"イエローナイフ",
"Canada_Nova Scotia":"ノバスコシア州",
"Canada_Nova Scotia_Halifax":"ハリファックス",
"Canada_Nova Scotia_Sydney":"シドニー",
"Canada_Nunavut":"ヌナブト準州",
"Canada_Nunavut_North":"ヌナブト準州・北部",
"Canada_Nunavut_South":"ヌナブト準州・南部",
"Canada_Ontario":"オンタリオ州",
"Canada_Ontario_Bame":"バリー",
"Canada_Ontario_Kingston":"キングストン",
"Canada_Ontario_London":"ロンドン",
"Canada_Ontario_Northeastern_Central":"ティミンズ",
"Canada_Ontario_Northeastern_North":"ムースファクトリー",
"Canada_Ontario_Northeastern_S":"サドバリー",
"Canada_Ontario_Northeastern_SE":"ノースベイ",
"Canada_Ontario_Northeastern_SW":"スーセントマリー",
"Canada_Ontario_Northeastern_Wawa":"ワワ",
"Canada_Ontario_Northern":"サンダーベイ",
"Canada_Ontario_Northwestern":"オンタリオ州・北部",
"Canada_Ontario_Toronto":"トロント",
"Canada_Prince Edward Island":"プリンスエドワードアイランド州",
"Canada_Quebec":"ケベック州",
"Canada_Quebec_Quebec":"ケベック・シティー",
"Canada_Quebek_Far North":"ケベック州・北部",
"Canada_Quebek_Montreal":"モントリオール",
"Canada_Quebek_North":"セティル",
"Canada_Quebek_Southeast_Rimouski":"リムースキ",
"Canada_Quebek_Southeast_Saguenay":"サグネ",
"Canada_Quebek_West_Chibougamau":"チブーガモー",
"Canada_Quebek_West_Rouyn-Noranda":"イーヌ＝ノランダ",
"Canada_Saskatchewan":"サスカチュワン州",
"Canada_Saskatchewan_North":"サスカチュワン州・北部",
"Canada_Saskatchewan_South":"サスカチュワン州・南部",
"Canada_Yukon":"ユーコン準州",
"Canada_Yukon_North":"ユーコン準州・北部",
"Canada_Yukon_Whitehorse":"ホワイトホース",
"Cape Verde":"カーボベルデ",
"Caribees":"小アンティル諸島",
"Caribisch Nederland":"ボネール、シント・ユースタティウスおよびサバ",
"Cayman Islands":"ケイマン諸島",
"Central African Republic":"中央アフリカ共和国",
"Central Anatolia Region":"中央アナトリア地方",
"Chad":"チャド",
"Chile":"チリ",
"Chile_North":"チリ・北部",
"Chile_South":"チリ・南部",
"China_Anhui":"安徽省",
"China_Chongqing":"重慶市",
"China_Fujian":"福建省",
"China_Gansu":"甘粛省",
"China_Guangdong":"広東省",
"China_Guangxi":"広西チワン族自治区",
"China_Guizhou":"貴州省",
"China_Hebei":"河北省",
"China_Heilongjiang":"黒竜江省",
"China_Henan":"河南省",
"China_Hubei":"湖北省",
"China_Hunan":"湖南省",
"China_Inner Mongolia":"内モンゴル自治区",
"China_Jiangsu":"江蘇省",
"China_Jiangxi":"江西省",
"China_Jilin":"吉林省",
"China_Liaoning":"遼寧省",
"China_Ningxia Hui":"寧夏回族自治区",
"China_Qinghai":"青海省",
"China_Shaanxi":"陝西省",
"China_Shandong":"山東省",
"China_Shanghai":"上海市",
"China_Shanxi":"山西省",
"China_Sichuan":"四川省",
"China_Tibet Autonomous Region":"チベット自治区",
"China_Xinjiang":"新疆ウイグル自治区",
"China_Yunnan":"雲南省",
"China_Zhejiang":"浙江省",
"Colombia":"コロンビア",
"Colombia_East":"コロンビア・東武",
"Colombia_North":"コロンビア・北部",
"Colombia_West":"コロンビア・西部",
"Colorado":"コロラド州",
"Comoros":"コモロ",
"Congo-Brazzaville":"コンゴ共和国",
"Congo-Kinshasa":"コンゴ民主共和国",
"Cook Islands":"クック諸島",
"Costa Rica":"コスタリカ",
"Cote dIvoire":"コートジボワール",
"Crimea":"クリミア半島",
"Croatia":"クロアチア",
"Cuba":"キューバ",
"Cyprus":"キプロス",
"Czech Republic":"チェコ",
"Czech_Jihovychod_Jihomoravsky kraj":"南モラヴィア州",
"Czech_Jihovychod_Kraj Vysocina":"ヴィソチナ州",
"Czech_Jihozapad_Jihocesky kraj":"南ボヘミア州",
"Czech_Jihozapad_Plzensky kraj":"プルゼニ州",
"Czech_Karlovasky kraj":"カルロヴィ・ヴァリ州",
"Czech_Moravskoslezsko":"モラヴィア・スレスコ州",
"Czech_Olomoucky kraj":"オロモウツ州",
"Czech_Praha":"プラハ",
"Czech_Severovychod_Kralovehradecky kraj":"フラデツ・クラーロヴェー州",
"Czech_Severovychod_Liberecky kraj":"リベレツ州",
"Czech_Severovychod_Pardubicky kraj":"パルドゥビツェ州",
"Czech_Stredni Cechy_East":"中央ボヘミア州・東武",
"Czech_Stredni Cechy_West":"中央ボヘミア州・西部",
"Czech_Ustecky kraj":"ウースチー州",
"Czech_Zlinsky Kraj":"ズリーン州",
"Denmark":"デンマーク",
"Denmark_Capital Region of Denmark":"デンマーク首都地域",
"Denmark_Central Denmark Region":"中央ユラン地域",
"Denmark_North Denmark Region":"北ユラン地域",
"Denmark_Region Zealand":"シェラン地域",
"Denmark_Region of Southern Denmark":"南デンマーク地域",
"Djibouti":"ジブチ",
"Dominica":"ドミニカ国",
"Dominican Republic":"ドミニカ共和国",
"East Timor":"東ティモール",
"Ecuador":"エクアドル",
"Egypt":"エジプト",
"El Salvador":"エルサルバドル",
"Equatorial Guinea":"赤道ギニア",
"Eritrea":"エリトリア",
"Estonia":"エストニア",
"Estonia_East":"エストニア・東武",
"Estonia_West":"エストニア・西部",
"Ethiopia":"エチオピア",
"Falkland Islands":"フォークランド諸島",
"Faroe Islands":"フェロー諸島",
"Federated States of Micronesia":"ミクロネシア連邦",
"Fiji":"フィジー",
"Finland":"フィンランド",
"Finland_Eastern Finland":"東スオミ州",
"Finland_Northern Finland":"フィンランド北部",
"Finland_Southern Finland_Helsinki":"南スオミ州・ヘルシンキ",
"Finland_Southern Finland_Lappeenranta":"南スオミ州・ラッペーンランタ",
"Finland_Southern Finland_West":"南西スオミ県",
"Finland_Western Finland":"西スオミ州",
"Florida":"フロリダ州",
"France":"フランス",
"France_Alsace":"アルザス地域圏",
"France_Alsace_Bas-Rhin":"バ＝ラン県",
"France_Alsace_Haut-Rhin":"オー＝ラン県",
"France_Aquitaine":"アキテーヌ地域圏",
"France_Aquitaine_Dordogne":"ドルドーニュ県",
"France_Aquitaine_Gironde":"ジロンド県",
"France_Aquitaine_Landes":"ランド県",
"France_Aquitaine_Lot-et-Garonne":"ロット＝エ＝ガロンヌ県",
"France_Aquitaine_Pyrenees-Atlantiques":"ピレネー＝アトランティック県",
"France_Auvergne":"オーヴェルニュ地域圏",
"France_Auvergne_Allier":"アリエ県",
"France_Auvergne_Cantal":"カンタル県",
"France_Auvergne_Haute-Loire":"オート＝ロワール県",
"France_Auvergne_Puy-de-Dome":"ピュイ＝ド＝ドーム県",
"France_Brittany":"ブルターニュ地域圏",
"France_Brittany_Cotes-dArmor":"コート＝ダルモール県",
"France_Brittany_Finistere":"フィニステール県",
"France_Brittany_Ille-et-Vilaine":"イル＝エ＝ヴィレーヌ県",
"France_Brittany_Morbihan":"モルビアン県",
"France_Burgundy":"ブルゴーニュ地域圏",
"France_Burgundy_Cote-dOr":"コート＝ドール県",
"France_Burgundy_Nievre":"ニエーヴル県",
"France_Burgundy_Saone-et-Loire":"ソーヌ＝エ＝ロワール県",
"France_Burgundy_Yonne":"ヨンヌ県",
"France_Centre-Val de Loire":"サントル地域圏",
"France_Centre-Val de Loire_Cher":"シェール県",
"France_Centre-Val de Loire_Eure-et-Loir":"ウール＝エ＝ロワール県",
"France_Centre-Val de Loire_Indre":"アンドル県",
"France_Centre-Val de Loire_Indre-et-Loire":"アンドル＝エ＝ロワール県",
"France_Centre-Val de Loire_Loir-et-Cher":"ロワール＝エ＝シェール県",
"France_Centre-Val de Loire_Loiret":"ロワレ県",
"France_Champagne-Ardenne":"シャンパーニュ＝アルデンヌ地域圏",
"France_Corsica":"コルシカ島",
"France_Free County":"フランシュ＝コンテ地域圏",
"France_French Guiana":"フランス領ギアナ",
"France_Ile-de-France":"イル＝ド＝フランス地域圏",
"France_Ile-de-France_Essonne":"エソンヌ県",
"France_Ile-de-France_Hauts-de-Seine":"オー＝ド＝セーヌ県",
"France_Ile-de-France_Paris":"パリ",
"France_Ile-de-France_Seine-Saint-Denis":"セーヌ＝サン＝ドニ県",
"France_Ile-de-France_Seine-et-Marne":"セーヌ＝エ＝マルヌ県",
"France_Ile-de-France_Val-dOise":"ヴァル＝ドワーズ県",
"France_Ile-de-France_Val-de-Marne":"ヴァル＝ド＝マルヌ県",
"France_Ile-de-France_Yvelines":"イヴリーヌ県",
"France_Languedoc-Roussillon":"ラングドック＝ルシヨン地域圏",
"France_Languedoc-Roussillon_Aude":"オード県",
"France_Languedoc-Roussillon_Gard":"ガール県",
"France_Languedoc-Roussillon_Herault":"エロー県",
"France_Languedoc-Roussillon_Lozere":"ロゼール県",
"France_Languedoc-Roussillon_Pyrenees-Orientales":"ピレネー＝オリアンタル県",
"France_Limousin":"リムーザン地域圏",
"France_Lorraine":"ロレーヌ地域圏",
"France_Lorraine_Meurthe-et-Moselle":"ムルト＝エ＝モゼル県",
"France_Lorraine_Meuse":"ムーズ県",
"France_Lorraine_Moselle":"モゼル県",
"France_Lorraine_Vosges":"ヴォージュ県",
"France_Lower Normandy":"バス＝ノルマンディー地域圏",
"France_Lower Normandy_Calvados":"カルヴァドス県",
"France_Lower Normandy_Manche":"マンシュ県",
"France_Lower Normandy_Orne":"オルヌ県",
"France_Midi-Pyrenees":"ミディ＝ピレネー地域圏",
"France_Midi-Pyrenees_Ariege":"アリエージュ県",
"France_Midi-Pyrenees_Aveyron":"アヴェロン県",
"France_Midi-Pyrenees_Gers":"ジェール県",
"France_Midi-Pyrenees_Haute-Garonne":"オート＝ガロンヌ県",
"France_Midi-Pyrenees_Hautes-Pyrenees":"オート＝ピレネー県",
"France_Midi-Pyrenees_Lot":"ロット県",
"France_Midi-Pyrenees_Tarn":"タルヌ県",
"France_Midi-Pyrenees_Tarn-et-Garonne":"タルヌ＝エ＝ガロンヌ県",
"France_New Caledonia":"ニューカレドニア",
"France_Nord-Pas-de-Calais":"ノール＝パ・ド・カレー地域圏",
"France_Nord-Pas-de-Calais_Lille":"リール",
"France_Nord-Pas-de-Calais_Nord":"ノール県",
"France_Nord-Pas-de-Calais_Pas-de-Calais":"パ＝ド＝カレー県",
"France_Pays de la Loire":"ペイ・ド・ラ・ロワール地域圏",
"France_Pays de la Loire_Loire-Atlantique":"ロワール＝アトランティック県",
"France_Pays de la Loire_Maine-et-Loire":"メーヌ＝エ＝ロワール県",
"France_Pays de la Loire_Mayenne":"マイエンヌ県",
"France_Pays de la Loire_Sarthe":"サルト県",
"France_Pays de la Loire_Vendee":"ヴァンデ県",
"France_Picardy":"ピカルディ地域圏",
"France_Picardy_Aisne":"エーヌ県",
"France_Picardy_Oise":"オワーズ県",
"France_Picardy_Somme":"ソンム県",
"France_Poitou-Charentes":"ポワトゥー＝シャラント地域圏",
"France_Poitou-Charentes_Charente":"シャラント県",
"France_Poitou-Charentes_Charente-Maritime":"シャラント＝マリティーム県",
"France_Poitou-Charentes_Deux-Sevres":"ドゥー＝セーヴル県",
"France_Poitou-Charentes_Vienne":"ヴィエンヌ県",
"France_Provence-Alpes-Cote dAzur":"プロヴァンス＝アルプ＝コート・ダジュール地域圏",
"France_Provence-Alpes-Cote dAzur_Alpes-de-Haute-Provence":"アルプ＝ド＝オート＝プロヴァンス県",
"France_Provence-Alpes-Cote dAzur_Bouches-du-Rhone":"ブーシュ＝デュ＝ローヌ県",
"France_Provence-Alpes-Cote dAzur_Hautes-Alpes":"オート＝アルプ県",
"France_Provence-Alpes-Cote dAzur_Maritime Alps":"アルプ＝マリティーム県",
"France_Provence-Alpes-Cote dAzur_Var":"ヴァール県",
"France_Provence-Alpes-Cote dAzur_Vaucluse":"ヴォクリューズ県",
"France_Rhone-Alpes":"ローヌ＝アルプ地域圏",
"France_Rhone-Alpes_Ain":"アン県",
"France_Rhone-Alpes_Ardeche":"アルデシュ県",
"France_Rhone-Alpes_Drome":"ドローム県",
"France_Rhone-Alpes_Haute-Savoie":"オート＝サヴォワ県",
"France_Rhone-Alpes_Isere":"イゼール県",
"France_Rhone-Alpes_Loire":"ロワール県",
"France_Rhone-Alpes_Rhone":"ローヌ県",
"France_Rhone-Alpes_Savoie":"サヴォワ県",
"France_Southern Islands":"フランス領南方・南極地域",
"France_Upper Normandy":"オート＝ノルマンディー地域圏",
"French Polynesia":"フランス領ポリネシア",
"Gabon":"ガボン",
"Georgia":"ジョージア",
"Germany":"ドイツ",
"Germany_Baden-Wurttemberg":"バーデン＝ヴュルテンベルク州",
"Germany_Baden-Wurttemberg_Regierungsbezirk Freiburg":"フライブルク・イム・ブライスガウ",
"Germany_Baden-Wurttemberg_Regierungsbezirk Karlsruhe":"カールスルーエ行政管区",
"Germany_Baden-Wurttemberg_Regierungsbezirk Stuttgart_Heilbronn":"シュトゥットガルト行政管区・ハイルブロン",
"Germany_Baden-Wurttemberg_Regierungsbezirk Stuttgart_Stuttgart":"シュトゥットガルト行政管区・シュトゥットガルト",
"Germany_Baden-Wurttemberg_Regierungsbezirk Tubingen":"テュービンゲン行政管区",
"Germany_Berlin":"ベルリン",
"Germany_Brandenburg_North":"ブランデンブルク州・北部",
"Germany_Brandenburg_South":"ブランデンブルク州・南部",
"Germany_Free State of Bavaria":"バイエルン自由州",
"Germany_Free State of Bavaria_Lower Bavaria":"ニーダーバイエルン行政管区",
"Germany_Free State of Bavaria_Lower Franconia":"ウンターフランケン",
"Germany_Free State of Bavaria_Middle Franconia":"ミッテルフランケン",
"Germany_Free State of Bavaria_Swabia":"シュヴァーベン行政管区",
"Germany_Free State of Bavaria_Upper Bavaria_East":"オーバーバイエルン・東武",
"Germany_Free State of Bavaria_Upper Bavaria_Ingolstadt":"オーバーバイエルン・インゴルシュタット",
"Germany_Free State of Bavaria_Upper Bavaria_Munchen":"オーバーバイエルン・ミュンヘン",
"Germany_Free State of Bavaria_Upper Franconia":"オーバーフランケン",
"Germany_Free State of Bavaria_Upper Palatinate":"オーバープファルツ行政管区",
"Germany_Hamburg_main":"ハンブルク",
"Germany_Hesse":"ヘッセン州",
"Germany_Hesse_Regierungsbezirk Darmstadt":"ダルムシュタット行政管区",
"Germany_Hesse_Regierungsbezirk Giessen":"ギーセン行政管区",
"Germany_Hesse_Regierungsbezirk Kassel":"カッセル行政管区",
"Germany_Lower Saxony":"ニーダーザクセン州",
"Germany_Lower Saxony_Bremen_Bremen":"ブレーメン州",
"Germany_Lower Saxony_Bremen_Munster":"リューネブルク",
"Germany_Lower Saxony_Hannover":"ハノーファー",
"Germany_Lower Saxony_Oldenburg":"オルデンブルク",
"Germany_Mecklenburg-Vorpommern":"メクレンブルク＝フォアポンメルン州",
"Germany_North Rhine-Westphalia":"ノルトライン＝ヴェストファーレン州",
"Germany_North Rhine-Westphalia_Regierungsbezirk Arnsberg_Arnsberg":"アルンスベルク行政管区—アルンスベルク",
"Germany_North Rhine-Westphalia_Regierungsbezirk Arnsberg_Dortmund":"アルンスベルク行政管区・ドルトムント",
"Germany_North Rhine-Westphalia_Regierungsbezirk Detmold":"デトモルト行政管区",
"Germany_North Rhine-Westphalia_Regierungsbezirk Dusseldorf_Dusseldorf":"デュッセルドルフ行政管区・デュッセルドルフ",
"Germany_North Rhine-Westphalia_Regierungsbezirk Dusseldorf_Mulheim":"デュッセルドルフ行政管区・ミュールハイム・アン・デア・ルール",
"Germany_North Rhine-Westphalia_Regierungsbezirk Dusseldorf_Wesel":"デュッセルドルフ行政管区—ヴェーゼル",
"Germany_North Rhine-Westphalia_Regierungsbezirk Koln_Aachen":"ケルン行政管区・アーヘン",
"Germany_North Rhine-Westphalia_Regierungsbezirk Koln_Koln":"ケルン行政管区・ケルン",
"Germany_North Rhine-Westphalia_Regierungsbezirk Munster_Munster":"ミュンスター行政管区・ミュンスター",
"Germany_North Rhine-Westphalia_Regierungsbezirk Munster_Recklinghausen":"ミュンスター行政管区・レックリングハウゼン",
"Germany_Rhineland-Palatinate_Koblenz":"ラインラント＝プファルツ州・コブレンツ",
"Germany_Rhineland-Palatinate_South":"ラインラント＝プファルツ州・マインツ",
"Germany_Saarland":"ザールラント州",
"Germany_Saxony-Anhalt":"ザクセン＝アンハルト州",
"Germany_Saxony_Dresden":"ザクセン州・ドレスデン",
"Germany_Saxony_Leipzig":"ザクセン州・ライプツィヒ",
"Germany_Schleswig-Holstein":"シュレースヴィヒ＝ホルシュタイン州",
"Germany_Thuringia":"テューリンゲン州",
"Ghana":"ガーナ",
"Gibraltar":"ジブラルタル",
"Greece":"ギリシャ",
"Greece_Decentralized Administration of Aegean":"エーゲ海分散管理",
"Greece_Decentralized Administration of Attica":"アッティカ分散管理",
"Greece_Decentralized Administration of Crete":"クレタ島分散管理",
"Greece_Decentralized Administration of Epirus - Western Macedonia":"イピロスおよび西マケドニア分散管理",
"Greece_Decentralized Administration of Macedonia and Thrace":"トラキア分散管理",
"Greece_Decentralized Administration of Thessaly - Central Greece":"テッサリア及びギリシャ中部分散管理",
"Greece_Decentralized Administration of West Greece":"ペロポネソス半島分散管理中部ハンガリー",
"Greenland":"グリーンランド",
"Grenada":"グレナダ",
"Guadeloupe":"グアドループ",
"Guatemala":"グアテマラ",
"Guernsey":"ガーンジー",
"Guinea":"ギニア",
"Guinea-Bissau":"ギニアビサウ",
"Guyana":"ガイアナ",
"Haiti":"ハイチ",
"Honduras":"ホンジュラス",
"Hungary":"ハンガリー",
"Hungary_Kozep-Magyarorszag":"北ブラバント州— ウーデン",
"Hungary_Northern Great Plain":"ハンガリー・東武",
"Hungary_Transdanubia":"ハンガリー・西部",
"Iceland":"アイスランド",
"Illinois":"イリノイ州",
"India":"インド",
"India_Andaman and Nicobar Islands":"アンダマン・ニコバル諸島",
"India_Andhra Pradesh":"アーンドラ・プラデーシュ州",
"India_Arunachal Pradesh":"アルナーチャル・プラデーシュ州",
"India_Assam":"アッサム州",
"India_Bihar":"ビハール州",
"India_Chandigarh":"チャンディーガル",
"India_Chhattisgarh":"チャッティースガル州",
"India_Delhi":"デリー",
"India_Goa":"ゴア州",
"India_Gujarat":"グジャラート州",
"India_Haryana":"ハリヤーナー州",
"India_Himachal Pradesh":"ヒマーチャル・プラデーシュ州",
"India_Jammu and Kashmir":"ジャンムー・カシミール州",
"India_Jharkhand":"ジャールカンド州",
"India_Karnataka":"カルナータカ州",
"India_Kerala":"ケーララ州",
"India_Lakshadweep":"ラクシャディープ諸島",
"India_Madhya Pradesh":"マディヤ・プラデーシュ州",
"India_Maharashtra":"マハーラーシュトラ州",
"India_Manipur":"マニプル州",
"India_Meghalaya":"メーガーラヤ州",
"India_Mizoram":"ミゾラム州",
"India_Nagaland":"ナガランド州",
"India_Odisha":"オリッサ州",
"India_Punjab":"パンジャーブ州",
"India_Rajasthan":"ラージャスターン州",
"India_Sikkim":"シッキム州",
"India_Tamil Nadu":"タミル・ナードゥ州",
"India_Telangana":"テランガナ",
"India_Tripura":"トリプラ州",
"India_Uttar Pradesh":"ウッタル・プラデーシュ州",
"India_Uttarakhand":"ウッタラーカンド州",
"India_West Bengal":"西ベンガル州",
"Indiana":"インディアナ州",
"Indonesia":"インドネシア",
"Indonesia_Central":"スラウェシ島、カリマンタン",
"Indonesia_East":"インドネシア・東武",
"Indonesia_Jawa Barat":"西ジャワ州",
"Indonesia_Jawa Tengah":"中部ジャワ州",
"Indonesia_Jawa Timur":"東ジャワ州",
"Indonesia_Nusa Tenggara":"小スンダ列島",
"Indonesia_West":"スマトラ島",
"Iowa":"アイオワ州",
"Iran":"イラン",
"Iran_North":"イラン・北部",
"Iran_South":"イラン・南部",
"Iraq":"イラク",
"Ireland":"アイルランド",
"Ireland_Connacht":"コノート",
"Ireland_Leinster":"レンスター",
"Ireland_Munster":"マンスター",
"Ireland_Northern Counties":"アルスター",
"Isle of Man":"マン島",
"Israel":"イスラエル",
"Israel Region":"イスラエル",
"Italy":"イタリア",
"Italy_Abruzzo":"アブルッツォ州",
"Italy_Aosta Valley":"ヴァッレ・ダオスタ州",
"Italy_Apulia":"プッリャ州",
"Italy_Basilicata":"バジリカータ州",
"Italy_Calabria":"カラブリア州",
"Italy_Campania":"カンパニア州",
"Italy_Emilia":"エミリア＝ロマーニャ州",
"Italy_Emilia-Romagna_Bologna":"ボローニャ県",
"Italy_Emilia-Romagna_Ferrara":"フェラーラ県",
"Italy_Emilia-Romagna_Forli-Cesena":"フォルリ＝チェゼーナ県",
"Italy_Emilia-Romagna_Modena":"モデナ県",
"Italy_Emilia-Romagna_Parma":"パルマ県",
"Italy_Emilia-Romagna_Piacenza":"ピアチェンツァ県",
"Italy_Emilia-Romagna_Ravenna":"ラヴェンナ県",
"Italy_Emilia-Romagna_Reggio Emilia":"レッジョ・エミリア県",
"Italy_Emilia-Romagna_Rimini":"リミニ県",
"Italy_Friuli":"フリウリ＝ヴェネツィア・ジュリア州",
"Italy_Friuli-Venezia Giulia_Gorizia":"ゴリツィア県",
"Italy_Friuli-Venezia Giulia_Pordenone":"ポルデノーネ県",
"Italy_Friuli-Venezia Giulia_Trieste":"トリエステ県",
"Italy_Friuli-Venezia Giulia_Udine":"ウーディネ県",
"Italy_Lazio":"ラツィオ州",
"Italy_Liguria":"リグーリア州",
"Italy_Lombardy":"ロンバルディア州",
"Italy_Lombardy_Bergamo":"ベルガモ県",
"Italy_Lombardy_Brescia":"ブレシア県",
"Italy_Lombardy_Como":"コモ県",
"Italy_Lombardy_Cremona":"クレモナ県",
"Italy_Lombardy_Lecco":"レッコ県",
"Italy_Lombardy_Lodi":"ローディ県",
"Italy_Lombardy_Mantua":"マントヴァ県",
"Italy_Lombardy_Milan":"ミラノ県",
"Italy_Lombardy_Monza and Brianza":"モンツァ・エ・ブリアンツァ県",
"Italy_Lombardy_Pavia":"パヴィーア県",
"Italy_Lombardy_Sondrio":"ソンドリオ県",
"Italy_Lombardy_Varese":"ヴァレーゼ県",
"Italy_Marche":"マルケ州",
"Italy_Molise":"モリーゼ州",
"Italy_Piemont":"ピエモンテ州",
"Italy_Piemont_Alessandria":"アレッサンドリア県",
"Italy_Piemont_Asti":"アスティ県",
"Italy_Piemont_Biella":"ビエッラ県",
"Italy_Piemont_Cuneo":"クーネオ県",
"Italy_Piemont_Novara":"ノヴァーラ県",
"Italy_Piemont_Torino":"トリノ県",
"Italy_Piemont_Verbano-Cusio-Ossola":"ヴェルバーノ・クジオ・オッソラ県",
"Italy_Piemont_Vercelli":"ヴェルチェッリ県",
"Italy_Sardinia":"サルデーニャ州",
"Italy_Sicily":"シチリア州",
"Italy_Trentino-Alto Adige Sudtirol":"トレンティーノ＝アルト・アディジェ州",
"Italy_Tuscany_Grosseto":"トスカーナ州・グロッセート県",
"Italy_Tuscany_Massa e Carrara":"トスカーナ州・マッサ＝カッラーラ県",
"Italy_Umbria":"ウンブリア州",
"Italy_Veneto":"ヴェネト州",
"Italy_Veneto_Belluno":"ベッルーノ県",
"Italy_Veneto_Padova":"パドヴァ県",
"Italy_Veneto_Rovigo":"ロヴィーゴ県",
"Italy_Veneto_Treviso":"トレヴィーゾ県",
"Italy_Veneto_Venezia":"ヴェネツィア県",
"Italy_Veneto_Verona":"ヴェローナ県",
"Italy_Veneto_Vicenza":"ヴィチェンツァ県",
"Jamaica":"ジャマイカ",
"Japan":"日本",
"Japan_Chubu Region":"中部地方",
"Japan_Chubu Region_Aichi":"愛知県",
"Japan_Chubu Region_Fukui":"福井県",
"Japan_Chubu Region_Gifu":"岐阜県",
"Japan_Chubu Region_Ishikawa":"石川県",
"Japan_Chubu Region_Nagano":"長野県",
"Japan_Chubu Region_Niigata":"新潟県",
"Japan_Chubu Region_Shizuoka":"静岡県",
"Japan_Chubu Region_Toyama":"富山県",
"Japan_Chubu Region_Yamanashi":"山梨県",
"Japan_Chugoku Region":"中国地方",
"Japan_Chugoku Region_Hiroshima":"広島県",
"Japan_Chugoku Region_Okayama":"岡山県",
"Japan_Chugoku Region_Shimane":"島根県",
"Japan_Chugoku Region_Tottori":"鳥取県",
"Japan_Chugoku Region_Yamaguchi":"山口県",
"Japan_Hokkaido Region":"北海道",
"Japan_Hokkaido Region_East":"北海道・東武",
"Japan_Hokkaido Region_North":"北海道・北部",
"Japan_Hokkaido Region_West":"北海道・西部",
"Japan_Kanto":"関東地方",
"Japan_Kanto_Chiba":"千葉県",
"Japan_Kanto_Gunma":"群馬県",
"Japan_Kanto_Ibaraki":"茨城県",
"Japan_Kanto_Kanagawa":"神奈川県",
"Japan_Kanto_Saitama":"埼玉県",
"Japan_Kanto_Tochigi":"栃木県",
"Japan_Kanto_Tokyo":"東京都",
"Japan_Kinki Region":"近畿地方",
"Japan_Kinki Region_Mie":"三重県",
"Japan_Kinki Region_Nara":"奈良県",
"Japan_Kinki Region_Osaka":"大阪府",
"Japan_Kinki Region_Wakayama":"和歌山県",
"Japan_Kyushu Region":"九州",
"Japan_Kyushu Region_Fukuoka":"福岡県",
"Japan_Kyushu Region_Kagoshima":"鹿児島県",
"Japan_Kyushu Region_Kumamoto":"熊本県",
"Japan_Kyushu Region_Miyazaki":"宮崎県",
"Japan_Kyushu Region_Nagasaki":"長崎県",
"Japan_Kyushu Region_Oita":"大分県",
"Japan_Kyushu Region_Okinawa":"沖縄県",
"Japan_Kyushu Region_Saga":"佐賀県",
"Japan_Shikoku Region":"四国",
"Japan_Shikoku Region_Ehime":"愛媛県",
"Japan_Shikoku Region_Kagawa":"香川県",
"Japan_Shikoku Region_Kochi":"高知県",
"Japan_Shikoku Region_Kyoto":"京都府",
"Japan_Shikoku Region_Tokushima":"徳島県",
"Japan_Tohoku":"東北地方",
"Japan_Tohoku_Akita":"秋田県",
"Japan_Tohoku_Aomori":"青森県",
"Japan_Tohoku_Fukushima":"福島県",
"Japan_Tohoku_Iwate":"岩手県",
"Japan_Tohoku_Miyagi":"宮城県",
"Japan_Tohoku_Yamagata":"山形県",
"Jersey":"ジャージー",
"Jerusalem":"エルサレム",
"Jordan":"ヨルダン",
"Kansas":"カンザス州",
"Kazakhstan":"カザフスタン",
"Kentucky":"ケンタッキー州",
"Kenya":"ケニア",
"Kingdom of Lesotho":"レソト",
"Kiribati":"キリバス",
"Kuwait":"クウェート",
"Kyrgyzstan":"キルギス",
"Laos":"ラオス",
"Latvia":"ラトビア",
"Lebanon":"レバノン",
"Liberia":"リベリア",
"Libya":"リビア",
"Liechtenstein":"リヒテンシュタイン",
"Lithuania":"リトアニア",
"Louisiana":"ルイジアナ州",
"Luxembourg":"ルクセンブルク",
"Macedonia":"マケドニア共和国",
"Madagascar":"マダガスカル",
"Malawi":"マラウイ",
"Malaysia":"マレーシア",
"Maldives":"モルディブ",
"Mali":"マリ共和国",
"Malta":"マルタ",
"Marshall Islands":"マーシャル諸島",
"Martinique":"マルティニーク",
"Maryland":"メリーランド州",
"Massachusetts":"マサチューセッツ州",
"Mauritania":"モーリタニア",
"Mauritius":"モーリシャス",
"Mexico":"メキシコ",
"Mexico_California":"バハ・カリフォルニア州",
"Mexico_Central_East":"ヌエボ・レオン州",
"Mexico_Central_West":"ナヤリット州",
"Mexico_East":"メキシコ・東武",
"Mexico_Mexico":"メキシコシティ",
"Mexico_North":"メキシコ・北部",
"Mexico_South":"メキシコ・南部",
"Michigan":"ミシガン州",
"Minnesota":"ミネソタ州",
"Missouri":"ミズーリ州",
"Moldova":"モルドバ",
"Monaco":"モナコ",
"Mongolia":"モンゴル国",
"Montenegro":"モンテネグロ",
"Montserrat":"モントセラト",
"Morocco":"モロッコ",
"Morocco_Doukkala-Abda":"ドゥカラ＝アブダ地方",
"Morocco_Rabat-Sale-Zemmour-Zaer":"ラバト＝サレ＝ゼムール＝ザイール地方",
"Morocco_Southern":"モロッコ・南部",
"Morocco_Western Sahara":"西サハラ",
"Mozambique":"モザンビーク",
"Myanmar":"ミャンマー",
"Nagorno-Karabakh":"ナゴルノ・カラバフ",
"Namibia":"ナミビア",
"Nauru":"ナウル",
"Nepal":"ネパール",
"Nepal_East":"ネパール・東武",
"Nepal_West":"ネパール・西部",
"Netherlands":"オランダ",
"Netherlands_Drenthe":"ドレンテ州",
"Netherlands_Flevoland":"フレヴォラント州",
"Netherlands_Friesland":"フリースラント州",
"Netherlands_Gelderland_Nijmegen":"ヘルダーラント州・ナイメーヘン",
"Netherlands_Gelderland_North":"ヘルダーラント州・アペルドールン",
"Netherlands_Gelderland_Zutphen":"ヘルダーラント州・ズトフェン",
"Netherlands_Groningen":"フローニンゲン州",
"Netherlands_Limburg":"リンブルフ州",
"Netherlands_North Brabant_Eindhoven":"北ブラバント州・アイントホーフェン",
"Netherlands_North Brabant_Roosendaal":"北ブラバント州・ローゼンダール (オランダ)",
"Netherlands_North Brabant_Tiburg":"北ブラバント州・ティルブルフ",
"Netherlands_North Brabant_Uden":"北ノルウェー",
"Netherlands_North Holland_Alkmaar":"北ホラント州・アルクマール",
"Netherlands_North Holland_Amsterdam":"北ホラント州・アムステルダム",
"Netherlands_North Holland_Zaandam":"北ホラント州・ザーンスタット",
"Netherlands_Overijssel_Enschede":"オーファーアイセル州・エンスヘーデ",
"Netherlands_Overijssel_Zwolle":"オーファーアイセル州・ズヴォレ",
"Netherlands_South Holland_Brielle":"南ホラント州・ブリーレ",
"Netherlands_South Holland_Den Haag":"南ホラント州・ハーグ",
"Netherlands_South Holland_Leiden":"南ホラント州・ライデン",
"Netherlands_South Holland_Rotterdam":"南ホラント州・ロッテルダム",
"Netherlands_Utrecht_Amersfoort":"ユトレヒト州・アメルスフォールト",
"Netherlands_Utrecht_Utrecht":"ユトレヒト州・ユトレヒト",
"Netherlands_Zeeland":"ゼーラント州",
"New Jersey":"ニュージャージー州",
"New York":"ニューヨーク州",
"New Zealand":"ニュージーランド",
"New Zealand North_Auckland":"北部・オークランド",
"New Zealand North_Wellington":"北部・ウェリントン",
"New Zealand South_Canterbury":"南部・カンタベリー地方",
"New Zealand South_Southland":"南部・サウスランド地方",
"Nicaragua":"ニカラグア",
"Niger":"ニジェール",
"Nigeria":"ナイジェリア",
"Niue":"ニウエ",
"North Carolina":"ノースカロライナ州",
"North Dakota":"ノースダコタ州",
"North Korea":"朝鮮民主主義人民共和国",
"Norway":"ノルウェー",
"Norway_Bouvet Island":"ブーベ島",
"Norway_Central":"オスロ",
"Norway_Hedmark":"ヘードマルク県",
"Norway_Jan Mayen":"ヤンマイエン島",
"Norway_Northern":"トロンデラーグ",
"Norway_Oppland":"オップラン県",
"Norway_Southern":"ソールラン",
"Norway_Svalbard":"スヴァールバル諸島",
"Norway_Trondelag":"西ノルウェー",
"Norway_Western":"中央部",
"Ohio":"オハイオ州",
"Oklahoma":"オクラホマ州",
"Oman":"オマーン",
"Oregon":"オレゴン州",
"Pakistan":"パキスタン",
"Palau":"パラオ",
"Palestine":"パレスチナ国",
"Palestine Region":"パレスチナ国",
"Panama":"パナマ",
"Papua New Guinea":"パプアニューギニア",
"Paraguay":"パラグアイ",
"Pennsylvania":"ペンシルベニア州",
"People's Republic of China":"中華人民共和国",
"Peru":"ペルー",
"Peru_North":"ペルー・北部",
"Peru_South":"ペルー・南部",
"Philippines":"フィリピン",
"Philippines_Luzon_Manila":"マニラ首都圏",
"Philippines_Luzon_North":"ルソン島・北部",
"Philippines_Luzon_South":"ルソン島・南部",
"Philippines_Mindanao":"ミンダナオ島",
"Philippines_Visayas":"ヴィサヤ諸島",
"Pitcairn Islands":"ピトケアン諸島",
"Poland":"ポーランド",
"Poland_Greater Poland Voivodeship":"ヴィエルコポルスカ県",
"Poland_Kuyavian-Pomeranian Voivodeship":"クヤヴィ＝ポモージェ県",
"Poland_Lesser Poland Voivodeship":"マウォポルスカ県",
"Poland_Lodz Voivodeship":"ウッチ県",
"Poland_Lower Silesian Voivodeship":"ドルヌィ・シロンスク県",
"Poland_Lublin Voivodeship":"ルブリン県",
"Poland_Lubusz Voivodeship":"ルブシュ県",
"Poland_Masovian Voivodeship":"マゾフシェ県",
"Poland_Opole Voivodeship":"オポーレ県",
"Poland_Podlaskie Voivodeship":"ポドラシェ県",
"Poland_Pomeranian Voivodeship":"ポモージェ県",
"Poland_Silesian Voivodeship":"シロンスク県",
"Poland_Subcarpathian Voivodeship":"ポトカルパチェ県",
"Poland_Swietokrzyskie Voivodeship":"シフィェンティクシシュ県",
"Poland_Warmian-Masurian Voivodeship":"ヴァルミア＝マズールィ県",
"Poland_West Pomeranian Voivodeship":"西ポモージェ県",
"Portugal":"ポルトガル",
"Portugal_North":"ポルトガル・北部",
"Portugal_South":"ポルトガル・南部",
"Qatar":"カタール",
"Republic of Kosovo":"コソボ共和国",
"Romania":"ルーマニア",
"Romania_Centre":"北東部",
"Romania_North_East":"北西部",
"Romania_North_West":"南部",
"Romania_South":"南東部",
"Romania_South_East":"南西部",
"Romania_South_West":"西部",
"Romania_West":"ベルグスラゲン",
"Russia_Altai Krai":"アルタイ地方",
"Russia_Altai Republic":"アルタイ共和国",
"Russia_Amur Oblast":"アムール州",
"Russia_Arkhangelsk Oblast_Central":"アルハンゲリスク州・中部",
"Russia_Arkhangelsk Oblast_North":"アルハンゲリスク州・北部",
"Russia_Astrakhan Oblast":"アストラハン州",
"Russia_Bashkortostan":"バシコルトスタン共和国",
"Russia_Belgorod Oblast":"ベルゴロド州",
"Russia_Bryansk Oblast":"ブリャンスク州",
"Russia_Buryatia":"ブリヤート共和国",
"Russia_Chechen Republic":"チェチェン共和国",
"Russia_Chelyabinsk Oblast":"チェリャビンスク州",
"Russia_Chukotka Autonomous Okrug":"チュクチ自治管区",
"Russia_Chuvashia":"チュヴァシ共和国",
"Russia_Ingushetia":"イングーシ共和国",
"Russia_Irkutsk Oblast":"イルクーツク州",
"Russia_Ivanovo Oblast":"イヴァノヴォ州",
"Russia_Jewish Autonomous Oblast":"ユダヤ自治州",
"Russia_Kabardino-Balkaria":"カバルダ・バルカル共和国",
"Russia_Kaliningrad Oblast":"カリーニングラード州",
"Russia_Kaluga Oblast":"カルーガ州",
"Russia_Kamchatka Krai":"カムチャツカ地方",
"Russia_Karachay-Cherkessia":"カラチャイ・チェルケス共和国",
"Russia_Kemerov Oblast":"ケメロヴォ州",
"Russia_Khabarovsk Krai":"ハバロフスク地方",
"Russia_Khakassia":"ハカス共和国",
"Russia_Kirov Oblast":"キーロフ州",
"Russia_Komi Republic":"コミ共和国",
"Russia_Kostroma Oblast":"コストロマ州",
"Russia_Krasnodar Krai":"クラスノダール地方・北部",
"Russia_Krasnodar Krai_Adygeya":"クラスノダール地方、アディゲ共和国",
"Russia_Krasnoyarsk Krai":"クラスノヤルスク地方",
"Russia_Kurgan Oblast":"クルガン州",
"Russia_Kursk Oblast":"クルスク州",
"Russia_Leningradskaya Oblast_Karelsky":"レニングラード州・北部",
"Russia_Leningradskaya Oblast_Southeast":"レニングラード州・南部",
"Russia_Lipetsk Oblast":"リペツク州",
"Russia_Magadan Oblast":"マガダン州",
"Russia_Mari El":"マリ・エル共和国",
"Russia_Moscow":"モスクワ",
"Russia_Moscow Oblast":"モスクワ州",
"Russia_Murmansk Oblast":"ムルマンスク州",
"Russia_Nenets Autonomous Okrug":"ネネツ自治管区",
"Russia_Nizhny Novgorod Oblast":"ニジニ・ノヴゴロド州",
"Russia_North Ossetia-Alania":"北オセチア共和国",
"Russia_Novgorod Oblast":"ノヴゴロド州",
"Russia_Novosibirsk Oblast":"ノヴォシビルスク州",
"Russia_Omsk Oblast":"オムスク州",
"Russia_Orenburg Oblast":"オレンブルク州",
"Russia_Oryol Oblast":"オリョール州",
"Russia_Penza Oblast":"ペンザ州",
"Russia_Perm Krai":"ペルミ地方",
"Russia_Primorsky Krai":"沿海地方",
"Russia_Pskov Oblast":"プスコフ州",
"Russia_Republic of Dagestan":"ダゲスタン共和国",
"Russia_Republic of Kalmykia":"カルムイク共和国",
"Russia_Republic of Karelia":"カレリア共和国",
"Russia_Republic of Mordovia":"モルドヴィア共和国",
"Russia_Rostov Oblast":"ロストフ州",
"Russia_Ryazan Oblast":"リャザン州",
"Russia_Saint Petersburg":"サンクトペテルブルク",
"Russia_Sakha Republic":"サハ共和国",
"Russia_Sakhalin Oblast":"サハリン州",
"Russia_Samara Oblast":"サマラ州",
"Russia_Saratov Oblast":"サラトフ州",
"Russia_Smolensk Oblast":"スモレンスク州",
"Russia_Stavropol Krai":"スタヴロポリ地方",
"Russia_Sverdlovsk Oblast":"スヴェルドロフスク州",
"Russia_Tambov Oblast":"タンボフ州",
"Russia_Tatarstan":"タタールスタン共和国",
"Russia_Tomsk Oblast":"トムスク州",
"Russia_Tula Oblast":"トゥーラ州",
"Russia_Tuva":"トゥヴァ共和国",
"Russia_Tver Oblast":"トヴェリ州",
"Russia_Tyumen Oblast":"チュメニ州",
"Russia_Udmurt Republic":"ウドムルト共和国",
"Russia_Ulyanovsk Oblast":"ウリヤノフスク州",
"Russia_Vladimir Oblast":"ヴラジーミル州",
"Russia_Volgograd Oblast":"ヴォルゴグラード州",
"Russia_Vologda Oblast":"ヴォログダ州",
"Russia_Voronezh Oblast":"ヴォロネジ州",
"Russia_Yamalo-Nenets Autonomous Okrug":"ヤマロ・ネネツ自治管区",
"Russia_Yaroslavl Oblast":"ヤロスラヴリ州",
"Russia_Yugra":"ハンティ・マンシ自治管区・ユグラ",
"Russia_Zabaykalsky Krai":"ザバイカリエ地方",
"Russian Federation":"ロシア",
"Rwanda":"ルワンダ",
"Sahrawi Arab Democratic Republic":"サハラ・アラブ民主共和国",
"Saint Barthelemy":"サン・バルテルミー島",
"Saint Helena Ascension and Tristan da Cunha":"セントヘレナ・アセンションおよびトリスタンダクーニャ",
"Saint Kitts and Nevis":"セントクリストファー・ネイビス",
"Saint Lucia":"セントルシア",
"Saint Martin":"サン・マルタン",
"Saint Vincent and the Grenadines":"セントビンセント・グレナディーン",
"Samoa":"サモア",
"San Marino":"サンマリノ",
"Sao Tome and Principe":"サントメ・プリンシペ",
"Saudi Arabia":"サウジアラビア",
"Senegal":"セネガル",
"Serbia":"セルビア",
"Seychelles":"セーシェル",
"Sierra Leone":"シエラレオネ",
"Singapore":"シンガポール",
"Slovakia":"スロバキア",
"Slovakia_Region of Banska Bystrica":"バンスカー・ビストリツァ県",
"Slovakia_Region of Bratislava":"ブラチスラヴァ県",
"Slovakia_Region of Kosice":"コシツェ州",
"Slovakia_Region of Nitra":"ニトラ県",
"Slovakia_Region of Presov":"プレショウ県",
"Slovakia_Region of Trencin":"トレンチーン県",
"Slovakia_Region of Trnava":"トルナヴァ県",
"Slovakia_Region of Zilina":"ジリナ県",
"Slovenia":"スロベニア",
"Solomon Islands":"ソロモン諸島",
"Somalia":"ソマリア",
"South Africa":"南アフリカ共和国",
"South Africa_Eastern Cape":"東ケープ州",
"South Africa_Free State":"フリーステイト州",
"South Africa_Gauteng":"ハウテン州",
"South Africa_KwaZulu-Natal":"クワズール・ナタール州",
"South Africa_Limpopo":"リンポポ州",
"South Africa_Mpumalanga":"ムプマランガ州",
"South Africa_North West":"北西州",
"South Africa_Northern Cape":"北ケープ州",
"South Africa_Western Cape":"西ケープ州",
"South Carolina":"サウスカロライナ州",
"South Georgia and the South Sandwich Islands":"サウスジョージア・サウスサンドウィッチ諸島",
"South Korea":"大韓民国",
"South Korea_North":"大韓民国・北部",
"South Korea_South":"大韓民国・南部",
"South Ossetia":"南オセチア",
"South Sudan":"南スーダン",
"Spain":"スペイン",
"Spain_Andalusia":"アンダルシア州",
"Spain_Aragon":"アラゴン州",
"Spain_Balearic Islands":"バレアレス諸島",
"Spain_Basque Country":"バスク州",
"Spain_Canary Islands":"カナリア諸島",
"Spain_Cantabria":"カンタブリア州",
"Spain_Castile and Leon":"カスティーリャ・レオン州",
"Spain_Castile-La Mancha":"カスティーリャ・ラ・マンチャ州",
"Spain_Catalonia_Provincia de Barcelona":"バルセロナ県",
"Spain_Catalonia_Provincia de Girona":"ジローナ県",
"Spain_Catalonia_Provincia de Lleida":"リェイダ県",
"Spain_Catalonia_Provincia de Tarragona":"タラゴナ県",
"Spain_Ceuta":"セウタ",
"Spain_Community of Madrid":"マドリード州",
"Spain_Comunidad Foral de Navarra":"ナバラ州",
"Spain_Extremadura":"エストレマドゥーラ州",
"Spain_Galicia":"ガリシア州",
"Spain_La Rioja":"ラ・リオハ州",
"Spain_Melilla":"メリリャ",
"Spain_Principado de Asturias":"アストゥリアス州",
"Spain_Region de Murcia":"ムルシア州",
"Spain_Valencian Community":"バレンシア州",
"Sri Lanka":"スリランカ",
"Sudan":"スーダン",
"Suriname":"スリナム",
"Swaziland":"スワジランド",
"Sweden":"スウェーデン",
"Sweden_Bergslagen":"マラーダレン",
"Sweden_Malardalen":"メラノールランド",
"Sweden_Mellannorrland":"ノーラ・スヴェルジュ",
"Sweden_Norra Sverige":"エステル・イェータランド",
"Sweden_Ostra Gotaland":"セードラ・イェータランド",
"Sweden_Sodra Gotaland":"ヴェストラ・イェータランド",
"Sweden_Vastra Gotaland":"スイス中部",
"Switzerland":"スイス",
"Switzerland_Central":"スイス東部",
"Switzerland_Eastern":"エスパス・ミッテルラント",
"Switzerland_Espace Mittelland":"ジュネーブ州",
"Switzerland_Lake Geneva region":"スイス北西部",
"Switzerland_Northwestern":"チューリッヒ首都圏",
"Switzerland_Ticino":"ティチーノ州",
"Switzerland_Zurich":"ウィリス島",
"Syria":"シリア",
"Taiwan":"中華民国",
"Tajikistan":"タジキスタン",
"Tanzania":"タンザニア",
"Tennessee":"テネシー州",
"Texas":"テキサス州",
"Thailand":"タイ王国",
"Thailand_North":"タイ王国・北部",
"Thailand_South":"タイ王国・南部",
"The Bahamas":"バハマ",
"The Gambia":"ガンビア",
"Togo":"トーゴ",
"Tokelau":"トケラウ",
"Tonga":"トンガ",
"Trinidad and Tobago":"トリニダード・トバゴ",
"Tunisia":"チュニジア",
"Turkey":"トルコ",
"Turkey_Aegean Region":"エーゲ海地方",
"Turkey_Black Sea Region":"黒海地方",
"Turkey_Eastern Anatolia Region":"東アナトリア地方",
"Turkey_Marmara Region":"マルマラ地方",
"Turkey_Mediterranean Region":"地中海地方",
"Turkey_Southeastern Anatolia Region":"南東アナトリア地方",
"Turkmenistan":"トルクメニスタン",
"Turks and Caicos Islands":"タークス・カイコス諸島",
"Tuvalu":"ツバル",
"UK_England_East Midlands":"イースト・ミッドランズ",
"UK_England_East of England_Essex":"イースト・オブ・イングランド・エセックス",
"UK_England_East of England_Norfolk":"イースト・オブ・イングランド・ノーフォーク",
"UK_England_Greater London":"グレーター・ロンドン",
"UK_England_North East England":"ノース・イースト・イングランド",
"UK_England_North West England":"ノース・ウェスト・イングランド",
"UK_England_South East_Brighton":"サウス・イースト・イングランド・ブライトン",
"UK_England_South East_Oxford":"サウス・イースト・イングランド・オックスフォード",
"UK_England_South West England_Bristol":"サウス・ウェスト・イングランド・ブリストル",
"UK_England_South West England_Cornwall":"サウス・ウェスト・イングランド・コーンウォール",
"UK_England_West Midlands":"ウェスト・ミッドランズ",
"UK_England_Yorkshire and the Humber":"ヨークシャー・アンド・ザ・ハンバー",
"UK_Northern Ireland":"北アイルランド",
"UK_Scotland_North":"スコットランド・北部",
"UK_Scotland_South":"スコットランド・南部",
"UK_Wales":"ウェールズ",
"US_Alabama_Birmingham":"バーミングハム",
"US_Alabama_Montgomery":"モンゴメリー",
"US_Alaska":"アラスカ州",
"US_Arizona_Flagstaff":"フラッグスタッフ",
"US_Arizona_Phoenix":"フェニックス",
"US_Arizona_Tucson":"ツーソン",
"US_Arkansas":"アーカンソー州",
"US_California_Bakersfield_Bakersfield":"ベーカーズフィールド",
"US_California_Bakersfield_Lancaster":"ランカスター",
"US_California_Chico":"チコ",
"US_California_LA":"ロサンゼルス",
"US_California_LA North":"ロサンゼルス・北部",
"US_California_Redding":"レディング",
"US_California_Sacramento_Fresno":"フレズノ",
"US_California_Sacramento_Sacramento":"サクラメント",
"US_California_Sacramento_Stockton":"ストックトン",
"US_California_San Diego":"サンディエゴ",
"US_California_Santa_Clara_Palo Alto":"サンフランシスコ",
"US_California_Santa_Clara_Santa Cruz":"サンタクルーズ",
"US_Colorado_Aspen":"アスペン",
"US_Colorado_Denver":"デンバー",
"US_Colorado_South":"コロラド州・南部",
"US_Connecticut":"コネチカット州",
"US_Delaware":"デラウェア州",
"US_Florida_Jacksonville":"ジャクソンビル",
"US_Florida_Miami":"マイアミ",
"US_Florida_Orlando":"オーランド",
"US_Florida_Tampa":"タンパ",
"US_Georgia":"ジョージア州",
"US_Georgia_Atlanta":"アトランタ",
"US_Georgia_Macon":"メイコン",
"US_Georgia_North":"ジョージア州・北部",
"US_Georgia_South":"ジョージア州・南部",
"US_Guam":"グアム",
"US_Hawaii":"ハワイ州",
"US_Idaho":"アイダホ州",
"US_Illinois_Chickago":"シカゴ",
"US_Illinois_Elgin":"エルジン",
"US_Illinois_Rockford":"ロックフォード",
"US_Illinois_South":"イリノイ州・南部",
"US_Illinois_Springfield":"スプリングフィールド",
"US_Indiana_North":"インディアナ州・北部",
"US_Indiana_South":"インディアナ州・南部",
"US_Iowa_Des Moines":"デモイン",
"US_Iowa_Waterloo":"ウォータールー",
"US_Iowa_West":"アイオワ州・西部",
"US_Kansas_East":"カンザス州・東武",
"US_Kansas_West":"カンザス州・西部",
"US_Kentucky_East":"ケンタッキー州・東武",
"US_Kentucky_West":"ケンタッキー州・西部",
"US_Louisiana_Central":"ルイジアナ州・西部",
"US_Louisiana_New Orleans":"ニューオーリンズ",
"US_Maine":"メイン州",
"US_Maryland_Baltimore":"ボルチモア",
"US_Maryland_and_DC":"西部、ワシントンD.C.",
"US_Massachusetts_Boston":"ボストン",
"US_Massachusetts_Central":"ウースター",
"US_Massachusetts_Plymouth":"プリマス",
"US_Massachusetts_Southeastern":"バーンスタブル",
"US_Massachusetts_West":"スプリングフィールド",
"US_Michigan_Detroit":"デトロイト",
"US_Michigan_North":"ミシガン州・北部",
"US_Michigan_South":"ミシガン州・南部",
"US_Minnesota_Minneapolis":"ミネアポリス",
"US_Minnesota_North":"ミネソタ州・北部",
"US_Minnesota_Rochester":"ロチェスター",
"US_Minnesota_Saint Cloud":"セントクラウド",
"US_Mississippi":"ミシシッピ州",
"US_Missouri_East":"ミズーリ州・東武",
"US_Missouri_West":"ミズーリ州・西部",
"US_Montana":"モンタナ州",
"US_Nebraska":"ネブラスカ州",
"US_Nevada":"ネバダ州",
"US_New Hampshire":"ニューハンプシャー州",
"US_New Jersey_North":"ニュージャージー州・北部",
"US_New Jersey_South":"ニュージャージー州・南部",
"US_New Mexico":"ニューメキシコ州",
"US_New York_East":"ニューヨーク州・東武",
"US_New York_New York":"ニューヨーク州・ニューヨーク",
"US_New York_North":"ニューヨーク州・北部",
"US_New York_West":"ニューヨーク州・西部",
"US_North Carolina_Asheville":"アシュビル",
"US_North Carolina_Charlotte":"シャーロット",
"US_North Carolina_Greensboro":"グリーンズボロ",
"US_North Carolina_Raleigh":"ローリー",
"US_North Carolina_Wilmington":"ウィルミントン",
"US_North Carolina_Wilson":"ウィルソン",
"US_North Dakota_Bismarck":"ビスマーク",
"US_North Dakota_East":"ファーゴ",
"US_North Dakota_Minot":"マイノット",
"US_Ohio_Cleveland":"クリーブランド",
"US_Ohio_Dayton":"デイトン",
"US_Oklahoma_East":"オクラホマ州・東武",
"US_Oklahoma_West":"オクラホマ州・西部",
"US_Oregon_Eugene":"ユージーン",
"US_Oregon_Portland":"ポートランド",
"US_Oregon_West":"オレゴン州・西部",
"US_Pennsylvania_Central":"アルトゥーナ (ペンシルベニア州)",
"US_Pennsylvania_Pittsburgh":"ピッツバーグ",
"US_Pennsylvania_Reading":"レディング",
"US_Pennsylvania_Scranton":"スクラントン",
"US_Puerto Rico":"プエルトリコ",
"US_Rhode Island":"ロードアイランド州",
"US_South Carolina_Columbia":"コロンビア",
"US_South Carolina_Florence":"フローレンス",
"US_South Dakota":"サウスダコタ州",
"US_Tennessee_East":"テネシー州・東武",
"US_Tennessee_West":"テネシー州・西部",
"US_Texas_Austin":"オースティン",
"US_Texas_Dallas":"ダラス",
"US_Texas_Houston":"ヒューストン",
"US_Texas_Northwest":"アマリロ",
"US_Texas_San Antonio":"サンアントニオ",
"US_Texas_Southwest":"ラレド",
"US_Texas_Tyler":"タイラー",
"US_Texas_Wako":"ウェーコ",
"US_Texas_West":"オデッサ",
"US_United States Minor Outlying Islands":"合衆国領有小離島",
"US_Utah":"ユタ州",
"US_Vermont":"バーモント州",
"US_Virginia_Chesapeake":"チェサピーク",
"US_Virginia_Lynchburg":"リンチバーグ",
"US_Virginia_Richmond":"リッチモンド",
"US_Virginia_Roanoke":"ロアノーク",
"US_Washington_Coast":"タコマ",
"US_Washington_Seattle":"シアトル",
"US_Washington_Yakima":"ヤキマ",
"US_West Virginia":"ウェストバージニア州",
"US_Wisconsin_Milwaukee":"ミルウォーキー",
"US_Wisconsin_North":"オークレア",
"US_Wyoming":"ワイオミング州",
"Uganda":"ウガンダ",
"Ukraine":"ウクライナ",
"Ukraine_Cherkasy Oblast":"チェルカースィ州",
"Ukraine_Chernihiv Oblast":"チェルニーヒウ州",
"Ukraine_Chernivtsi Oblast":"チェルニウツィー州",
"Ukraine_Dnipropetrovsk Oblast":"ドニプロペトロウシク州",
"Ukraine_Donetsk Oblast":"ドネツィク州",
"Ukraine_Ivano-Frankivsk Oblast":"イヴァーノ＝フランキーウシク州",
"Ukraine_Kharkiv Oblast":"ハルキウ州",
"Ukraine_Kherson Oblast":"ヘルソン州",
"Ukraine_Khmelnytskyi Oblast":"フメリヌィーツィクィイ州",
"Ukraine_Kirovohrad Oblast":"キロヴォフラード州",
"Ukraine_Kyiv Oblast":"キエフ州",
"Ukraine_Luhansk Oblast":"ルハーンシク州",
"Ukraine_Lviv Oblast":"リヴィウ州",
"Ukraine_Mykolaiv Oblast":"ムィコラーイウ州",
"Ukraine_Odessa Oblast":"オデッサ州",
"Ukraine_Poltava Oblast":"ポルタヴァ州",
"Ukraine_Rivne Oblast":"リウネ州",
"Ukraine_Sumy Oblast":"スームィ州",
"Ukraine_Ternopil Oblast":"テルノーピリ州",
"Ukraine_Vinnytsia Oblast":"ヴィーンヌィツャ州",
"Ukraine_Volyn Oblast":"ヴォルィーニ州",
"Ukraine_Zakarpattia Oblast":"ザカルパッチャ州",
"Ukraine_Zaporizhia Oblast":"ザポリージャ州",
"Ukraine_Zhytomyr Oblast":"ジトームィル州",
"United Arab Emirates":"アラブ首長国連邦",
"United Kingdom":"イギリス",
"United States Virgin Islands":"アメリカ領ヴァージン諸島",
"United States of America":"アメリカ合衆国",
"Uruguay":"ウルグアイ",
"Uzbekistan":"ウズベキスタン",
"Vanuatu":"バヌアツ",
"Venezuela":"ベネズエラ",
"Vietnam":"ベトナム",
"Virginia":"バージニア州",
"Wallis and Futuna":"ウォリス・フツナ",
"Washington":"ワシントン州",
"Willis Island":"ブラジル北部",
"Wisconsin":"ウィスコンシン州",
"Yemen":"イエメン",
"Zambia":"ザンビア",
"Zimbabwe":"ジンバブエ",
"Argentina_Santa Fe":"サンタフェ州",
"Australia_Brisbane":"ブリスベン",
"Australia_Sydney":"シドニー",
"Austria_Styria_Graz":"シュタイアーマルク州・グラーツ",
"Austria_Styria_Leoben":"シュタイアーマルク州・レオーベン",
"Austria_Upper Austria_Linz":"オーバーエスターライヒ州・リンツ",
"Austria_Upper Austria_Wels":"オーバーエスターライヒ州・ヴェルス",
"Bolivia_North":"ボリビア・北部",
"Bolivia_South":"ボリビア・南部",
"Brazil_Goias_Brasilia":"ゴイアス州・ブラジリア",
"Brazil_Goias_North":"ゴイアス州・北部",
"Brazil_North Region_East":"北部 — 東",
"Brazil_North Region_West":"北部 — 西",
"Brazil_Northeast Region_East":"北東部 — 東",
"Brazil_Northeast Region_West":"北東 — 西",
"Brazil_Parana_East":"パラナ州・東武",
"Brazil_Parana_West":"パラナ州・西部",
"Brazil_South Region_East":"南部 — 東",
"Brazil_South Region_West":"南部 —西",
"Bulgaria_East":"ブルガリア・東武",
"Bulgaria_West":"ブルガリア・西部",
"Canada_Ontario_Northeastern_W":"ワワ",
"Chile_Central":"チリ・中部",
"Congo-Kinshasa_Kivu":"キヴ州",
"Congo-Kinshasa_West":"コンゴ民主共和国・西部",
"Croatia_Central":"クロアチア・中部",
"Croatia_West":"クロアチア・西部",
"Ecuador_East":"エクアドル・東武",
"Ecuador_West":"エクアドル・西部",
"Finland_Eastern Finland_North":"東スオミ州・北部",
"Finland_Eastern Finland_South":"東スオミ州・南部",
"Finland_Western Finland_Jyvaskyla":"西スオミ州・ユヴァスキュラ",
"Finland_Western Finland_Tampere":"西スオミ州・タンペレ",
"France_Free County_North":"フランシュ＝コンテ地域圏・北部",
"France_Free County_South":"フランシュ＝コンテ地域圏・南部",
"France_Pays de la Loire_Loire-Atlantique_Nantes":"ロワール＝アトランティック県・ナント",
"France_Pays de la Loire_Loire-Atlantique_Saint-Nazaire":"ロワール＝アトランティック県・サン＝ナゼール",
"Germany_Free State of Bavaria_Upper Bavaria_South":"オーバーバイエルン・南部",
"India_Karnataka_North":"カルナータカ州・北部",
"India_Karnataka_South":"カルナータカ州・南部",
"Iran_East":"イラン・東武",
"Iraq_North":"イラク・北部",
"Iraq_South":"イラク・南部",
"Japan_Chubu Region_Aichi_Nagoya":"愛知県・名古屋市",
"Japan_Chubu Region_Aichi_Toyohashi":"愛知県・豊橋市",
"Japan_Hokkaido Region_Sapporo":"札幌市",
"Japan_Kinki Region_Osaka_Osaka":"大阪市",
"Japan_Kinki Region_Osaka_West":"大阪府・西部",
"Kazakhstan_North":"カザフスタン・北部",
"Kazakhstan_South":"カザフスタン・南部",
"Lithuania_East":"リトアニア・東武",
"Lithuania_West":"リトアニア・西部",
"Mexico_Chihuahua":"チワワ州",
"Mexico_Sonora":"ソノラ州",
"Nepal_Kathmandu":"カトマンズ",
"Nepal_Madhyamanchal":"中部開発区域",
"Nepal_Purwanchal":"東部開発区域",
"Nigeria_North":"ナイジェリア・北部",
"Nigeria_South":"ナイジェリア・南部",
"Norway_Hordaland":"ホルダラン県",
"Norway_Nordland":"ヌールラン県",
"Norway_North Trondelag":"ヌール・トロンデラーグ県",
"Norway_Rogaland":"ローガラン県",
"Norway_South Trondelag":"ソール・トロンデラーグ県",
"Peru_Lima":"リマ",
"Portugal_Islands":"ポルトガルの島",
"Portugal_Viseu":"ヴィゼウ",
"Russia_Krasnoyarsk Krai_North":"クラスノヤルスク地方・北部",
"Russia_Krasnoyarsk Krai_South":"クラスノヤルスク地方・南部",
"Russia_Moscow Oblast_East":"モスクワ州・東武",
"Russia_Moscow Oblast_West":"モスクワ州・西部",
"Russia_Perm Krai_North":"ペルミ地方・北部",
"Russia_Perm Krai_South":"ペルミ地方・南部",
"Russia_Republic of Karelia_North":"カレリア共和国・北部",
"Russia_Republic of Karelia_South":"カレリア共和国・南部",
"Russia_Sverdlovsk Oblast_North":"スヴェルドロフスク州・北部",
"Russia_Sverdlovsk Oblast_Ekaterinburg":"スヴェルドロフスク州・エカテリンブルク",
"Russia_Yugra_Khanty":"ハンティ・マンシ自治管区・ユグラ・ハンティ・マンシースク",
"Russia_Yugra_Surgut":"ハンティ・マンシ自治管区・ユグラ・スルグト",
"Saudi Arabia_North":"サウジアラビア・北部",
"Saudi Arabia_South":"サウジアラビア・南部",
"Slovenia_East":"スロベニア・東武",
"Slovenia_West":"スロベニア・西部",
"Spain_Andalusia_Granada":"アンダルシア州・グラナダ",
"Spain_Andalusia_Sevilla":"アンダルシア州・セビリア",
"Spain_Castile and Leon_East":"カスティーリャ・レオン州・東武",
"Spain_Castile and Leon_West":"カスティーリャ・レオン州・西部",
"Spain_Galicia_North":"ガリシア州・北部",
"Spain_Galicia_South":"ガリシア州・南部",
"Sudan_East":"スーダン・東武",
"Sudan_West":"スーダン・西部",
"Sweden_Stockholm":"ストックホルム",
"Switzerland_Espace Mittelland_Bern":"中部— ベルン",
"Switzerland_Espace Mittelland_East":"中部— 東",
"Taiwan_North":"中華民国・北部",
"Taiwan_South":"中華民国・南部",
"Thailand_Central":"タイ王国・中部",
"Turkey_Central Anatolia Region_Ankara":"中央アナトリア地方・アンカラ",
"Turkey_Central Anatolia Region_Kayseri":"中央アナトリア地方・カイセリ",
"Turkey_Marmara Region_Bursa":"マルマラ地方・ブルサ",
"Turkey_Marmara Region_Istanbul":"マルマラ地方・イスタンブル",
"US_Arkansas_North":"アーカンソー州・北部",
"US_Arkansas_South":"アーカンソー州・南部",
"US_Florida_Gainesvile":"ゲインズビル",
"US_Idaho_North":"アイダホ州・北部",
"US_Idaho_South":"アイダホ州・南部",
"US_Indiana_Evansville":"エバンズビル",
"US_Indiana_Indianapolis":"インディアナポリス",
"US_Kansas_Wichita":"ウィチタ",
"US_Kentucky_Louisville":"ルイビル",
"US_Michigan_Grand Rapids":"グランドラピッズ",
"US_Michigan_Lansing":"ランシング",
"US_Mississippi_Gulfport":"ガルフポート",
"US_Mississippi_North":"ミシシッピ州・北部",
"US_Missouri_Kansas":"カンザスシティ",
"US_Missouri_Springfield":"スプリングフィールド",
"US_Missouri_St Louis":"セントルイス",
"US_Montana_East":"モンタナ州・東武",
"US_Montana_West":"モンタナ州・西部",
"US_Nebraska_East":"ネブラスカ州・東武",
"US_Nebraska_West":"ネブラスカ州・西部",
"US_New Mexico_Albuquerque":"アルバカーキ",
"US_New Mexico_Roswell":"ロズウェル",
"US_Ohio_Cincinnati":"シンシナティ",
"US_Ohio_Columbus":"コロンバス",
"US_Ohio_Toledo":"トレド",
"US_Oklahoma_Oklahoma":"オクラホマシティ",
"US_Oklahoma_Tulsa":"タルサ",
"US_South Carolina_Charleston":"チャールストン",
"US_Texas_Amarillo":"アマリロ",
"US_Texas_Lubbock":"ラボック",
"US_Utah_North":"ユタ州・北部",
"US_Utah_South":"ユタ州・南部",
"US_Virginia_Alexandria":"アレクサンドリア",
"US_Wisconsin_Eau Claire":"オークレア",
"US_Wisconsin_Madison":"マディソン",
"Venezuela_North":"ベネズエラ・北部",
"Venezuela_South":"ベネズエラ・南部",
"Argentina_Buenos Aires_Buenos Aires":"ブエノスアイレス",
"Canada_Quebek_Lachute":"ラシュート",
"Canada_Saskatchewan_Regina":"レジャイナ",
"Canada_Saskatchewan_Saskatoon":"サスカトゥーン",
"Germany_Lower Saxony_Braunschweig":"ブラウンシュヴァイク",
"Germany_Saxony-Anhalt_Halle":"ザクセン＝アンハルト州・ハレ",
"Germany_Saxony-Anhalt_Magdeburg":"ザクセン＝アンハルト州・マクデブルク",
"Germany_Schleswig-Holstein_Flensburg":"シュレースヴィヒ＝ホルシュタイン州・フレンスブルク",
"Germany_Schleswig-Holstein_Kiel":"シュレースヴィヒ＝ホルシュタイン州・キール",
"Portugal_Porto":"ポルト",
"UK_England_North West England_Lancaster":"ノース・ウェスト・イングランド・ランカスター",
"UK_England_North West England_Manchester":"ノース・ウェスト・イングランド・マンチェスター",
"US_Florida_Gainesville":"ゲインズビル",
"US_Texas_Victoria":"ビクトリア",
"US_Virginia_Norfolk":"ノーフォーク"
}
