{
"Comoros": "Comores",
"Equatorial Guinea": "Guinea Ecuatorial",
"Chile": "Chile",
"Dominica": "Dominica",
"Australia": "Australia",
"Afghanistan": "Afganistán",
"Mexico": "Méxicu",
"Monaco": "Mónacu",
"Bangladesh": "Bangladex",
"Belarus": "Bielorrusia",
"Albania": "Albania",
"Togo": "Togu",
"Bahrain": "Baḥréin",
"Tokelau": "Tokeláu",
"Azerbaijan": "Azerbaixán",
"Egypt": "Exiptu",
"Mongolia": "Mongolia",
"Fiji": "Fixi",
"Azerbaijan Region": "Azerbaixán",
"Armenia": "Armenia",
"Angola": "Angola",
"Anguilla": "Anguila",
"Antarctica": "Antártida",
"Argentina": "Arxentina",
"Belgium": "Bélxica",
"Botswana": "Botsuana",
"Brazil": "Brasil",
"Brunei": "Brunéi",
"Bulgaria": "Bulgaria",
"Burkina Faso": "Burkina Fasu",
"Burundi": "Burundi",
"Cambodia": "Camboya",
"Cameroon": "Camerún",
"Canada": "Canadá",
"Chad": "Chad",
"Colombia": "Colombia",
"Costa Rica": "Costa Rica",
"Cote dIvoire": "Costa de Marfil",
"Cuba": "Cuba",
"Czech Republic": "Chequia",
"Ethiopia": "Etiopía",
"Mauritania": "Mauritania",
"Mauritius": "Mauriciu",
"Mexico_Mexico": "Ciudá de Méxicu",
"Moldova": "Moldavia",
"Morocco": "Marruecos",
"Norway": "Noruega",
"Spain_Principado de Asturias": "Asturies",
"Tonga": "Tonga",
"Trinidad and Tobago": "Trinidá y Tobagu",
"Tunisia": "Tunicia",
"Turkey": "Turquía",
"Barbados": "Barbados",
"Algeria": "Arxelia",
"Antigua and Barbuda": "Antigua y Barbuda",
"Bermuda": "Bermudes",
"Denmark": "Dinamarca",
"Djibouti": "Xibuti",
"The Gambia": "Gambia",
"Central African Republic": "República Centroafricana",
"Paraguay": "Paraguái",
"The Bahamas": "Les Bahames",
"Cayman Islands": "Islles Caimán",
"Austria": "Austria",
"Benin": "Benín",
"Cape Verde": "Cabu Verde",
"Congo-Kinshasa": "República Democrática d’El Congu",
"US_Hawaii": "Ḥawai",
"Montenegro": "Montenegru",
"Jamaica": "Xamaica",
"Japan": "Xapón",
"US_Puerto Rico": "Puertu Ricu",
"United Arab Emirates": "Emiratos Árabes Xuníos",
"United Kingdom": "Reinu Xuníu",
"Uruguay": "Uruguái",
"Yemen": "Yeme",
"Czech Republic Short": "Chequia",
"United States of America Short": "EE. XX.",
"Russian Federation": "Rusia",
"Tuvalu": "Tuvalu",
"US_Delaware": "Delaware",
"US_Florida_Miami": "Miami",
"US_Pennsylvania_Reading": "Reading",
"Nauru": "nauru",
"Tokelau Description": "Tokeláu",
"Abkhazia": "abkhazianu",
"Bolivia": "Bolivia",
"Croatia": "croata",
"Estonia": "Estonia",
"Indiana": "Indiana",
"Indonesia": "Indonesia",
"Latvia": "Letonia",
"Romania": "Rumanía",
"Spain_Extremadura": "Estremadura",
"Spain_Galicia_North Short": "Galicia",
"Spain_Galicia_South Short": "Galicia",
"Canada_Ontario_Bame": "Barrier",
"Germany": "Alemaña",
"Germany_Free State of Bavaria": "Baviera",
"Germany_Free State of Bavaria_Swabia": "Suabia",
"India_Chhattisgarh": "Chhattisgarhi",
"India_Gujarat": "guyaratí",
"Italy_Sardinia": "sardu",
"Slovenia": "Eslovenia",
"Somalia": "Somalia",
"Georgia": "Xeorxa",
"Pakistan": "Paquistán",
"France_Corsica": "corsu",
"Georgia Region": "Xeorxa",
"India_Manipur": "manipuri",
"India_Punjab": "punyabí",
"India_Rajasthan": "Rajasthani",
"Italy_Liguria": "Liguria",
"Italy_Lombardy": "Lombardía",
"Lithuania": "Lituania",
"Malaysia": "Malasia",
"Serbia": "Serbia",
"Spain_Galicia": "Galicia",
"US_Georgia": "Xeorxa",
"Luxembourg": "Luxemburgu",
"Greece": "Grecia",
"Guernsey": "Guérnesei",
"Hungary": "Hungría",
"Iceland": "Islandia",
"India": "India",
"Bosnia and Herzegovina": "Bosnia y Herzegovina",
"Cyprus": "Xipre",
"Finland": "Finlandia",
"France": "Francia",
"Ireland": "Irlanda",
"Israel": "Israel",
"Israel Region": "Israel",
"Italy": "Italia",
"Spain": "España",
"United States of America": "Estaos Xuníos d’América",
"Palestine Region Short": "Palestina",
"Macedonia": "Macedonia del Norte",
"Spain_Andalusia": "Andalucía",
"Spain_Aragon": "Aragón",
"Spain_Balearic Islands": "Islles Baleares",
"Spain_Basque Country": "País Bascu",
"Spain_Canary Islands": "Canaries",
"Spain_Cantabria": "Cantabria",
"Spain_Castile and Leon": "Castiella y Lleón",
"Spain_Castile-La Mancha": "Castiella-La Mancha",
"Spain_Ceuta": "Ceuta",
"Spain_Community of Madrid": "Comunidá de Madril",
"Spain_Comunidad Foral de Navarra": "Navarra",
"Spain_La Rioja": "La Rioxa",
"Spain_Melilla": "Melilla",
"Jerusalem": "Xerusalén",
"Jordan": "Xordania",
"Jersey": "Xerséi",
"Laos": "Laos",
"Lebanon": "Líbanu",
"Kenya": "Kenia",
"Libya": "Libia",
"Kingdom of Lesotho": "Lesothu",
"Kiribati": "Kiribati",
"Kuwait": "Kuwait",
"Kyrgyzstan": "Kirguistán",
"Kazakhstan": "Kazakstán",
"Liberia": "Liberia",
"Palau": "Paláu",
"Panama": "Panamá",
"Papua New Guinea": "Papúa Nueva Guinea",
"People's Republic of China": "China",
"Mali": "Malí",
"Malta": "Malta",
"Marshall Islands": "Islles Márxal",
"Martinique": "Martinica",
"Niger": "Níxer",
"Nigeria": "Nixeria",
"Peru": "Perú",
"Philippines": "Filipines",
"Spain_Ceuta Description": "Ceuta",
"Spain_Melilla Description": "Melilla",
"Spain_Castile and Leon_East Short": "Castiella y Lleón",
"Spain_Castile and Leon_West Short": "Castiella y Lleón",
"Bhutan": "Bután",
"Czech_Praha": "Praga",
"Ecuador": "Ecuador",
"Tajikistan": "Taxiquistán",
"Andorra": "Andorra",
"Belize": "Belize",
"China_Tibet Autonomous Region": "Rexón Autónoma del Tíbet",
"East Timor": "Timor Oriental",
"Gabon": "Gabón",
"South Africa": "Sudáfrica",
"Ukraine": "Ucraína",
"Czech_Praha Description": "Praga",
"Spain_Castile and Leon_East": "Castiella y Lleón — Este",
"Spain_Castile and Leon_West": "Castiella y Lleón — Oeste",
"Uganda": "Uganda",
"UK_England_Yorkshire and the Humber": "Yorkshire y Humber",
"Austria_Tyrol": "Tirol",
"Canada_Newfoundland": "Terranova",
"Cook Islands": "Islles Cook",
"British Indian Ocean Territory": "Territoriu Británicu del Océanu Índicu",
"British Virgin Islands": "Islles Vírxenes Britániques",
"Bosnia and Herzegovina_Entity Federation of Bosnia and Herzegovina Description": "Sarayevu, Mostar",
"France_Ile-de-France_Paris": "París",
"Germany_Hamburg_main": "Hamburgu"
}
