{
"Andorra": "Andorra",
"Abkhazia": "Abcásia",
"Afghanistan": "Afeganistão",
"Alabama": "Alabama",
"Albania": "Albânia",
"Algeria": "Argélia",
"Algeria_Central": "Argélia — Centro",
"Algeria_Coast": "Argélia — Norte",
"Angola": "Angola",
"Antarctica": "Antártica",
"Argentina": "Argentina",
"Argentina_Buenos Aires_South": "Província de Buenos Aires — Sul",
"Argentina_Mesopotamia": "Mesopotâmia",
"Argentina_Northwest": "Noroeste argentino",
"Argentina_Pampas": "Pampas",
"Antigua and Barbuda": "Antígua e Barbuda",
"Argentina_Buenos Aires_North": "Província de Buenos Aires — Norte",
"Anguilla": "Anguilla",
"Argentina_Cuyo": "Cuyo",
"Armenia": "Armênia",
"Australia": "Austrália",
"Belize": "Belize",
"Benin": "Benin",
"Bermuda": "Bermudas",
"Bhutan": "Butão",
"Bolivia": "Bolívia",
"Bosnia and Herzegovina": "Bósnia e Herzegovina",
"Botswana": "Botsuana",
"Brazil": "Brasil",
"British Indian Ocean Territory": "Território Britânico do Oceano Índico",
"Brunei": "Brunei",
"Burundi": "Burundi",
"California": "Califórnia",
"Cambodia": "Camboja",
"Canada": "Canadá",
"Cape Verde": "Cabo Verde",
"Colombia": "Colômbia",
"Comoros": "Comores",
"Congo-Kinshasa": "República Democrática do Congo",
"Cook Islands": "Ilhas Cook",
"Costa Rica": "Costa Rica",
"Denmark": "Dinamarca",
"Djibouti": "Djibuti",
"Dominica": "Dominica",
"Dominican Republic": "República Dominicana",
"East Timor": "Timor Leste",
"Ecuador": "Equador",
"Egypt": "Egito",
"El Salvador": "El Salvador",
"Equatorial Guinea": "Guiné Equatorial",
"Eritrea": "Eritreia",
"Estonia": "Estônia",
"Ethiopia": "Etiópia",
"Faroe Islands": "Ilhas Faroe",
"Fiji": "Fiji",
"Finland": "Finlândia",
"France": "França",
"French Polynesia": "Polinésia francesa",
"Gabon": "Gabão",
"Georgia Region": "Geórgia",
"Georgia": "Geórgia",
"Germany": "Alemanha",
"Ghana": "Gana",
"Gibraltar": "Gibraltar",
"Greece": "Grécia",
"Guinea-Bissau": "Guiné-bissau",
"Guyana": "Guiana",
"Haiti": "Haiti",
"Honduras": "Honduras",
"Hungary": "Hungria",
"Iceland": "Islândia",
"India": "Índia",
"India_Goa": "Goa",
"Indonesia": "Indonésia",
"Iran": "Irã",
"Iraq": "Iraque",
"Ireland": "Irlanda",
"Kenya": "Quênia",
"Morocco_Western Sahara": "Saara Ocidental",
"Mozambique": "Moçambique",
"New Zealand": "Nova Zelândia",
"Nicaragua": "Nicarágua",
"Panama": "Panamá",
"Papua New Guinea": "Papua Nova Guiné",
"Paraguay": "Paraguai",
"People's Republic of China": "China",
"Qatar": "Catar",
"Romania": "Romênia",
"Russian Federation": "Rússia",
"Rwanda": "Ruanda",
"Saint Barthelemy": "São Bartolomeu",
"Saint Lucia": "Saint Lucia",
"Slovenia": "Eslovênia",
"Solomon Islands": "Ilhas Salomão",
"Somalia": "Somália",
"South Africa": "África do Sul",
"South Georgia and the South Sandwich Islands": "Geórgia do Sul e as Ilhas Sandwich South",
"South Korea": "Coreia do Sul",
"Switzerland": "Suíça",
"Thailand": "Tailândia",
"The Gambia": "Gâmbia",
"Togo": "Ir",
"Tokelau": "Tokelau",
"Tonga": "Tonga",
"Turkey": "Peru",
"Turkmenistan": "Turcomenistão",
"Turks and Caicos Islands": "Ilhas Turks e Caicos",
"US_Florida_Miami": "Miami",
"US_Georgia": "Geórgia",
"US_Guam": "Guam",
"US_Pennsylvania_Reading": "Leitura",
"US_Puerto Rico": "Porto Rico",
"US_Texas_Tyler": "Tyler",
"Uganda": "Uganda",
"Ukraine": "Ucrânia",
"United Arab Emirates": "Emirados Árabes Unidos",
"United Kingdom": "Reino Unido",
"United States of America": "Estados Unidos da América",
"Uruguay": "Uruguai",
"Uzbekistan": "Uzbequistão",
"Vanuatu": "Vanuatu",
"Tokelau Description": "Tokelau",
"United States of America Short": "EUA",
"Australia_South Australia": "Austrália Meridional",
"Austria": "Áustria",
"Azerbaijan": "Azerbaijão",
"Azerbaijan Region": "Azerbaijão",
"Bahrain": "Bahrein",
"Bangladesh": "Bangladesh",
"Barbados": "Barbados",
"Belarus": "Bielorrússia",
"Belgium": "Bélgica",
"Bulgaria": "Bulgária",
"Burkina Faso": "Burkina Faso",
"Cameroon": "Camarões",
"Cayman Islands": "Ilhas Cayman",
"Central African Republic": "República da África Central",
"Chad": "Chade",
"Chile": "Chile",
"Cote dIvoire": "Costa do Marfim",
"Croatia": "Croácia",
"Cuba": "Cuba",
"Cyprus": "Chipre",
"Czech Republic": "República Tcheca",
"France_French Guiana": "Guiana francesa",
"France_Midi-Pyrenees_Lot": "Lote",
"France_New Caledonia": "Nova Caledônia",
"France_Nord-Pas-de-Calais_Nord": "Nord",
"Greenland": "Groenlândia",
"Grenada": "Granada",
"Guadeloupe": "Guadalupe",
"Guatemala": "Guatemala",
"Guernsey": "Guernsey",
"Guinea": "Guiné",
"Isle of Man": "Ilha de Homem",
"Israel": "Israel",
"Israel Region": "Israel",
"Italy": "Itália",
"Jamaica": "Jamaica",
"Japan": "Japão",
"Jersey": "Jersey",
"Jordan": "Jordânia",
"Kazakhstan": "Cazaquistão",
"Kingdom of Lesotho": "Lesoto",
"Kiribati": "Kiribati",
"Kuwait": "Kuwait",
"Kyrgyzstan": "Quirguistão",
"Laos": "Laos",
"Latvia": "Letônia",
"Lebanon": "Líbano",
"Liberia": "Libéria",
"Libya": "Líbia",
"Liechtenstein": "Liechtenstein",
"Lithuania": "Lituânia",
"Luxembourg": "Luxemburgo",
"Macedonia": "Macedônia do Norte",
"Madagascar": "Madagáscar",
"Malawi": "Malawi",
"Malaysia": "Malásia",
"Maldives": "Maldivas",
"Mali": "Mali",
"Malta": "Malta",
"Marshall Islands": "Ilhas Marshall",
"Martinique": "Martinica",
"Mauritania": "Mauritânia",
"Mauritius": "Maurício",
"Mexico": "México",
"Moldova": "Moldávia",
"Monaco": "Mônaco",
"Mongolia": "Mongólia",
"Montenegro": "Montenegro",
"Montserrat": "Montserrat",
"Morocco": "Marrocos",
"Myanmar": "Mianmar",
"Namibia": "Namíbia",
"Nauru": "Nauruano",
"Nepal": "Nepal",
"Netherlands": "Holanda",
"Niger": "Níger",
"Nigeria": "Nigéria",
"Niue": "Niue",
"North Korea": "Coreia do Norte",
"Norway": "Noruega",
"Norway_Bouvet Island": "Ilha Bouvet",
"Oman": "Omã",
"Pakistan": "Paquistão",
"Palau": "Palau",
"Peru": "Peru",
"Philippines": "Filipinas",
"Pitcairn Islands": "Pitcairn",
"Poland": "Polônia",
"Portugal": "Portugal",
"Saint Helena Ascension and Tristan da Cunha": "Santa Helena, Ascensão e Tristão da Cunha",
"Saint Kitts and Nevis": "Saint Kitts e Nevis",
"Saint Martin": "Ilha de São Martinho",
"Saint Vincent and the Grenadines": "São Vicente e Granadinas",
"Samoa": "Samoa",
"San Marino": "San Marino",
"Singapore": "Cingapura",
"Saudi Arabia": "Arábia Saudita",
"Senegal": "Senegal",
"Serbia": "Sérvia",
"Seychelles": "Seychelles",
"Slovakia": "Eslováquia",
"Sierra Leone": "Serra Leoa",
"South Sudan": "Sudão do Sul",
"Spain": "Espanha",
"Sri Lanka": "Sri Lanka",
"Sudan": "Sudão",
"Suriname": "Suriname",
"Swaziland": "Essuatíni",
"Sweden": "Suécia",
"Syria": "Síria",
"Taiwan": "Taiwan",
"Tajikistan": "Tajiquistão",
"Tanzania": "Tanzânia",
"Trinidad and Tobago": "Trinidad e Tobago",
"Tunisia": "Tunísia",
"Tuvalu": "Tuvalu",
"US_Delaware": "Lenapes",
"Venezuela": "Venezuela",
"Vietnam": "Vietnã",
"Wallis and Futuna": "Wallis e Futuna",
"Yemen": "Iémen",
"Zambia": "Zâmbia",
"Zimbabwe": "Zimbábue",
"Palestine Region Short": "Palestina",
"United Kingdom Short": "RU",
"Czech Republic Short": "República Tcheca",
"Congo-Kinshasa Short": "Congo",
"Belgium_Walloon Brabant": "Província de Brabante Valão",
"Canada_Saskatchewan_South": "Saskatchewan — Sul",
"Canada_Ontario_Northern": "Baía do Trovão",
"France_Aquitaine": "Aquitânia",
"France_Burgundy_Nievre": "Nièvre",
"Canada_Labrador_South": "Labrador — Sul",
"France_Midi-Pyrenees_Gers": "Gers",
"Canada_Ontario_Northwestern": "Ontário — Norte",
"China_Hebei": "Hebei",
"France_Midi-Pyrenees_Ariege": "Ariège",
"France_Picardy_Somme": "Somme",
"France_Alsace": "Alsácia",
"France_Languedoc-Roussillon": "Languedoc-Roussillon",
"France_Lower Normandy": "Baixa Normandia",
"France_Picardy_Oise": "Oise",
"France_Burgundy_Cote-dOr": "Côte-d'Or",
"France_Brittany_Finistere": "Finistère",
"France_Picardy_Aisne": "Aisne",
"Italy_Emilia-Romagna_Bologna": "Província de Bolonha",
"France_Aquitaine_Dordogne": "Dordonha",
"France_Pays de la Loire_Sarthe": "Sarthe",
"Italy_Calabria": "Calábria",
"Canada_Ontario": "Ontário",
"Canada_Nunavut_South": "Nunavut — Sul",
"Finland_Western Finland": "Finlândia Ocidental",
"France_Languedoc-Roussillon_Pyrenees-Orientales": "Pirineus Orientais",
"Czech_Ustecky kraj": "Região de Usti nad Labem",
"France_Alsace_Bas-Rhin": "Baixo Reno",
"China_Guizhou": "Guizhou",
"France_Centre-Val de Loire": "Centro-Vale do Loire",
"France_Ile-de-France_Hauts-de-Seine": "Altos do Sena",
"France_Centre-Val de Loire_Cher": "Querida",
"France_Ile-de-France_Essonne": "Essonne",
"France_Lower Normandy_Calvados": "Calvados",
"Finland_Southern Finland_West": "Sudoeste da Finlândia",
"France_Burgundy": "Borgonha",
"France_Ile-de-France_Paris": "Paris",
"France_Pays de la Loire_Maine-et-Loire": "Maine-et-Loire",
"France_Picardy": "Picardia",
"Florida": "Flórida",
"France_Brittany_Ille-et-Vilaine": "Ille-et-Vilaine",
"France_Midi-Pyrenees_Haute-Garonne": "Alta Garona",
"Italy_Basilicata": "Basilicata",
"Italy_Emilia": "Emília-Romanha",
"France_Brittany_Cotes-dArmor": "Côtes-d'Armor",
"France_Brittany_Morbihan": "Morbihan",
"France_Brittany": "Bretanha",
"France_Burgundy_Saone-et-Loire": "Saône-et-Loire",
"France_Burgundy_Yonne": "Yonne",
"France_Lorraine": "Lorraine",
"Italy_Campania": "Campânia",
"France_Lower Normandy_Orne": "Orne",
"France_Midi-Pyrenees_Aveyron": "Aveyron",
"France_Nord-Pas-de-Calais_Lille": "Lille",
"France_Pays de la Loire_Vendee": "Vendée",
"Italy_Apulia": "Apúlia",
"Belgium_Antwerp": "Província de Antuérpia",
"Belgium_East Flanders": "Província de Flandres Oriental",
"Belgium_Flemish Brabant": "Província de Brabante Flamengo",
"Belgium_West Flanders": "Província de Flandres Ocidental",
"Bolivia_North": "Bolívia – Norte",
"Bolivia_South": "Bolívia – Sul",
"Bosnia and Herzegovina_Brcko district of Bosnia and Herzegowina": "Distrito de Brcko",
"Bosnia and Herzegovina_Entity Federation of Bosnia and Herzegovina": "Federação da Bósnia e Herzegovina",
"Bosnia and Herzegovina_Republic of Srpska": "República Sérvia",
"Brazil_North Region": "Região Norte, Brasil",
"Brazil_Northeast Region": "Região Nordeste",
"Brazil_South Region": "Sul do Brasil",
"Brazil_Southeast Region_Minas Gerais_North": "Minas Gerais — Norte",
"British Virgin Islands": "Ilhas Virgens Britânicas",
"Cameroon_Central": "Camarões — Centro",
"Cameroon_West": "Camarões — Oeste",
"Campo de Hielo Sur": "Campo de Gelo Patagônico Sul",
"Canada_Alberta_North": "Alberta — Norte",
"Canada_Alberta_South": "Alberta — Sul",
"Canada_British Columbia": "Colúmbia Britânica",
"Canada_British Columbia_Central": "Colúmbia Britânica - Centro",
"Canada_British Columbia_Far_North": "Colúmbia Britânica — Leste",
"Canada_British Columbia_Islands": "Ilha de Vancouver",
"Canada_British Columbia_North": "Colúmbia Britânica — Oeste",
"Canada_British Columbia_Northeast": "Colúmbia Britânica — Norte",
"Canada_Labrador_North": "Labrador — Norte",
"Canada_Labrador_West": "Labrador — Oeste",
"Canada_Manitoba_Northeast": "Manitoba — Norte",
"Canada_Manitoba_Northwest": "Manitoba — Oeste",
"Canada_New Brunswick": "Nova Brunswick",
"Canada_Newfoundland": "Terra Nova",
"Canada_Newfoundland_North": "Terra Nova — Norte",
"Canada_Newfoundland_East": "Terra Nova — Leste",
"Canada_Newfoundland_South": "Terra Nova — Sul",
"Canada_Newfoundland_West": "Terra Nova — Oeste",
"Canada_Northwest Territories": "Territórios do Noroeste",
"Canada_Northwest Territories_East": "Territórios do Noroeste — Leste",
"Canada_Northwest Territories_North": "Territórios do Noroeste — Norte",
"Canada_Nova Scotia": "Nova Escócia",
"Canada_Nova Scotia_Sydney": "Sidney",
"Canada_Nunavut_North": "Nunavut — Norte",
"Canada_Ontario_London": "Londres",
"Canada_Ontario_Northeastern_North": "Fábrica de alces",
"Canada_Ontario_Northeastern_S": "Grande Sudbury",
"Canada_Ontario_Northeastern_SE": "Baía Norte",
"Canada_Prince Edward Island": "Ilha do Príncipe Eduardo",
"Canada_Quebec": "Quebec",
"Canada_Quebec_Quebec": "Cidade de Quebec",
"Canada_Quebek_Far North": "Quebec — Norte",
"Canada_Quebek_Montreal": "Montreal",
"Canada_Quebek_North": "Sete Ilhas",
"Canada_Saskatchewan_North": "Saskatchewan — Norte",
"Canada_Yukon_North": "Yukon — Norte",
"Canada_Yukon_Whitehorse": "Cavalo branco",
"Caribees": "Pequenas Antilhas",
"Caribisch Nederland": "Aruba, Curaçao e Países Baixos Caribenhos",
"Central Anatolia Region": "Região da Anatólia Central",
"Chile_North": "Chile — Norte",
"Chile_South": "Chile — Sul",
"China_Anhui": "Anhui",
"China_Chongqing": "Chongqing",
"China_Fujian": "Fujian",
"China_Gansu": "Gansu",
"China_Guangdong": "Guangdong",
"China_Guangxi": "Região Autônoma de Guangxi Zhuang",
"China_Heilongjiang": "Heilongjiang",
"China_Henan": "Henan",
"China_Hubei": "Hubei",
"China_Hunan": "Hunan",
"China_Inner Mongolia": "Mongólia Interior",
"China_Jiangsu": "Jiangsu",
"China_Jiangxi": "Jiangxi",
"China_Jilin": "Jilin",
"China_Liaoning": "Liaoning",
"China_Ningxia Hui": "Região Autônoma de Ningxia Hui",
"China_Qinghai": "Qinghai",
"China_Shaanxi": "Shaanxi",
"China_Shandong": "Shandong",
"China_Shanghai": "Xangai",
"China_Shanxi": "Shanxi",
"China_Sichuan": "Sichuan",
"China_Tibet Autonomous Region": "Região Autônoma do Tibete",
"China_Xinjiang": "Região Autônoma Uigur de Xinjiang",
"China_Yunnan": "Yunnan",
"China_Zhejiang": "Zhejiang",
"Colombia_East": "Colômbia — Leste",
"Colombia_North": "Colômbia — Norte",
"Colombia_West": "Colômbia — Oeste",
"Colorado": "Colorado",
"Congo-Brazzaville": "República do Congo",
"Crimea": "Península da Crimeia",
"Czech_Jihovychod_Jihomoravsky kraj": "Região da Morávia do Sul",
"Czech_Jihovychod_Kraj Vysocina": "Região de Vysočina",
"Czech_Jihozapad_Jihocesky kraj": "Região da Boêmia do Sul",
"Czech_Jihozapad_Plzensky kraj": "Região de Pilsen",
"Czech_Karlovasky kraj": "Região de Karlovy Vary",
"Czech_Moravskoslezsko": "Região da Morávia-Silésia",
"Czech_Olomoucky kraj": "Região de Olomouc",
"Czech_Praha": "Praga",
"Czech_Severovychod_Kralovehradecky kraj": "Região de Hradec Kralove",
"Czech_Severovychod_Liberecky kraj": "Região de Liberec",
"Czech_Severovychod_Pardubicky kraj": "Região de Pardubice",
"Czech_Stredni Cechy_East": "Região da Boêmia Central - Leste",
"Czech_Stredni Cechy_West": "Região da Boêmia Central - Oeste",
"Czech_Zlinsky Kraj": "Região de Zlín",
"Denmark_Capital Region of Denmark": "Região da Capital da Dinamarca",
"Denmark_Central Denmark Region": "Região Central da Dinamarca",
"Denmark_North Denmark Region": "Região do Norte da Dinamarca",
"Denmark_Region Zealand": "Região Zelândia",
"Denmark_Region of Southern Denmark": "Região Sul da Dinamarca",
"Estonia_East": "Estônia — Leste",
"Estonia_West": "Estônia — Oeste",
"Falkland Islands": "Ilhas Malvinas",
"Federated States of Micronesia": "Estados Federados da Micronésia",
"Finland_Eastern Finland": "Finlândia Oriental",
"Finland_Northern Finland": "Finlândia do Norte",
"Finland_Southern Finland_Helsinki": "Finlândia Meridional — Helsinque",
"Finland_Southern Finland_Lappeenranta": "Sul da Finlândia – Lappeenranta",
"France_Alsace_Haut-Rhin": "Alto Reno",
"France_Aquitaine_Gironde": "Gironda",
"France_Aquitaine_Landes": "Landes",
"France_Aquitaine_Lot-et-Garonne": "Lot-et-Garonne",
"France_Aquitaine_Pyrenees-Atlantiques": "Pirineus Atlânticos",
"France_Auvergne": "Auvérnia",
"France_Auvergne_Allier": "Allier",
"France_Auvergne_Cantal": "Cantal",
"France_Auvergne_Haute-Loire": "Alto Loire",
"France_Auvergne_Puy-de-Dome": "Puy-de-Dôme",
"France_Centre-Val de Loire_Eure-et-Loir": "Eure-et-Loir",
"France_Centre-Val de Loire_Indre": "Indre",
"France_Centre-Val de Loire_Indre-et-Loire": "Indre-et-Loire",
"France_Centre-Val de Loire_Loir-et-Cher": "Loir-et-Cher",
"France_Centre-Val de Loire_Loiret": "Loiret",
"France_Champagne-Ardenne": "Champanhe-Ardenas",
"France_Corsica": "Córsega",
"France_Free County": "Condado-Franco",
"France_Ile-de-France": "Ilha de França",
"France_Ile-de-France_Seine-Saint-Denis": "Seine-Saint-Denis",
"France_Ile-de-France_Seine-et-Marne": "Sena e Marne",
"France_Ile-de-France_Val-dOise": "Val-d'Oise",
"France_Ile-de-France_Val-de-Marne": "Vale do Marne",
"France_Ile-de-France_Yvelines": "Yvelines",
"France_Languedoc-Roussillon_Aude": "Aude",
"France_Languedoc-Roussillon_Gard": "Jardim",
"France_Languedoc-Roussillon_Herault": "Hérault",
"France_Languedoc-Roussillon_Lozere": "Lozère",
"France_Limousin": "Limusino",
"France_Lorraine_Meurthe-et-Moselle": "Meurthe-et-Moselle",
"France_Lorraine_Meuse": "Meuse",
"France_Lorraine_Moselle": "Moselle",
"France_Lorraine_Vosges": "Vosges",
"France_Lower Normandy_Manche": "Manche",
"France_Midi-Pyrenees": "Midi-Pyrénées",
"France_Midi-Pyrenees_Hautes-Pyrenees": "Altos Pirineus",
"France_Midi-Pyrenees_Tarn": "Tarn",
"France_Midi-Pyrenees_Tarn-et-Garonne": "Tarn-et-Garonne",
"France_Nord-Pas-de-Calais": "Norte-Pas-de-Calais",
"France_Pays de la Loire": "País do Loire",
"France_Pays de la Loire_Loire-Atlantique": "Loire-Atlântico",
"France_Pays de la Loire_Mayenne": "Mayenne",
"France_Poitou-Charentes": "Poitou-Charentes",
"France_Poitou-Charentes_Charente": "Charente",
"France_Poitou-Charentes_Charente-Maritime": "Charente-Maritime",
"France_Poitou-Charentes_Deux-Sevres": "Deux-Sèvres",
"France_Poitou-Charentes_Vienne": "Viena",
"France_Provence-Alpes-Cote dAzur": "Provença-Alpes-Costa Azul",
"France_Provence-Alpes-Cote dAzur_Alpes-de-Haute-Provence": "Alpes da Alta Provença",
"France_Provence-Alpes-Cote dAzur_Bouches-du-Rhone": "Bocas do Ródano",
"France_Provence-Alpes-Cote dAzur_Hautes-Alpes": "Alpes Altos",
"France_Provence-Alpes-Cote dAzur_Maritime Alps": "Alpes Marítimos",
"France_Provence-Alpes-Cote dAzur_Var": "Var",
"France_Provence-Alpes-Cote dAzur_Vaucluse": "Vaucluse",
"France_Rhone-Alpes": "Rhône-Alpes",
"France_Rhone-Alpes_Ain": "Ain",
"France_Rhone-Alpes_Ardeche": "Ardèche",
"France_Rhone-Alpes_Drome": "Drôme",
"France_Rhone-Alpes_Haute-Savoie": "Alta Saboia",
"France_Rhone-Alpes_Isere": "Isère",
"France_Rhone-Alpes_Loire": "Loire",
"France_Rhone-Alpes_Rhone": "Rhône",
"France_Rhone-Alpes_Savoie": "Saboia",
"France_Southern Islands": "Terras Austrais e Antárticas Francesas",
"France_Upper Normandy": "Alta Normandia",
"Germany_Baden-Wurttemberg": "Baden-Württemberg",
"Germany_Baden-Wurttemberg_Regierungsbezirk Freiburg": "Friburgo em Brisgóvia",
"Germany_Baden-Wurttemberg_Regierungsbezirk Karlsruhe": "Karlsruhe",
"Germany_Baden-Wurttemberg_Regierungsbezirk Stuttgart_Heilbronn": "Estugarda — Heilbronn",
"Germany_Baden-Wurttemberg_Regierungsbezirk Stuttgart_Stuttgart": "Estugarda — Estugarda",
"Germany_Berlin": "Berlim",
"Germany_Brandenburg_North": "Brandemburgo — Norte",
"Germany_Brandenburg_South": "Brandemburgo — Sul",
"Germany_Free State of Bavaria": "Baviera",
"Germany_Baden-Wurttemberg_Regierungsbezirk Tubingen": "Tubinga",
"Germany_Free State of Bavaria_Lower Bavaria": "Baixa Baviera",
"Germany_Free State of Bavaria_Lower Franconia": "Baixa Francônia",
"Germany_Free State of Bavaria_Middle Franconia": "Francônia Média",
"Germany_Free State of Bavaria_Swabia": "Suábia",
"Germany_Free State of Bavaria_Upper Bavaria_East": "Alta Baviera — Leste",
"Germany_Free State of Bavaria_Upper Bavaria_Ingolstadt": "Alta Baviera — Ingolstadt",
"Germany_Free State of Bavaria_Upper Bavaria_Munchen": "Alta Baviera — Munique",
"Germany_Free State of Bavaria_Upper Franconia": "Alta Francônia",
"Germany_Free State of Bavaria_Upper Palatinate": "Alto Palatinado",
"Germany_Hamburg_main": "Hamburgo",
"Germany_Hesse": "Hesse",
"Germany_Hesse_Regierungsbezirk Darmstadt": "Darmstadt",
"Germany_Hesse_Regierungsbezirk Giessen": "Giessen",
"Germany_Lower Saxony_Bremen_Bremen": "Bremen",
"Germany_Lower Saxony_Bremen_Munster": "Lüneburg",
"Germany_Lower Saxony_Hannover": "Hanover",
"Germany_Lower Saxony_Oldenburg": "Oldemburgo",
"Germany_Mecklenburg-Vorpommern": "Mecklemburgo-Pomerânia Ocidental",
"Germany_North Rhine-Westphalia": "Renânia do Norte-Vestfália",
"Germany_Hesse_Regierungsbezirk Kassel": "Kassel",
"Germany_Lower Saxony": "Baixa Saxônia",
"Germany_North Rhine-Westphalia_Regierungsbezirk Arnsberg_Arnsberg": "Arnsberg — Arnsberg",
"Germany_North Rhine-Westphalia_Regierungsbezirk Arnsberg_Dortmund": "Arnsberg — Dortmund",
"Germany_North Rhine-Westphalia_Regierungsbezirk Detmold": "Detmold",
"Germany_North Rhine-Westphalia_Regierungsbezirk Dusseldorf_Dusseldorf": "Dusseldorf — Dusseldorf",
"Germany_North Rhine-Westphalia_Regierungsbezirk Koln_Koln": "Colônia — Colônia",
"Germany_North Rhine-Westphalia_Regierungsbezirk Munster_Munster": "Münster — Münster",
"Germany_North Rhine-Westphalia_Regierungsbezirk Munster_Recklinghausen": "Münster — Recklinghausen",
"Germany_Rhineland-Palatinate_Koblenz": "Renânia-Palatinado – Coblença",
"Germany_Rhineland-Palatinate_South": "Renânia-Palatinado — Mainz",
"Germany_Saarland": "Sarre",
"Germany_Saxony-Anhalt": "Saxônia-Anhalt",
"Germany_North Rhine-Westphalia_Regierungsbezirk Dusseldorf_Mulheim": "Dusseldorf-Mülheim an der Ruhr",
"Germany_North Rhine-Westphalia_Regierungsbezirk Dusseldorf_Wesel": "Düsseldorf — Wesel",
"Germany_North Rhine-Westphalia_Regierungsbezirk Koln_Aachen": "Colônia — Aachen",
"Germany_Saxony_Dresden": "Saxônia — Dresden",
"Germany_Saxony_Leipzig": "Saxônia — Leipzig",
"Germany_Schleswig-Holstein": "Schleswig-Holstein",
"Germany_Thuringia": "Turíngia",
"Greece_Decentralized Administration of Aegean": "Egeu",
"Greece_Decentralized Administration of Attica": "Ática",
"Greece_Decentralized Administration of Crete": "Creta",
"Greece_Decentralized Administration of Epirus - Western Macedonia": "Épiro e Macedônia Ocidental",
"Greece_Decentralized Administration of Macedonia and Thrace": "Macedônia e Trácia",
"Greece_Decentralized Administration of Thessaly - Central Greece": "Tessália e Grécia Central",
"Greece_Decentralized Administration of West Greece": "Peloponeso",
"Hungary_Kozep-Magyarorszag": "Hungria Central",
"Hungary_Northern Great Plain": "Hungria — Leste",
"Hungary_Transdanubia": "Hungria — Oeste",
"Illinois": "Illinois",
"India_Andaman and Nicobar Islands": "Ilhas Andamão e Nicobar",
"India_Andhra Pradesh": "Andhra Pradesh",
"India_Arunachal Pradesh": "Arunachal Pradesh",
"India_Assam": "Assam",
"India_Bihar": "Bihar",
"India_Chandigarh": "Chandigarh",
"India_Chhattisgarh": "Chhattisgarh",
"India_Delhi": "Délhi",
"India_Gujarat": "Gujarat",
"India_Haryana": "Haryana",
"India_Himachal Pradesh": "Himachal Pradesh",
"India_Jammu and Kashmir": "Jammu e Caxemira",
"India_Jharkhand": "Jharkhand",
"India_Karnataka": "Carnaval",
"India_Kerala": "Kerala",
"India_Lakshadweep": "Lakshadweep",
"India_Manipur": "Manipur",
"India_Madhya Pradesh": "Madhya Pradesh",
"India_Meghalaya": "Meghalaya",
"India_Maharashtra": "Maharashtra",
"India_Mizoram": "Mizoram",
"India_Nagaland": "Nagaland",
"India_Odisha": "Orissa",
"India_Punjab": "Punjab",
"India_Rajasthan": "Rajastão",
"India_Sikkim": "Sikkim",
"India_Tamil Nadu": "Tamil Nadu",
"Ireland_Connacht": "Connacht",
"Ireland_Leinster": "Leinster",
"Ireland_Munster": "Munster",
"Ireland_Northern Counties": "Ulster",
"Italy_Abruzzo": "Abruzos",
"Italy_Aosta Valley": "Vale de Aosta",
"Arizona": "Arizona",
"Australia_Tasmania": "Tasmânia",
"Australia_Victoria": "Vitória",
"Australia_Western Australia": "Austrália Ocidental",
"Austria_Carinthia": "Caríntia",
"Austria_Lower Austria_Wien": "Viena",
"Argentina_Patagonia": "Patagônia",
"Austria_Lower Austria_West": "Baixa Áustria — Oeste",
"Australia_New South Wales": "Nova Gales do Sul",
"Australia_Northern Territory": "Território do Norte",
"Australia_Sydney": "Sidney",
"US_Texas_Victoria": "Vitória",
"Czech_Praha Description": "Praga",
"Finland_Eastern Finland_South Short": "Finlândia Oriental",
"France_Free County_North Short": "Condado-Franco",
"Finland_Southern Finland_West Short": "Sudoeste da Finlândia",
"Brazil_Northeast Region_East Short": "Região Nordeste",
"Brazil_Northeast Region_West Short": "Região Nordeste",
"Finland_Eastern Finland_North Short": "Finlândia Oriental",
"France_Free County_South Short": "Condado-Franco",
"India_Karnataka_North Short": "Carnaval",
"India_Karnataka_South Short": "Carnaval",
"Canada_Ontario_Bame": "Barrie",
"France_Nord-Pas-de-Calais_Pas-de-Calais": "Norte-Pas-de-Calais",
"Indiana": "Cozinha indiana",
"Italy_Liguria": "Ligúria",
"Italy_Lombardy": "Lombardo",
"Italy_Sardinia": "Sardenha",
"Mexico_California": "Califórnia",
"Spain_Extremadura": "Estremenho",
"Spain_Galicia": "Galian",
"US_United States Minor Outlying Islands": "Ilhas Menores Distantes dos Estados Unidos",
"Brazil_Northeast Region_East": "Região Nordeste",
"Brazil_Northeast Region_West": "Região Nordeste",
"Germany_Schleswig-Holstein_Kiel": "Schleswig-Holstein",
"Czech_Stredni Cechy_East Short": "Região da Boêmia Central - Leste",
"Czech_Stredni Cechy_West Short": "Região da Boêmia Central - Leste",
"Germany_Rhineland-Palatinate_South Short": "Renânia-Palatinado — Mainz",
"Brazil_North Region_East Short": "Região Nordeste",
"Brazil_North Region_West Short": "Região Nordeste",
"Spain_Galicia_North Short": "Galian",
"Spain_Galicia_South Short": "Galian",
"Republic of Kosovo": "Kosovo",
"Australia_Melbourne": "Melbourne",
"Australia_Queensland": "Queensland",
"Austria_Burgenland": "Burgenland",
"Austria_Salzburg": "Salzburgo",
"Austria_Styria": "Estíria",
"Austria_Tyrol": "Tirol",
"Austria_Upper Austria": "Alta Áustria",
"Austria_Vorarlberg": "Vorarlberg",
"Belarus_Brest Region": "Região de Brest",
"Belarus_Homiel Region": "Região de Gomel",
"Belarus_Hrodna Region": "Região de Grodno",
"Belarus_Maglieu Region": "Região de Mogilev",
"Belarus_Minsk Region": "Região de Minsk",
"Belarus_Vitebsk Region": "Região de Vitebsk",
"Belgium_Hainaut": "Província de Hainaut",
"Belgium_Liege": "Província de Liège",
"Belgium_Limburg": "Província de Limburgo",
"Belgium_Luxembourg": "Província de Luxemburgo",
"Belgium_Namur": "Província de Namur",
"Brazil_Bahia": "Bahia",
"Brazil_Goias": "Goiás",
"Brazil_Mato Grosso": "Mato Grosso",
"Brazil_Mato Grosso Do Sul": "Mato Grosso do Sul",
"Brazil_Paraiba": "Paraíba",
"Brazil_Parana": "Paraná",
"Canada_Ontario_Northeastern_Central": "Timmins",
"Brazil_Rio Grande do Norte": "Rio Grande do Norte",
"Brazil_Santa Catarina": "Santa Catarina",
"Brazil_Southeast Region_Espirito Santo": "Espírito Santo",
"Brazil_Southeast Region_Minas Gerais_Contagem": "Minas Gerais — Contagem",
"Brazil_Southeast Region_Rio de Janeiro": "Rio de Janeiro",
"Brazil_Southeast Region_Sao Paulo_Campinas": "São Paulo — Campinas",
"Brazil_Southeast Region_Sao Paulo_City": "São Paulo — Santos",
"Brazil_Southeast Region_Sao Paulo_West": "São Paulo — Ribeirão Preto",
"Canada_Alberta": "Alberta",
"Canada_Alberta_Edmonton": "Edmonton",
"Canada_British Columbia_Southeast": "Kelowna",
"Canada_British Columbia_Vancouver": "Vancouver",
"Canada_Labrador": "Labrador",
"Canada_Manitoba": "Manitoba",
"Canada_Manitoba_South": "Brandon",
"Canada_Manitoba_Winnipeg": "Winnipeg",
"Canada_Northwest Territories_Yellowknife": "Yellowknife",
"Canada_Nova Scotia_Halifax": "Halifax",
"Canada_Nunavut": "Nunavut",
"Canada_Ontario_Kingston": "Kingston",
"Canada_Ontario_Northeastern_SW": "Sault Sainte Marie",
"Canada_Ontario_Northeastern_Wawa": "Wawa",
"Canada_Ontario_Toronto": "Toronto",
"Canada_Ontario_Northeastern_W": "Wawa",
"Brazil_Goias_North Short": "Goiás",
"Brazil_Parana_West Short": "Paraná",
"Brazil_Parana_East Short": "Paraná",
"Canada_Quebek_West_Chibougamau": "Chibougamau",
"Canada_Quebek_West_Rouyn-Noranda": "Rouyn-Noranda",
"Canada_Saskatchewan": "Sascachevão",
"Canada_Yukon": "Yukon",
"India_Telangana": "Telanganá",
"India_Tripura": "Tripurá",
"India_Uttar Pradesh": "Utar Pradexe",
"India_Uttarakhand": "Utaracanda",
"India_West Bengal": "Bengala Ocidental",
"Indonesia_East": "Indonésia — Oeste",
"Indonesia_West": "Sumatra",
"Iowa": "Iowa",
"Iran_North": "Irã — Norte",
"Iran_South": "Irã — Sul",
"Italy_Emilia-Romagna_Ferrara": "Província de Ferrária",
"Italy_Emilia-Romagna_Forli-Cesena": "Província de Forlì-Cesena",
"Italy_Emilia-Romagna_Modena": "Província de Módena",
"Italy_Emilia-Romagna_Parma": "Província de Parma",
"Italy_Emilia-Romagna_Piacenza": "Província de Placência",
"Italy_Emilia-Romagna_Ravenna": "Província de Ravena",
"Italy_Emilia-Romagna_Reggio Emilia": "Provincia de Régio da Emília",
"Canada_Quebek_Southeast_Rimouski": "Rimouski",
"Canada_Quebek_Southeast_Saguenay": "Saguenay",
"Indonesia_Central": "Celebes, Calimantã",
"Italy_Friuli": "Friul-Veneza Júlia",
"Italy_Friuli-Venezia Giulia_Gorizia": "Província de Gorizia",
"Italy_Emilia-Romagna_Rimini": "Província de Rimini",
"Italy_Lombardy_Milan": "Província de Milão",
"Italy_Lombardy_Monza and Brianza": "Província de Monza e Brianza",
"Italy_Lombardy_Pavia": "Província de Pavia",
"Italy_Lombardy_Sondrio": "Província de Sondrio",
"Italy_Lombardy_Varese": "Província de Varese",
"Italy_Marche": "Província de Marcas",
"Italy_Molise": "Província de Molise",
"Italy_Piemont": "Piemonte",
"Italy_Piemont_Alessandria": "Província de Alexandria",
"Italy_Piemont_Asti": "Província de Asti",
"Italy_Piemont_Biella": "Província de Biella",
"Italy_Piemont_Cuneo": "Província de Cuneo",
"Italy_Piemont_Novara": "Província de Novara",
"Italy_Piemont_Torino": "Província de Turim",
"Italy_Piemont_Verbano-Cusio-Ossola": "Verbano Cussio Ossola",
"Italy_Piemont_Vercelli": "Província de Vercelli",
"Italy_Sicily": "Sicília",
"Italy_Trentino-Alto Adige Sudtirol": "Trentino-Alto Ádige",
"Italy_Tuscany_Grosseto": "Toscana — Sudeste",
"Italy_Tuscany_Massa e Carrara": "Toscana — Noroeste",
"Italy_Umbria": "Úmbria",
"Italy_Veneto": "Vêneto",
"Italy_Veneto_Belluno": "Província de Belluno",
"Italy_Veneto_Padova": "Província de Pádua",
"Italy_Veneto_Rovigo": "Província de Rovigo",
"Italy_Veneto_Treviso": "Província de Treviso",
"Italy_Veneto_Venezia": "Província de Veneza",
"Italy_Veneto_Verona": "Província de Verona",
"Italy_Veneto_Vicenza": "Província de Vicenza",
"Japan_Chubu Region": "Região de Chūbu",
"Japan_Chubu Region_Aichi": "Prefeitura de Aichi",
"Japan_Chubu Region_Fukui": "Prefeitura de Fukui",
"Japan_Chubu Region_Gifu": "Prefeitura de Gifu",
"Japan_Chubu Region_Ishikawa": "Prefeitura de Ishikawa",
"Japan_Chubu Region_Nagano": "Prefeitura de Nagano",
"Japan_Chubu Region_Niigata": "Prefeitura de Niigata",
"Japan_Chubu Region_Shizuoka": "Prefeitura de Shizuoka",
"Japan_Chubu Region_Toyama": "Prefeitura de Toyama",
"Japan_Chubu Region_Yamanashi": "Prefeitura de Yamanashi",
"Japan_Chugoku Region": "Região de Chugoku",
"Japan_Chugoku Region_Hiroshima": "Prefeitura de Hiroshima",
"Japan_Chugoku Region_Okayama": "Prefeitura de Okayama",
"Japan_Chugoku Region_Shimane": "Prefeitura de Shimane",
"Japan_Chugoku Region_Tottori": "Prefeitura de Tottori",
"Japan_Chugoku Region_Yamaguchi": "Prefeitura de Yamaguchi",
"Japan_Hokkaido Region": "Hocaido",
"Japan_Hokkaido Region_East": "Hocaido - Leste",
"Japan_Hokkaido Region_North": "Hocaido - Norte",
"Japan_Hokkaido Region_West": "Hocaido - Oeste",
"Japan_Kanto": "Região de Kanto",
"Japan_Kanto_Chiba": "Prefeitura de Chiba",
"Japan_Kanto_Gunma": "Prefeitura de Gunma",
"Japan_Kanto_Ibaraki": "Prefeitura de Ibaraki",
"Japan_Kanto_Kanagawa": "Prefeitura de Kanagawa",
"Japan_Kanto_Saitama": "Prefeitura de Saitama",
"Japan_Kanto_Tochigi": "Prefeitura de Tochigi",
"Japan_Kanto_Tokyo": "Prefeitura de Tóquio",
"Japan_Kinki Region": "Região de Kansai",
"Japan_Kinki Region_Mie": "Prefeitura de Mie",
"Japan_Kinki Region_Nara": "Prefeitura de Nara",
"Japan_Kinki Region_Osaka": "Prefeitura de Osaka",
"Japan_Kinki Region_Wakayama": "Prefeitura de Wakayama",
"Japan_Kyushu Region_Fukuoka": "Prefeitura de Fukui",
"Japan_Shikoku Region_Kagawa": "Kanagawa Prefeitura",
"Japan_Tohoku_Fukushima": "Prefeitura de Fukui",
"Japan_Kyushu Region": "Quiuxu",
"Japan_Kyushu Region_Kagoshima": "Prefeitura de Kagoshima",
"Japan_Kyushu Region_Kumamoto": "Prefeitura de Kumamoto",
"Japan_Kyushu Region_Miyazaki": "Prefeitura de Miyazaki",
"Japan_Kyushu Region_Nagasaki": "Prefeitura de Nagasaki",
"Japan_Kyushu Region_Oita": "Prefeitura de Oita",
"Japan_Kyushu Region_Okinawa": "Prefeitura de Okinawa",
"Japan_Kyushu Region_Saga": "Prefeitura de Saga",
"Japan_Shikoku Region": "Shikoku",
"Japan_Shikoku Region_Ehime": "Prefeitura de Ehime",
"Japan_Shikoku Region_Kochi": "Prefeitura de Kōchi",
"Japan_Shikoku Region_Tokushima": "Prefeitura de Tokushima",
"Japan_Tohoku": "Região de Tohoku",
"Japan_Tohoku_Akita": "Prefeitura de Akita",
"Japan_Tohoku_Aomori": "Prefeitura de Aomori",
"Japan_Tohoku_Iwate": "Prefeitura de Iwate",
"Japan_Tohoku_Miyagi": "Prefeitura de Miyagi",
"Japan_Tohoku_Yamagata": "Prefeitura de Yamagata",
"Jerusalem": "Jerusalém",
"Kentucky": "Kentucky",
"Mexico_Central_West": "Naiarite",
"Mexico_East": "Mexico — Leste",
"Mexico_Mexico": "Cidade do México",
"Mexico_North": "México — Norte",
"Mexico_South": "México — Sul",
"Minnesota": "Minesota",
"Missouri": "Missouri",
"Morocco_Doukkala-Abda": "Doukkala-Abda",
"Morocco_Rabat-Sale-Zemmour-Zaer": "Rabat-Salé-Zemmour-Zaer",
"Mexico_Central_West Short": "Naiarite"
}
