{
"Abkhazia":"Абхазия",
"Afghanistan":"Афганистан",
"Alabama":"Алабама",
"Albania":"Албания",
"Algeria":"Алжир",
"Algeria_Central":"Алжир — Центр",
"Algeria_Coast":"Алжир — Север",
"Andorra":"Андорра",
"Angola":"Ангола",
"Anguilla":"Ангилья",
"Antarctica":"Антарктида",
"Antigua and Barbuda":"Антигуа и Барбуда",
"Argentina":"Аргентина",
"Argentina_Buenos Aires_North":"Буэнос-Айрес — Север",
"Argentina_Buenos Aires_South":"Буэнос-Айрес — Юг",
"Argentina_Cuyo":"Куйо",
"Argentina_Mesopotamia":"Аргентинское Междуречье",
"Argentina_Northwest":"Аргентинский Северо-Запад",
"Argentina_Pampas":"Пампасы",
"Argentina_Patagonia":"Патагония",
"Arizona":"Аризона",
"Armenia":"Армения",
"Australia":"Австралия",
"Australia_Melbourne":"Мельбурн",
"Australia_New South Wales":"Новый Южный Уэльс",
"Australia_Northern Territory":"Северная территория",
"Australia_Queensland":"Квинсленд",
"Australia_South Australia":"Южная Австралия",
"Australia_Tasmania":"Тасмания",
"Australia_Victoria":"Виктория",
"Australia_Western Australia":"Западная Австралия",
"Austria":"Австрия",
"Austria_Burgenland":"Бургенланд",
"Austria_Carinthia":"Каринтия",
"Austria_Lower Austria_West":"Нижняя Австрия — Запад",
"Austria_Lower Austria_Wien":"Вена",
"Austria_Salzburg":"Зальцбург",
"Austria_Styria":"Штирия",
"Austria_Tyrol":"Тироль",
"Austria_Upper Austria":"Верхняя Австрия",
"Austria_Vorarlberg":"Форарльберг",
"Azerbaijan":"Азербайджан",
"Azerbaijan Region":"Азербайджан",
"Bahrain":"Бахрейн",
"Bangladesh":"Бангладеш",
"Barbados":"Барбадос",
"Belarus":"Беларусь",
"Belarus_Brest Region":"Брестская область",
"Belarus_Homiel Region":"Гомельская область",
"Belarus_Hrodna Region":"Гродненская область",
"Belarus_Maglieu Region":"Могилёвская область",
"Belarus_Minsk Region":"Минская область",
"Belarus_Vitebsk Region":"Витебская область",
"Belgium":"Бельгия",
"Belgium_Antwerp":"Антверпен",
"Belgium_East Flanders":"Восточная Фландрия",
"Belgium_Flemish Brabant":"Фламандский Брабант",
"Belgium_Hainaut":"Эно",
"Belgium_Liege":"Льеж",
"Belgium_Limburg":"Лимбург",
"Belgium_Luxembourg":"Люксембург",
"Belgium_Namur":"Намюр",
"Belgium_Walloon Brabant":"Валлонский Брабант",
"Belgium_West Flanders":"Западная Фландрия",
"Belize":"Белиз",
"Benin":"Бенин",
"Bermuda":"Бермудские острова",
"Bhutan":"Бутан",
"Bolivia":"Боливия",
"Bosnia and Herzegovina":"Босния и Герцеговина",
"Bosnia and Herzegovina_Brcko district of Bosnia and Herzegowina":"Округ Брчко",
"Bosnia and Herzegovina_Entity Federation of Bosnia and Herzegovina":"Федерация Боснии и Герцеговины",
"Bosnia and Herzegovina_Republic of Srpska":"Республика Сербская",
"Botswana":"Ботсвана",
"Brazil":"Бразилия",
"Brazil_Bahia":"Баия",
"Brazil_Goias":"Гояс",
"Brazil_Mato Grosso":"Мату-Гросу",
"Brazil_Mato Grosso Do Sul":"Мату-Гросу-ду-Сул",
"Brazil_North Region":"Северный регион",
"Brazil_Northeast Region":"Северо-восточный регион",
"Brazil_Paraiba":"Параиба",
"Brazil_Parana":"Парана",
"Brazil_Rio Grande do Norte":"Риу-Гранди-ду-Норти",
"Brazil_Santa Catarina":"Санта-Катарина",
"Brazil_South Region":"Южный регион",
"Brazil_Southeast Region_Espirito Santo":"Эспириту-Санту",
"Brazil_Southeast Region_Minas Gerais_Contagem":"Минас-Жерайс — Контажен",
"Brazil_Southeast Region_Minas Gerais_North":"Минас-Жерайс — Север",
"Brazil_Southeast Region_Rio de Janeiro":"Рио-де-Жанейро",
"Brazil_Southeast Region_Sao Paulo_Campinas":"Сан-Паулу — Кампинас",
"Brazil_Southeast Region_Sao Paulo_City":"Сан-Паулу — Сантус",
"Brazil_Southeast Region_Sao Paulo_West":"Сан-Паулу — Рибейран-Прету",
"British Indian Ocean Territory":"Британская территория в Индийском океане",
"British Virgin Islands":"Британские Виргинские острова",
"Brunei":"Бруней",
"Bulgaria":"Болгария",
"Burkina Faso":"Буркина-Фасо",
"Burundi":"Бурунди",
"California":"Калифорния",
"Cambodia":"Камбоджа",
"Cameroon":"Камерун",
"Cameroon_Central":"Камерун — Центр",
"Cameroon_West":"Камерун — Запад",
"Campo de Hielo Sur":"Южное Патагонское ледниковое плато",
"Canada":"Канада",
"Canada_Alberta":"Альберта",
"Canada_Alberta_Edmonton":"Эдмонтон",
"Canada_Alberta_North":"Альберта — Север",
"Canada_Alberta_South":"Альберта — Юг",
"Canada_British Columbia":"Британская Колумбия",
"Canada_British Columbia_Central":"Британская Колумбия — Центр",
"Canada_British Columbia_Far_North":"Британская Колумбия — Восток",
"Canada_British Columbia_Islands":"Ванкувер",
"Canada_British Columbia_North":"Британская Колумбия — Запад",
"Canada_British Columbia_Northeast":"Британская Колумбия — Север",
"Canada_British Columbia_Southeast":"Келоуна",
"Canada_British Columbia_Vancouver":"Ванкувер",
"Canada_Labrador":"Лабрадор",
"Canada_Labrador_North":"Лабрадор — Север",
"Canada_Labrador_South":"Лабрадор — Юг",
"Canada_Labrador_West":"Лабрадор — Запад",
"Canada_Manitoba":"Манитоба",
"Canada_Manitoba_Northeast":"Манитоба — Север",
"Canada_Manitoba_Northwest":"Манитоба — Запад",
"Canada_Manitoba_South":"Брандон",
"Canada_Manitoba_Winnipeg":"Виннипег",
"Canada_New Brunswick":"Нью-Брансуик",
"Canada_Newfoundland":"Ньюфаундленд",
"Canada_Newfoundland_East":"Ньюфаундленд — Восток",
"Canada_Newfoundland_North":"Ньюфаундленд — Север",
"Canada_Newfoundland_South":"Ньюфаундленд — Юг",
"Canada_Newfoundland_West":"Ньюфаундленд — Запад",
"Canada_Northwest Territories":"Северо-Западные территории",
"Canada_Northwest Territories_East":"Северо-Западные территории — Восток",
"Canada_Northwest Territories_North":"Северо-Западные территории — Север",
"Canada_Northwest Territories_Yellowknife":"Йеллоунайф",
"Canada_Nova Scotia":"Новая Шотландия",
"Canada_Nova Scotia_Halifax":"Галифакс",
"Canada_Nova Scotia_Sydney":"Сидней",
"Canada_Nunavut":"Нунавут",
"Canada_Nunavut_North":"Нунавут — Север",
"Canada_Nunavut_South":"Нунавут — Юг",
"Canada_Ontario":"Онтарио",
"Canada_Ontario_Bame":"Барри",
"Canada_Ontario_Kingston":"Кингстон",
"Canada_Ontario_London":"Лондон",
"Canada_Ontario_Northeastern_Central":"Тимминс",
"Canada_Ontario_Northeastern_North":"Мус-Фактори",
"Canada_Ontario_Northeastern_S":"Большой Садбери",
"Canada_Ontario_Northeastern_SE":"Норт-Бей",
"Canada_Ontario_Northeastern_SW":"Су-Сент-Мари",
"Canada_Ontario_Northeastern_Wawa":"Вава",
"Canada_Ontario_Northern":"Тандер-Бей",
"Canada_Ontario_Northwestern":"Онтарио — Север",
"Canada_Ontario_Toronto":"Торонто",
"Canada_Prince Edward Island":"Остров Принца Эдуарда",
"Canada_Quebec":"Квебек",
"Canada_Quebec_Quebec":"Квебек",
"Canada_Quebek_Far North":"Квебек — Север",
"Canada_Quebek_Montreal":"Монреаль",
"Canada_Quebek_North":"Сет-Иль",
"Canada_Quebek_Southeast_Rimouski":"Римуски",
"Canada_Quebek_Southeast_Saguenay":"Сагеней",
"Canada_Quebek_West_Chibougamau":"Шибугамо",
"Canada_Quebek_West_Rouyn-Noranda":"Руэн-Норанда",
"Canada_Saskatchewan":"Саскачеван",
"Canada_Saskatchewan_North":"Саскачеван — Север",
"Canada_Saskatchewan_South":"Саскачеван — Юг",
"Canada_Yukon":"Юкон",
"Canada_Yukon_North":"Юкон — Север",
"Canada_Yukon_Whitehorse":"Уайтхорс",
"Cape Verde":"Кабо-Верде",
"Caribees":"Малые Антильские острова",
"Caribisch Nederland":"Бонэйр, Синт-Эстатиус и Саба",
"Cayman Islands":"Каймановы острова",
"Central African Republic":"Центральноафриканская Республика",
"Central Anatolia Region":"Центральная Анатолия",
"Chad":"Чад",
"Chile":"Чили",
"Chile_North":"Чили — Север",
"Chile_South":"Чили — Юг",
"China_Anhui":"Аньхой",
"China_Chongqing":"Чунцин",
"China_Fujian":"Фуцзянь",
"China_Gansu":"Ганьсу",
"China_Guangdong":"Гуандун",
"China_Guangxi":"Гуанси-Чжуанский автономный район",
"China_Guizhou":"Гуйчжоу",
"China_Hebei":"Хэбэй",
"China_Heilongjiang":"Хэйлунцзян",
"China_Henan":"Хэнань",
"China_Hubei":"Хубэй",
"China_Hunan":"Хунань",
"China_Inner Mongolia":"Внутренняя Монголия",
"China_Jiangsu":"Цзянсу",
"China_Jiangxi":"Цзянси",
"China_Jilin":"Гирин",
"China_Liaoning":"Ляонин",
"China_Ningxia Hui":"Нинся-Хуэйский автономный район",
"China_Qinghai":"Цинхай",
"China_Shaanxi":"Шэньси",
"China_Shandong":"Шаньдун",
"China_Shanghai":"Шанхай",
"China_Shanxi":"Шаньси",
"China_Sichuan":"Сычуань",
"China_Tibet Autonomous Region":"Тибетский автономный район",
"China_Xinjiang":"Синьцзян-Уйгурский автономный район",
"China_Yunnan":"Юньнань",
"China_Zhejiang":"Чжэцзян",
"Colombia":"Колумбия",
"Colombia_East":"Колумбия — Восток",
"Colombia_North":"Колумбия — Север",
"Colombia_West":"Колумбия — Запад",
"Colorado":"Колорадо",
"Comoros":"Коморы",
"Congo-Brazzaville":"Республика Конго",
"Congo-Kinshasa":"Демократическая Республика Конго",
"Cook Islands":"Острова Кука",
"Costa Rica":"Коста-Рика",
"Cote dIvoire":"Кот-д’Ивуар",
"Crimea":"Крым",
"Croatia":"Хорватия",
"Cuba":"Куба",
"Cyprus":"Кипр",
"Czech Republic":"Чехия",
"Czech_Jihovychod_Jihomoravsky kraj":"Южноморавский край",
"Czech_Jihovychod_Kraj Vysocina":"Край Высочина",
"Czech_Jihozapad_Jihocesky kraj":"Южночешский край",
"Czech_Jihozapad_Plzensky kraj":"Пльзенский край",
"Czech_Karlovasky kraj":"Карловарский край",
"Czech_Moravskoslezsko":"Моравскосилезский край",
"Czech_Olomoucky kraj":"Оломоуцкий край",
"Czech_Praha":"Прага",
"Czech_Severovychod_Kralovehradecky kraj":"Краловеградецкий край",
"Czech_Severovychod_Liberecky kraj":"Либерецкий край",
"Czech_Severovychod_Pardubicky kraj":"Пардубицкий край",
"Czech_Stredni Cechy_East":"Среднечешский край — Восток",
"Czech_Stredni Cechy_West":"Среднечешский край — Запад",
"Czech_Ustecky kraj":"Устецкий край",
"Czech_Zlinsky Kraj":"Злинский край",
"Denmark":"Дания",
"Denmark_Capital Region of Denmark":"Столичная область",
"Denmark_Central Denmark Region":"Центральная Ютландия",
"Denmark_North Denmark Region":"Северная Ютландия",
"Denmark_Region Zealand":"Зеландия",
"Denmark_Region of Southern Denmark":"Южная Дания",
"Djibouti":"Джибути",
"Dominica":"Доминика",
"Dominican Republic":"Доминиканская Республика",
"East Timor":"Восточный Тимор",
"Ecuador":"Эквадор",
"Egypt":"Египет",
"El Salvador":"Сальвадор",
"Equatorial Guinea":"Экваториальная Гвинея",
"Eritrea":"Эритрея",
"Estonia":"Эстония",
"Estonia_East":"Эстония — Восток",
"Estonia_West":"Эстония — Запад",
"Ethiopia":"Эфиопия",
"Falkland Islands":"Фолклендские острова",
"Faroe Islands":"Фарерские острова",
"Federated States of Micronesia":"Микронезия",
"Fiji":"Фиджи",
"Finland":"Финляндия",
"Finland_Eastern Finland":"Восточная Финляндия",
"Finland_Northern Finland":"Северная Финляндия",
"Finland_Southern Finland_Helsinki":"Южная Финляндия — Хельсинки",
"Finland_Southern Finland_Lappeenranta":"Южная Финляндия — Лаппеэнранта",
"Finland_Southern Finland_West":"Юго-западная Финляндия",
"Finland_Western Finland":"Западная Финляндия",
"Florida":"Флорида",
"France":"Франция",
"France_Alsace":"Эльзас",
"France_Alsace_Bas-Rhin":"Нижний Рейн",
"France_Alsace_Haut-Rhin":"Верхний Рейн",
"France_Aquitaine":"Регион Аквитания",
"France_Aquitaine_Dordogne":"Дордонь",
"France_Aquitaine_Gironde":"Жиронда",
"France_Aquitaine_Landes":"Ланды",
"France_Aquitaine_Lot-et-Garonne":"Ло и Гаронна",
"France_Aquitaine_Pyrenees-Atlantiques":"Атлантические Пиренеи",
"France_Auvergne":"Овернь",
"France_Auvergne_Allier":"Алье",
"France_Auvergne_Cantal":"Канталь",
"France_Auvergne_Haute-Loire":"Верхняя Луара",
"France_Auvergne_Puy-de-Dome":"Пюи-де-Дом",
"France_Brittany":"Бретань",
"France_Brittany_Cotes-dArmor":"Кот-д’Армор",
"France_Brittany_Finistere":"Финистер",
"France_Brittany_Ille-et-Vilaine":"Иль и Вилен",
"France_Brittany_Morbihan":"Морбиан",
"France_Burgundy":"Бургундия",
"France_Burgundy_Cote-dOr":"Кот-д’Ор",
"France_Burgundy_Nievre":"Ньевр",
"France_Burgundy_Saone-et-Loire":"Сона и Луара",
"France_Burgundy_Yonne":"Йонна",
"France_Centre-Val de Loire":"Центр",
"France_Centre-Val de Loire_Cher":"Шер",
"France_Centre-Val de Loire_Eure-et-Loir":"Эр и Луар",
"France_Centre-Val de Loire_Indre":"Эндр",
"France_Centre-Val de Loire_Indre-et-Loire":"Эндр и Луара",
"France_Centre-Val de Loire_Loir-et-Cher":"Луар и Шер",
"France_Centre-Val de Loire_Loiret":"Луаре",
"France_Champagne-Ardenne":"Шампань — Арденны",
"France_Corsica":"Корсика",
"France_Free County":"Франш-Конте",
"France_French Guiana":"Французская Гвиана",
"France_Ile-de-France":"Иль-де-Франс",
"France_Ile-de-France_Essonne":"Эсон",
"France_Ile-de-France_Hauts-de-Seine":"О-де-Сен",
"France_Ile-de-France_Paris":"Париж",
"France_Ile-de-France_Seine-Saint-Denis":"Сен-Сен-Дени",
"France_Ile-de-France_Seine-et-Marne":"Сена и Марна",
"France_Ile-de-France_Val-dOise":"Валь-д’Уаз",
"France_Ile-de-France_Val-de-Marne":"Валь-де-Марн",
"France_Ile-de-France_Yvelines":"Ивелин",
"France_Languedoc-Roussillon":"Лангедок — Руссильон",
"France_Languedoc-Roussillon_Aude":"Од",
"France_Languedoc-Roussillon_Gard":"Гар",
"France_Languedoc-Roussillon_Herault":"Эро",
"France_Languedoc-Roussillon_Lozere":"Лозер",
"France_Languedoc-Roussillon_Pyrenees-Orientales":"Восточные Пиренеи",
"France_Limousin":"Лимузен",
"France_Lorraine":"Лотарингия",
"France_Lorraine_Meurthe-et-Moselle":"Мёрт и Мозель",
"France_Lorraine_Meuse":"Мёз",
"France_Lorraine_Moselle":"Мозель",
"France_Lorraine_Vosges":"Вогезы",
"France_Lower Normandy":"Нижняя Нормандия",
"France_Lower Normandy_Calvados":"Кальвадос",
"France_Lower Normandy_Manche":"Манш",
"France_Lower Normandy_Orne":"Орн",
"France_Midi-Pyrenees":"Юг — Пиренеи",
"France_Midi-Pyrenees_Ariege":"Арьеж",
"France_Midi-Pyrenees_Aveyron":"Аверон",
"France_Midi-Pyrenees_Gers":"Жер",
"France_Midi-Pyrenees_Haute-Garonne":"Верхняя Гаронна",
"France_Midi-Pyrenees_Hautes-Pyrenees":"Верхние Пиренеи",
"France_Midi-Pyrenees_Lot":"Ло",
"France_Midi-Pyrenees_Tarn":"Тарн",
"France_Midi-Pyrenees_Tarn-et-Garonne":"Тарн и Гаронна",
"France_New Caledonia":"Новая Каледония",
"France_Nord-Pas-de-Calais":"Нор — Па-де-Кале",
"France_Nord-Pas-de-Calais_Lille":"Лилль",
"France_Nord-Pas-de-Calais_Nord":"Нор",
"France_Nord-Pas-de-Calais_Pas-de-Calais":"Па-де-Кале",
"France_Pays de la Loire":"Земли Луары",
"France_Pays de la Loire_Loire-Atlantique":"Атлантическая Луара",
"France_Pays de la Loire_Maine-et-Loire":"Мен и Луара",
"France_Pays de la Loire_Mayenne":"Майен",
"France_Pays de la Loire_Sarthe":"Сарта",
"France_Pays de la Loire_Vendee":"Вандея",
"France_Picardy":"Пикардия",
"France_Picardy_Aisne":"Эна",
"France_Picardy_Oise":"Уаза",
"France_Picardy_Somme":"Сомма",
"France_Poitou-Charentes":"Пуату — Шаранта",
"France_Poitou-Charentes_Charente":"Шаранта",
"France_Poitou-Charentes_Charente-Maritime":"Приморская Шаранта",
"France_Poitou-Charentes_Deux-Sevres":"Дё-Севр",
"France_Poitou-Charentes_Vienne":"Вьенна",
"France_Provence-Alpes-Cote dAzur":"Прованс — Альпы — Лазурный Берег",
"France_Provence-Alpes-Cote dAzur_Alpes-de-Haute-Provence":"Альпы Верхнего Прованса",
"France_Provence-Alpes-Cote dAzur_Bouches-du-Rhone":"Буш-дю-Рон",
"France_Provence-Alpes-Cote dAzur_Hautes-Alpes":"Верхние Альпы",
"France_Provence-Alpes-Cote dAzur_Maritime Alps":"Приморские Альпы",
"France_Provence-Alpes-Cote dAzur_Var":"Вар",
"France_Provence-Alpes-Cote dAzur_Vaucluse":"Воклюз",
"France_Rhone-Alpes":"Рона — Альпы",
"France_Rhone-Alpes_Ain":"Эн",
"France_Rhone-Alpes_Ardeche":"Ардеш",
"France_Rhone-Alpes_Drome":"Дром",
"France_Rhone-Alpes_Haute-Savoie":"Верхняя Савойя",
"France_Rhone-Alpes_Isere":"Изер",
"France_Rhone-Alpes_Loire":"Луара",
"France_Rhone-Alpes_Rhone":"Рона",
"France_Rhone-Alpes_Savoie":"Савойя",
"France_Southern Islands":"Французские Южные территории",
"France_Upper Normandy":"Верхняя Нормандия",
"French Polynesia":"Французская Полинезия",
"Gabon":"Габон",
"Georgia":"Грузия",
"Germany":"Германия",
"Germany_Baden-Wurttemberg":"Баден-Вюртемберг",
"Germany_Baden-Wurttemberg_Regierungsbezirk Freiburg":"Фрайбург-в-Брайсгау",
"Germany_Baden-Wurttemberg_Regierungsbezirk Karlsruhe":"Карлсруэ",
"Germany_Baden-Wurttemberg_Regierungsbezirk Stuttgart_Heilbronn":"Штутгарт — Хайльбронн",
"Germany_Baden-Wurttemberg_Regierungsbezirk Stuttgart_Stuttgart":"Штутгарт — Штутгарт",
"Germany_Baden-Wurttemberg_Regierungsbezirk Tubingen":"Тюбинген",
"Germany_Berlin":"Берлин",
"Germany_Brandenburg_North":"Бранденбург — Север",
"Germany_Brandenburg_South":"Бранденбург — Юг",
"Germany_Free State of Bavaria":"Бавария",
"Germany_Free State of Bavaria_Lower Bavaria":"Нижняя Бавария",
"Germany_Free State of Bavaria_Lower Franconia":"Нижняя Франкония",
"Germany_Free State of Bavaria_Middle Franconia":"Средняя Франкония",
"Germany_Free State of Bavaria_Swabia":"Административный округ Швабия",
"Germany_Free State of Bavaria_Upper Bavaria_East":"Верхняя Бавария — Восток",
"Germany_Free State of Bavaria_Upper Bavaria_Ingolstadt":"Верхняя Бавария — Ингольштадт",
"Germany_Free State of Bavaria_Upper Bavaria_Munchen":"Верхняя Бавария — Мюнхен",
"Germany_Free State of Bavaria_Upper Franconia":"Верхняя Франкония",
"Germany_Free State of Bavaria_Upper Palatinate":"Верхний Пфальц",
"Germany_Hamburg_main":"Гамбург",
"Germany_Hesse":"Гессен",
"Germany_Hesse_Regierungsbezirk Darmstadt":"Дармштадт",
"Germany_Hesse_Regierungsbezirk Giessen":"Гиссен",
"Germany_Hesse_Regierungsbezirk Kassel":"Кассель",
"Germany_Lower Saxony":"Нижняя Саксония",
"Germany_Lower Saxony_Bremen_Bremen":"Бремен",
"Germany_Lower Saxony_Bremen_Munster":"Люнебург",
"Germany_Lower Saxony_Hannover":"Ганновер",
"Germany_Lower Saxony_Oldenburg":"Ольденбург",
"Germany_Mecklenburg-Vorpommern":"Мекленбург-Передняя Померания",
"Germany_North Rhine-Westphalia":"Северный Рейн-Вестфалия",
"Germany_North Rhine-Westphalia_Regierungsbezirk Arnsberg_Arnsberg":"Арнсберг — Арнсберг",
"Germany_North Rhine-Westphalia_Regierungsbezirk Arnsberg_Dortmund":"Арнсберг — Дортмунд",
"Germany_North Rhine-Westphalia_Regierungsbezirk Detmold":"Детмольд",
"Germany_North Rhine-Westphalia_Regierungsbezirk Dusseldorf_Dusseldorf":"Дюссельдорф — Дюссельдорф",
"Germany_North Rhine-Westphalia_Regierungsbezirk Dusseldorf_Mulheim":"Дюссельдорф — Мюльхайм-на-Руре",
"Germany_North Rhine-Westphalia_Regierungsbezirk Dusseldorf_Wesel":"Дюссельдорф — Везель",
"Germany_North Rhine-Westphalia_Regierungsbezirk Koln_Aachen":"Кёльн — Ахен",
"Germany_North Rhine-Westphalia_Regierungsbezirk Koln_Koln":"Кёльн — Кёльн",
"Germany_North Rhine-Westphalia_Regierungsbezirk Munster_Munster":"Мюнстер — Мюнстер",
"Germany_North Rhine-Westphalia_Regierungsbezirk Munster_Recklinghausen":"Мюнстер — Реклингхаузен",
"Germany_Rhineland-Palatinate_Koblenz":"Рейнланд-Пфальц — Кобленц",
"Germany_Rhineland-Palatinate_South":"Рейнланд-Пфальц — Майнц",
"Germany_Saarland":"Саар",
"Germany_Saxony-Anhalt":"Саксония-Анхальт",
"Germany_Saxony_Dresden":"Саксония — Дрезден",
"Germany_Saxony_Leipzig":"Саксония — Лейпциг",
"Germany_Schleswig-Holstein":"Шлезвиг-Гольштейн",
"Germany_Thuringia":"Тюрингия",
"Ghana":"Гана",
"Gibraltar":"Гибралтар",
"Greece":"Греция",
"Greece_Decentralized Administration of Aegean":"Эгейские острова",
"Greece_Decentralized Administration of Attica":"Аттика",
"Greece_Decentralized Administration of Crete":"Крит",
"Greece_Decentralized Administration of Epirus - Western Macedonia":"Эпир и западная Македония",
"Greece_Decentralized Administration of Macedonia and Thrace":"Македония и Фракия",
"Greece_Decentralized Administration of Thessaly - Central Greece":"Фессалия и Центральная Греция",
"Greece_Decentralized Administration of West Greece":"Пелопоннес",
"Greenland":"Гренландия",
"Grenada":"Гренада",
"Guadeloupe":"Гваделупа",
"Guatemala":"Гватемала",
"Guernsey":"Гернси",
"Guinea":"Гвинея",
"Guinea-Bissau":"Гвинея-Бисау",
"Guyana":"Гайана",
"Haiti":"Республика Гаити",
"Honduras":"Гондурас",
"Hungary":"Венгрия",
"Hungary_Kozep-Magyarorszag":"Центральная Венгрия",
"Hungary_Northern Great Plain":"Венгрия — Восток",
"Hungary_Transdanubia":"Венгрия — Запад",
"Iceland":"Исландия",
"Illinois":"Иллинойс",
"India":"Индия",
"India_Andaman and Nicobar Islands":"Андаманские и Никобарские острова",
"India_Andhra Pradesh":"Андхра-Прадеш",
"India_Arunachal Pradesh":"Аруначал-Прадеш",
"India_Assam":"Ассам",
"India_Bihar":"Бихар",
"India_Chandigarh":"Чандигарх",
"India_Chhattisgarh":"Чхаттисгарх",
"India_Delhi":"Дели",
"India_Goa":"Гоа",
"India_Gujarat":"Гуджарат",
"India_Haryana":"Харьяна",
"India_Himachal Pradesh":"Химачал-Прадеш",
"India_Jammu and Kashmir":"Джамму и Кашмир",
"India_Jharkhand":"Джаркханд",
"India_Karnataka":"Карнатака",
"India_Kerala":"Керала",
"India_Lakshadweep":"Лакшадвип",
"India_Madhya Pradesh":"Мадхья-Прадеш",
"India_Maharashtra":"Махараштра",
"India_Manipur":"Манипур",
"India_Meghalaya":"Мегалая",
"India_Mizoram":"Мизорам",
"India_Nagaland":"Нагаленд",
"India_Odisha":"Орисса",
"India_Punjab":"Пенджаб",
"India_Rajasthan":"Раджастхан",
"India_Sikkim":"Сикким",
"India_Tamil Nadu":"Тамилнад",
"India_Telangana":"Телангана",
"India_Tripura":"Трипура",
"India_Uttar Pradesh":"Уттар-Прадеш",
"India_Uttarakhand":"Уттаракханд",
"India_West Bengal":"Западная Бенгалия",
"Indiana":"Индиана",
"Indonesia":"Индонезия",
"Indonesia_Central":"Сулавеси, Индонезийский Калимантан",
"Indonesia_East":"Индонезия — Восток",
"Indonesia_Jawa Barat":"Западная Ява",
"Indonesia_Jawa Tengah":"Центральная Ява",
"Indonesia_Jawa Timur":"Восточная Ява",
"Indonesia_Nusa Tenggara":"Малые Зондские острова",
"Indonesia_West":"Суматра",
"Iowa":"Айова",
"Iran":"Иран",
"Iran_North":"Иран — Север",
"Iran_South":"Иран — Юг",
"Iraq":"Ирак",
"Ireland":"Ирландия",
"Ireland_Connacht":"Коннахт",
"Ireland_Leinster":"Ленстер",
"Ireland_Munster":"Манстер",
"Ireland_Northern Counties":"Ольстер",
"Isle of Man":"Остров Мэн",
"Israel":"Израиль",
"Israel Region":"Израиль",
"Italy":"Италия",
"Italy_Abruzzo":"Абруццо",
"Italy_Aosta Valley":"Валле-д’Аоста",
"Italy_Apulia":"Апулия",
"Italy_Basilicata":"Базиликата",
"Italy_Calabria":"Калабрия",
"Italy_Campania":"Кампания",
"Italy_Emilia":"Эмилия-Романья",
"Italy_Emilia-Romagna_Bologna":"Болонья",
"Italy_Emilia-Romagna_Ferrara":"Феррара",
"Italy_Emilia-Romagna_Forli-Cesena":"Форли-Чезена",
"Italy_Emilia-Romagna_Modena":"Модена",
"Italy_Emilia-Romagna_Parma":"Парма",
"Italy_Emilia-Romagna_Piacenza":"Пьяченца",
"Italy_Emilia-Romagna_Ravenna":"Равенна",
"Italy_Emilia-Romagna_Reggio Emilia":"Реджо-Эмилия",
"Italy_Emilia-Romagna_Rimini":"Римини",
"Italy_Friuli":"Фриули-Венеция-Джулия",
"Italy_Friuli-Venezia Giulia_Gorizia":"Гориция",
"Italy_Friuli-Venezia Giulia_Pordenone":"Порденоне",
"Italy_Friuli-Venezia Giulia_Trieste":"Триест",
"Italy_Friuli-Venezia Giulia_Udine":"Удине",
"Italy_Lazio":"Лацио",
"Italy_Liguria":"Лигурия",
"Italy_Lombardy":"Ломбардия",
"Italy_Lombardy_Bergamo":"Бергамо",
"Italy_Lombardy_Brescia":"Брешиа",
"Italy_Lombardy_Como":"Комо",
"Italy_Lombardy_Cremona":"Кремона",
"Italy_Lombardy_Lecco":"Лекко",
"Italy_Lombardy_Lodi":"Лоди",
"Italy_Lombardy_Mantua":"Мантуя",
"Italy_Lombardy_Milan":"Милан",
"Italy_Lombardy_Monza and Brianza":"Монца и Брианца",
"Italy_Lombardy_Pavia":"Павия",
"Italy_Lombardy_Sondrio":"Сондрио",
"Italy_Lombardy_Varese":"Варезе",
"Italy_Marche":"Марке",
"Italy_Molise":"Молизе",
"Italy_Piemont":"Пьемонт",
"Italy_Piemont_Alessandria":"Алессандрия",
"Italy_Piemont_Asti":"Асти",
"Italy_Piemont_Biella":"Бьелла",
"Italy_Piemont_Cuneo":"Кунео",
"Italy_Piemont_Novara":"Новара",
"Italy_Piemont_Torino":"Турин",
"Italy_Piemont_Verbano-Cusio-Ossola":"Вербано-Кузьо-Оссола",
"Italy_Piemont_Vercelli":"Верчелли",
"Italy_Sardinia":"Сардиния",
"Italy_Sicily":"Сицилия",
"Italy_Trentino-Alto Adige Sudtirol":"Трентино — Альто-Адидже",
"Italy_Tuscany_Grosseto":"Тоскана — Гроссето",
"Italy_Tuscany_Massa e Carrara":"Тоскана — Масса-Каррара",
"Italy_Umbria":"Умбрия",
"Italy_Veneto":"Венето",
"Italy_Veneto_Belluno":"Беллуно",
"Italy_Veneto_Padova":"Падуя",
"Italy_Veneto_Rovigo":"Ровиго",
"Italy_Veneto_Treviso":"Тревизо",
"Italy_Veneto_Venezia":"Венеция",
"Italy_Veneto_Verona":"Верона",
"Italy_Veneto_Vicenza":"Виченца",
"Jamaica":"Ямайка",
"Japan":"Япония",
"Japan_Chubu Region":"Тюбу",
"Japan_Chubu Region_Aichi":"Айти",
"Japan_Chubu Region_Fukui":"Фукуи",
"Japan_Chubu Region_Gifu":"Гифу",
"Japan_Chubu Region_Ishikawa":"Исикава",
"Japan_Chubu Region_Nagano":"Нагано",
"Japan_Chubu Region_Niigata":"Ниигата",
"Japan_Chubu Region_Shizuoka":"Сидзуока",
"Japan_Chubu Region_Toyama":"Тояма",
"Japan_Chubu Region_Yamanashi":"Яманаси",
"Japan_Chugoku Region":"Тюгоку",
"Japan_Chugoku Region_Hiroshima":"Хиросима",
"Japan_Chugoku Region_Okayama":"Окаяма",
"Japan_Chugoku Region_Shimane":"Симане",
"Japan_Chugoku Region_Tottori":"Тоттори",
"Japan_Chugoku Region_Yamaguchi":"Ямагути",
"Japan_Hokkaido Region":"Хоккайдо",
"Japan_Hokkaido Region_East":"Хоккайдо — Восток",
"Japan_Hokkaido Region_North":"Хоккайдо — Север",
"Japan_Hokkaido Region_West":"Хоккайдо — Запад",
"Japan_Kanto":"Канто",
"Japan_Kanto_Chiba":"Тиба",
"Japan_Kanto_Gunma":"Гумма",
"Japan_Kanto_Ibaraki":"Ибараки",
"Japan_Kanto_Kanagawa":"Канагава",
"Japan_Kanto_Saitama":"Сайтама",
"Japan_Kanto_Tochigi":"Тотиги",
"Japan_Kanto_Tokyo":"Токио",
"Japan_Kinki Region":"Кансай",
"Japan_Kinki Region_Mie":"Миэ",
"Japan_Kinki Region_Nara":"Нара",
"Japan_Kinki Region_Osaka":"Осака",
"Japan_Kinki Region_Wakayama":"Вакаяма",
"Japan_Kyushu Region":"Кюсю",
"Japan_Kyushu Region_Fukuoka":"Фукуока",
"Japan_Kyushu Region_Kagoshima":"Кагосима",
"Japan_Kyushu Region_Kumamoto":"Кумамото",
"Japan_Kyushu Region_Miyazaki":"Миядзаки",
"Japan_Kyushu Region_Nagasaki":"Нагасаки",
"Japan_Kyushu Region_Oita":"Оита",
"Japan_Kyushu Region_Okinawa":"Окинава",
"Japan_Kyushu Region_Saga":"Сага",
"Japan_Shikoku Region":"Сикоку",
"Japan_Shikoku Region_Ehime":"Эхиме",
"Japan_Shikoku Region_Kagawa":"Кагава (префектура)",
"Japan_Shikoku Region_Kochi":"Коти",
"Japan_Shikoku Region_Kyoto":"Киото",
"Japan_Shikoku Region_Tokushima":"Токусима",
"Japan_Tohoku":"Тохоку",
"Japan_Tohoku_Akita":"Акита",
"Japan_Tohoku_Aomori":"Аомори",
"Japan_Tohoku_Fukushima":"Фукусима",
"Japan_Tohoku_Iwate":"Иватэ",
"Japan_Tohoku_Miyagi":"Мияги",
"Japan_Tohoku_Yamagata":"Ямагата",
"Jersey":"Джерси",
"Jerusalem":"Иерусалим",
"Jordan":"Иордания",
"Kansas":"Канзас",
"Kazakhstan":"Казахстан",
"Kentucky":"Кентукки",
"Kenya":"Кения",
"Kingdom of Lesotho":"Лесото",
"Kiribati":"Кирибати",
"Kuwait":"Кувейт",
"Kyrgyzstan":"Киргизия",
"Laos":"Лаос",
"Latvia":"Латвия",
"Lebanon":"Ливан",
"Liberia":"Либерия",
"Libya":"Ливия",
"Liechtenstein":"Лихтенштейн",
"Lithuania":"Литва",
"Louisiana":"Луизиана",
"Luxembourg":"Люксембург",
"Macedonia":"Республика Македония",
"Madagascar":"Мадагаскар",
"Malawi":"Малави",
"Malaysia":"Малайзия",
"Maldives":"Мальдивы",
"Mali":"Мали",
"Malta":"Мальта",
"Marshall Islands":"Маршалловы Острова",
"Martinique":"Мартиника",
"Maryland":"Мэриленд",
"Massachusetts":"Массачусетс",
"Mauritania":"Мавритания",
"Mauritius":"Маврикий",
"Mexico":"Мексика",
"Mexico_California":"Нижняя Калифорния",
"Mexico_Central_East":"Нуэво-Леон",
"Mexico_Central_West":"Наярит",
"Mexico_East":"Мексика — Восток",
"Mexico_Mexico":"Мехико",
"Mexico_North":"Мексика — Север",
"Mexico_South":"Мексика — Юг",
"Michigan":"Мичиган",
"Minnesota":"Миннесота",
"Missouri":"Миссури",
"Moldova":"Молдавия",
"Monaco":"Монако",
"Mongolia":"Монголия",
"Montenegro":"Черногория",
"Montserrat":"Монтсеррат",
"Morocco":"Марокко",
"Morocco_Doukkala-Abda":"Дуккала-Абда",
"Morocco_Rabat-Sale-Zemmour-Zaer":"Рабат-Сале-Заммур-Заер",
"Morocco_Southern":"Марокко — Юг",
"Morocco_Western Sahara":"Западная Сахара",
"Mozambique":"Мозамбик",
"Myanmar":"Мьянма",
"Nagorno-Karabakh":"Нагорный Карабах",
"Namibia":"Намибия",
"Nauru":"Науру",
"Nepal":"Непал",
"Nepal_East":"Непал — Восток",
"Nepal_West":"Непал — Запад",
"Netherlands":"Нидерланды",
"Netherlands_Drenthe":"Дренте",
"Netherlands_Flevoland":"Флеволанд",
"Netherlands_Friesland":"Фрисландия",
"Netherlands_Gelderland_Nijmegen":"Гелдерланд — Неймеген",
"Netherlands_Gelderland_North":"Гелдерланд — Апелдорн",
"Netherlands_Gelderland_Zutphen":"Гелдерланд — Зютфен",
"Netherlands_Groningen":"Гронинген",
"Netherlands_Limburg":"Лимбург",
"Netherlands_North Brabant_Eindhoven":"Северный Брабант — Эйндховен",
"Netherlands_North Brabant_Roosendaal":"Северный Брабант — Розендал",
"Netherlands_North Brabant_Tiburg":"Северный Брабант — Тилбург",
"Netherlands_North Brabant_Uden":"Северный Брабант — Уден",
"Netherlands_North Holland_Alkmaar":"Северная Голландия — Алкмар",
"Netherlands_North Holland_Amsterdam":"Северная Голландия — Амстердам",
"Netherlands_North Holland_Zaandam":"Северная Голландия — Занстад",
"Netherlands_Overijssel_Enschede":"Оверэйсел — Энсхеде",
"Netherlands_Overijssel_Zwolle":"Оверэйсел — Зволле",
"Netherlands_South Holland_Brielle":"Южная Голландия — Брилле",
"Netherlands_South Holland_Den Haag":"Южная Голландия — Гаага",
"Netherlands_South Holland_Leiden":"Южная Голландия — Лейден",
"Netherlands_South Holland_Rotterdam":"Южная Голландия — Роттердам",
"Netherlands_Utrecht_Amersfoort":"Утрехт — Амерсфорт",
"Netherlands_Utrecht_Utrecht":"Утрехт — Утрехт",
"Netherlands_Zeeland":"Зеландия",
"New Jersey":"Нью-Джерси",
"New York":"Нью-Йорк",
"New Zealand":"Новая Зеландия",
"New Zealand North_Auckland":"Север — Окленд",
"New Zealand North_Wellington":"Север — Веллингтон",
"New Zealand South_Canterbury":"Юг — Кентербери",
"New Zealand South_Southland":"Юг — Саутленд",
"Nicaragua":"Никарагуа",
"Niger":"Нигер",
"Nigeria":"Нигерия",
"Niue":"Ниуэ",
"North Carolina":"Северная Каролина",
"North Dakota":"Северная Дакота",
"North Korea":"Корейская Народно-Демократическая Республика",
"Norway":"Норвегия",
"Norway_Bouvet Island":"Остров Буве",
"Norway_Central":"Осло",
"Norway_Hedmark":"Хедмарк",
"Norway_Jan Mayen":"Ян-Майен",
"Norway_Northern":"Нур-Норге",
"Norway_Oppland":"Оппланн",
"Norway_Southern":"Сёрланд",
"Norway_Svalbard":"Шпицберген",
"Norway_Trondelag":"Трёнделаг",
"Norway_Western":"Вестланн",
"Ohio":"Огайо",
"Oklahoma":"Оклахома",
"Oman":"Оман",
"Oregon":"Орегон",
"Pakistan":"Пакистан",
"Palau":"Палау",
"Palestine":"Государство Палестина",
"Palestine Region":"Государство Палестина",
"Panama":"Панама",
"Papua New Guinea":"Папуа — Новая Гвинея",
"Paraguay":"Парагвай",
"Pennsylvania":"Пенсильвания",
"People's Republic of China":"Китайская Народная Республика",
"Peru":"Перу",
"Peru_North":"Перу — Север",
"Peru_South":"Перу — Юг",
"Philippines":"Филиппины",
"Philippines_Luzon_Manila":"Столичный Регион",
"Philippines_Luzon_North":"Лусон — Север",
"Philippines_Luzon_South":"Лусон — Юг",
"Philippines_Mindanao":"Минданао",
"Philippines_Visayas":"Висайские острова",
"Pitcairn Islands":"Острова Питкэрн",
"Poland":"Польша",
"Poland_Greater Poland Voivodeship":"Великопольское воеводство",
"Poland_Kuyavian-Pomeranian Voivodeship":"Куявско-Поморское воеводство",
"Poland_Lesser Poland Voivodeship":"Малопольское воеводство",
"Poland_Lodz Voivodeship":"Лодзинское воеводство",
"Poland_Lower Silesian Voivodeship":"Нижнесилезское воеводство",
"Poland_Lublin Voivodeship":"Люблинское воеводство",
"Poland_Lubusz Voivodeship":"Любушское воеводство",
"Poland_Masovian Voivodeship":"Мазовецкое воеводство",
"Poland_Opole Voivodeship":"Опольское воеводство",
"Poland_Podlaskie Voivodeship":"Подляское воеводство",
"Poland_Pomeranian Voivodeship":"Поморское воеводство",
"Poland_Silesian Voivodeship":"Силезское воеводство",
"Poland_Subcarpathian Voivodeship":"Подкарпатское воеводство",
"Poland_Swietokrzyskie Voivodeship":"Свентокшиское воеводство",
"Poland_Warmian-Masurian Voivodeship":"Варминско-Мазурское воеводство",
"Poland_West Pomeranian Voivodeship":"Западно-Поморское воеводство",
"Portugal":"Португалия",
"Portugal_North":"Португалия — Север",
"Portugal_South":"Португалия — Юг",
"Qatar":"Катар",
"Republic of Kosovo":"Республика Косово",
"Romania":"Румыния",
"Romania_Centre":"Центральный регион развития Румынии",
"Romania_North_East":"Северо-восточный регион развития Румынии",
"Romania_North_West":"Северо-западный регион развития Румынии",
"Romania_South":"Южный регион развития Румынии",
"Romania_South_East":"Юго-восточный регион развития Румынии",
"Romania_South_West":"Юго-западный регион развития Румынии",
"Romania_West":"Западный регион развития Румынии",
"Russia_Altai Krai":"Алтайский край",
"Russia_Altai Republic":"Республика Алтай",
"Russia_Amur Oblast":"Амурская область",
"Russia_Arkhangelsk Oblast_Central":"Архангельская область — Центр",
"Russia_Arkhangelsk Oblast_North":"Архангельская область — Север",
"Russia_Astrakhan Oblast":"Астраханская область",
"Russia_Bashkortostan":"Башкортостан",
"Russia_Belgorod Oblast":"Белгородская область",
"Russia_Bryansk Oblast":"Брянская область",
"Russia_Buryatia":"Бурятия",
"Russia_Chechen Republic":"Чечня",
"Russia_Chelyabinsk Oblast":"Челябинская область",
"Russia_Chukotka Autonomous Okrug":"Чукотский автономный округ",
"Russia_Chuvashia":"Чувашия",
"Russia_Ingushetia":"Ингушетия",
"Russia_Irkutsk Oblast":"Иркутская область",
"Russia_Ivanovo Oblast":"Ивановская область",
"Russia_Jewish Autonomous Oblast":"Еврейская автономная область",
"Russia_Kabardino-Balkaria":"Кабардино-Балкария",
"Russia_Kaliningrad Oblast":"Калининградская область",
"Russia_Kaluga Oblast":"Калужская область",
"Russia_Kamchatka Krai":"Камчатский край",
"Russia_Karachay-Cherkessia":"Карачаево-Черкесия",
"Russia_Kemerov Oblast":"Кемеровская область",
"Russia_Khabarovsk Krai":"Хабаровский край",
"Russia_Khakassia":"Хакасия",
"Russia_Kirov Oblast":"Кировская область",
"Russia_Komi Republic":"Республика Коми",
"Russia_Kostroma Oblast":"Костромская область",
"Russia_Krasnodar Krai":"Краснодарский край — Север",
"Russia_Krasnodar Krai_Adygeya":"Краснодарский край, Адыгея",
"Russia_Krasnoyarsk Krai":"Красноярский край",
"Russia_Kurgan Oblast":"Курганская область",
"Russia_Kursk Oblast":"Курская область",
"Russia_Leningradskaya Oblast_Karelsky":"Ленинградская область — Север",
"Russia_Leningradskaya Oblast_Southeast":"Ленинградская область — Юг",
"Russia_Lipetsk Oblast":"Липецкая область",
"Russia_Magadan Oblast":"Магаданская область",
"Russia_Mari El":"Марий Эл",
"Russia_Moscow":"Москва",
"Russia_Moscow Oblast":"Московская область",
"Russia_Murmansk Oblast":"Мурманская область",
"Russia_Nenets Autonomous Okrug":"Ненецкий автономный округ",
"Russia_Nizhny Novgorod Oblast":"Нижегородская область",
"Russia_North Ossetia-Alania":"Северная Осетия",
"Russia_Novgorod Oblast":"Новгородская область",
"Russia_Novosibirsk Oblast":"Новосибирская область",
"Russia_Omsk Oblast":"Омская область",
"Russia_Orenburg Oblast":"Оренбургская область",
"Russia_Oryol Oblast":"Орловская область",
"Russia_Penza Oblast":"Пензенская область",
"Russia_Perm Krai":"Пермский край",
"Russia_Primorsky Krai":"Приморский край",
"Russia_Pskov Oblast":"Псковская область",
"Russia_Republic of Dagestan":"Дагестан",
"Russia_Republic of Kalmykia":"Калмыкия",
"Russia_Republic of Karelia":"Республика Карелия",
"Russia_Republic of Mordovia":"Мордовия",
"Russia_Rostov Oblast":"Ростовская область",
"Russia_Ryazan Oblast":"Рязанская область",
"Russia_Saint Petersburg":"Санкт-Петербург",
"Russia_Sakha Republic":"Якутия",
"Russia_Sakhalin Oblast":"Сахалинская область",
"Russia_Samara Oblast":"Самарская область",
"Russia_Saratov Oblast":"Саратовская область",
"Russia_Smolensk Oblast":"Смоленская область",
"Russia_Stavropol Krai":"Ставропольский край",
"Russia_Sverdlovsk Oblast":"Свердловская область",
"Russia_Tambov Oblast":"Тамбовская область",
"Russia_Tatarstan":"Татарстан",
"Russia_Tomsk Oblast":"Томская область",
"Russia_Tula Oblast":"Тульская область",
"Russia_Tuva":"Тыва",
"Russia_Tver Oblast":"Тверская область",
"Russia_Tyumen Oblast":"Тюменская область",
"Russia_Udmurt Republic":"Удмуртия",
"Russia_Ulyanovsk Oblast":"Ульяновская область",
"Russia_Vladimir Oblast":"Владимирская область",
"Russia_Volgograd Oblast":"Волгоградская область",
"Russia_Vologda Oblast":"Вологодская область",
"Russia_Voronezh Oblast":"Воронежская область",
"Russia_Yamalo-Nenets Autonomous Okrug":"Ямало-Ненецкий автономный округ",
"Russia_Yaroslavl Oblast":"Ярославская область",
"Russia_Yugra":"Ханты-Мансийский автономный округ — Югра",
"Russia_Zabaykalsky Krai":"Забайкальский край",
"Russian Federation":"Россия",
"Rwanda":"Руанда",
"Sahrawi Arab Democratic Republic":"Сахарская Арабская Демократическая Республика",
"Saint Barthelemy":"Сен-Бартелеми",
"Saint Helena Ascension and Tristan da Cunha":"Острова Святой Елены, Вознесения и Тристан-да-Кунья",
"Saint Kitts and Nevis":"Сент-Китс и Невис",
"Saint Lucia":"Сент-Люсия",
"Saint Martin":"Сен-Мартен",
"Saint Vincent and the Grenadines":"Сент-Винсент и Гренадины",
"Samoa":"Самоа",
"San Marino":"Сан-Марино",
"Sao Tome and Principe":"Сан-Томе и Принсипи",
"Saudi Arabia":"Саудовская Аравия",
"Senegal":"Сенегал",
"Serbia":"Сербия",
"Seychelles":"Сейшелы",
"Sierra Leone":"Сьерра-Леоне",
"Singapore":"Сингапур",
"Slovakia":"Словакия",
"Slovakia_Region of Banska Bystrica":"Банскобистрицкий край",
"Slovakia_Region of Bratislava":"Братиславский край",
"Slovakia_Region of Kosice":"Кошицкий край",
"Slovakia_Region of Nitra":"Нитранский край",
"Slovakia_Region of Presov":"Прешовский край",
"Slovakia_Region of Trencin":"Тренчинский край",
"Slovakia_Region of Trnava":"Трнавский край",
"Slovakia_Region of Zilina":"Жилинский край",
"Slovenia":"Словения",
"Solomon Islands":"Соломоновы Острова",
"Somalia":"Сомали",
"South Africa":"Южно-Африканская Республика",
"South Africa_Eastern Cape":"Восточно-Капская провинция",
"South Africa_Free State":"Фри-Стейт",
"South Africa_Gauteng":"Гаутенг",
"South Africa_KwaZulu-Natal":"Квазулу-Натал",
"South Africa_Limpopo":"Лимпопо",
"South Africa_Mpumalanga":"Мпумаланга",
"South Africa_North West":"Северо-Западная провинция",
"South Africa_Northern Cape":"Северо-Капская провинция",
"South Africa_Western Cape":"Западно-Капская провинция",
"South Carolina":"Южная Каролина",
"South Georgia and the South Sandwich Islands":"Южная Георгия и Южные Сандвичевы острова",
"South Korea":"Республика Корея",
"South Korea_North":"Республика Корея — Север",
"South Korea_South":"Республика Корея — Юг",
"South Ossetia":"Республика Южная Осетия",
"South Sudan":"Южный Судан",
"Spain":"Испания",
"Spain_Andalusia":"Андалусия",
"Spain_Aragon":"Арагон",
"Spain_Balearic Islands":"Балеарские острова",
"Spain_Basque Country":"Страна Басков",
"Spain_Canary Islands":"Канарские острова",
"Spain_Cantabria":"Кантабрия",
"Spain_Castile and Leon":"Кастилия и Леон",
"Spain_Castile-La Mancha":"Кастилия — Ла-Манча",
"Spain_Catalonia_Provincia de Barcelona":"Барселона",
"Spain_Catalonia_Provincia de Girona":"Херона",
"Spain_Catalonia_Provincia de Lleida":"Лерида",
"Spain_Catalonia_Provincia de Tarragona":"Таррагона",
"Spain_Ceuta":"Сеута",
"Spain_Community of Madrid":"Мадрид",
"Spain_Comunidad Foral de Navarra":"Наварра",
"Spain_Extremadura":"Эстремадура",
"Spain_Galicia":"Галисия",
"Spain_La Rioja":"Риоха",
"Spain_Melilla":"Мелилья",
"Spain_Principado de Asturias":"Астурия",
"Spain_Region de Murcia":"Мурсия",
"Spain_Valencian Community":"Валенсия",
"Sri Lanka":"Шри-Ланка",
"Sudan":"Судан",
"Suriname":"Суринам",
"Swaziland":"Свазиленд",
"Sweden":"Швеция",
"Sweden_Bergslagen":"Бергслаген",
"Sweden_Malardalen":"Столичный Регион",
"Sweden_Mellannorrland":"Меллан Норрланд",
"Sweden_Norra Sverige":"Северная Швеция",
"Sweden_Ostra Gotaland":"Восточный Гёталанд",
"Sweden_Sodra Gotaland":"Южный Гёталанд",
"Sweden_Vastra Gotaland":"Западный Гёталанд",
"Switzerland":"Швейцария",
"Switzerland_Central":"Центральная Швейцария",
"Switzerland_Eastern":"Восточная Швейцария",
"Switzerland_Espace Mittelland":"Центральная Швейцария",
"Switzerland_Lake Geneva region":"регион Женевского озера",
"Switzerland_Northwestern":"Северо-западная Швейцария",
"Switzerland_Ticino":"Тичино",
"Switzerland_Zurich":"Цюрих",
"Syria":"Сирия",
"Taiwan":"Китайская Республика",
"Tajikistan":"Таджикистан",
"Tanzania":"Танзания",
"Tennessee":"Теннесси",
"Texas":"Техас",
"Thailand":"Таиланд",
"Thailand_North":"Таиланд — Север",
"Thailand_South":"Таиланд — Юг",
"The Bahamas":"Багамские Острова",
"The Gambia":"Гамбия",
"Togo":"Того",
"Tokelau":"Токелау",
"Tonga":"Тонга",
"Trinidad and Tobago":"Тринидад и Тобаго",
"Tunisia":"Тунис",
"Turkey":"Турция",
"Turkey_Aegean Region":"Эгейский регион",
"Turkey_Black Sea Region":"Черноморский регион",
"Turkey_Eastern Anatolia Region":"Восточная Анатолия",
"Turkey_Marmara Region":"Мраморноморский регион",
"Turkey_Mediterranean Region":"Средиземноморский регион",
"Turkey_Southeastern Anatolia Region":"Юго-Восточная Анатолия",
"Turkmenistan":"Туркмения",
"Turks and Caicos Islands":"Тёркс и Кайкос",
"Tuvalu":"Тувалу",
"UK_England_East Midlands":"Восточный Мидленд",
"UK_England_East of England_Essex":"Восточная Англия — Эссекс",
"UK_England_East of England_Norfolk":"Восточная Англия — Норфолк",
"UK_England_Greater London":"Большой Лондон",
"UK_England_North East England":"Северо-Восточная Англия",
"UK_England_North West England":"Северо-Западная Англия",
"UK_England_South East_Brighton":"Юго-Восточная Англия — Брайтон",
"UK_England_South East_Oxford":"Юго-Восточная Англия — Оксфорд",
"UK_England_South West England_Bristol":"Юго-Западная Англия — Бристоль",
"UK_England_South West England_Cornwall":"Юго-Западная Англия — Корнуолл",
"UK_England_West Midlands":"Западный Мидленд",
"UK_England_Yorkshire and the Humber":"Йоркшир и Хамбер",
"UK_Northern Ireland":"Северная Ирландия",
"UK_Scotland_North":"Шотландия — Север",
"UK_Scotland_South":"Шотландия — Юг",
"UK_Wales":"Уэльс",
"US_Alabama_Birmingham":"Бирмингем",
"US_Alabama_Montgomery":"Монтгомери",
"US_Alaska":"Аляска",
"US_Arizona_Flagstaff":"Флагстафф",
"US_Arizona_Phoenix":"Финикс",
"US_Arizona_Tucson":"Тусон",
"US_Arkansas":"Арканзас",
"US_California_Bakersfield_Bakersfield":"Бейкерсфилд",
"US_California_Bakersfield_Lancaster":"Ланкастер",
"US_California_Chico":"Чико",
"US_California_LA":"Лос-Анджелес",
"US_California_LA North":"Лос-Анджелес — Север",
"US_California_Redding":"Реддинг (Калифорния)",
"US_California_Sacramento_Fresno":"Фресно",
"US_California_Sacramento_Sacramento":"Сакраменто",
"US_California_Sacramento_Stockton":"Стоктон",
"US_California_San Diego":"Сан-Диего",
"US_California_Santa_Clara_Palo Alto":"Сан-Франциско",
"US_California_Santa_Clara_Santa Cruz":"Санта-Крус",
"US_Colorado_Aspen":"Аспен",
"US_Colorado_Denver":"Денвер",
"US_Colorado_South":"Колорадо — Юг",
"US_Connecticut":"Коннектикут",
"US_Delaware":"Делавэр",
"US_Florida_Jacksonville":"Джэксонвилл",
"US_Florida_Miami":"Майами",
"US_Florida_Orlando":"Орландо",
"US_Florida_Tampa":"Тампа",
"US_Georgia":"Джорджия",
"US_Georgia_Atlanta":"Атланта",
"US_Georgia_Macon":"Мейкон",
"US_Georgia_North":"Джорджия — Север",
"US_Georgia_South":"Джорджия — Юг",
"US_Guam":"Гуам",
"US_Hawaii":"Гавайи",
"US_Idaho":"Айдахо",
"US_Illinois_Chickago":"Чикаго",
"US_Illinois_Elgin":"Элджин",
"US_Illinois_Rockford":"Рокфорд",
"US_Illinois_South":"Иллинойс — Юг",
"US_Illinois_Springfield":"Спрингфилд",
"US_Indiana_North":"Индиана — Север",
"US_Indiana_South":"Индиана — Юг",
"US_Iowa_Des Moines":"Де-Мойн",
"US_Iowa_Waterloo":"Ватерлоо",
"US_Iowa_West":"Айова — Запад",
"US_Kansas_East":"Канзас — Восток",
"US_Kansas_West":"Канзас — Запад",
"US_Kentucky_East":"Кентукки — Восток",
"US_Kentucky_West":"Кентукки — Запад",
"US_Louisiana_Central":"Луизиана — Запад",
"US_Louisiana_New Orleans":"Новый Орлеан",
"US_Maine":"Мэн",
"US_Maryland_Baltimore":"Балтимор",
"US_Maryland_and_DC":"Запад, Вашингтон",
"US_Massachusetts_Boston":"Бостон",
"US_Massachusetts_Central":"Вустер",
"US_Massachusetts_Plymouth":"Плимут",
"US_Massachusetts_Southeastern":"Барнстейбл",
"US_Massachusetts_West":"Спрингфилд",
"US_Michigan_Detroit":"Детройт",
"US_Michigan_North":"Мичиган — Север",
"US_Michigan_South":"Мичиган — Юг",
"US_Minnesota_Minneapolis":"Миннеаполис",
"US_Minnesota_North":"Миннесота — Север",
"US_Minnesota_Rochester":"Рочестер",
"US_Minnesota_Saint Cloud":"Сент-Клауд",
"US_Mississippi":"Миссисипи",
"US_Missouri_East":"Миссури — Восток",
"US_Missouri_West":"Миссури — Запад",
"US_Montana":"Монтана",
"US_Nebraska":"Небраска",
"US_Nevada":"Невада",
"US_New Hampshire":"Нью-Гэмпшир",
"US_New Jersey_North":"Нью-Джерси — Север",
"US_New Jersey_South":"Нью-Джерси — Юг",
"US_New Mexico":"Нью-Мексико",
"US_New York_East":"Нью-Йорк — Восток",
"US_New York_New York":"Нью-Йорк — Нью-Йорк",
"US_New York_North":"Нью-Йорк — Север",
"US_New York_West":"Нью-Йорк — Запад",
"US_North Carolina_Asheville":"Эшвилл",
"US_North Carolina_Charlotte":"Шарлотт",
"US_North Carolina_Greensboro":"Гринсборо",
"US_North Carolina_Raleigh":"Роли",
"US_North Carolina_Wilmington":"Уилмингтон",
"US_North Carolina_Wilson":"Уилсон",
"US_North Dakota_Bismarck":"Бисмарк",
"US_North Dakota_East":"Фарго",
"US_North Dakota_Minot":"Майнот",
"US_Ohio_Cleveland":"Кливленд",
"US_Ohio_Dayton":"Дейтон",
"US_Oklahoma_East":"Оклахома — Восток",
"US_Oklahoma_West":"Оклахома — Запад",
"US_Oregon_Eugene":"Юджин",
"US_Oregon_Portland":"Портленд",
"US_Oregon_West":"Орегон — Запад",
"US_Pennsylvania_Central":"Алтуна",
"US_Pennsylvania_Pittsburgh":"Питтсбург",
"US_Pennsylvania_Reading":"Рединг",
"US_Pennsylvania_Scranton":"Скрентон",
"US_Puerto Rico":"Пуэрто-Рико",
"US_Rhode Island":"Род-Айленд",
"US_South Carolina_Columbia":"Колумбия",
"US_South Carolina_Florence":"Флоренция",
"US_South Dakota":"Южная Дакота",
"US_Tennessee_East":"Теннесси — Восток",
"US_Tennessee_West":"Теннесси — Запад",
"US_Texas_Austin":"Остин",
"US_Texas_Dallas":"Даллас",
"US_Texas_Houston":"Хьюстон",
"US_Texas_Northwest":"Амарилло",
"US_Texas_San Antonio":"Сан-Антонио",
"US_Texas_Southwest":"Ларедо",
"US_Texas_Tyler":"Тайлер",
"US_Texas_Wako":"Уэйко",
"US_Texas_West":"Одесса",
"US_United States Minor Outlying Islands":"Внешние малые острова США",
"US_Utah":"Юта",
"US_Vermont":"Вермонт",
"US_Virginia_Chesapeake":"Чесапик",
"US_Virginia_Lynchburg":"Линчберг (Виргиния)",
"US_Virginia_Richmond":"Ричмонд",
"US_Virginia_Roanoke":"Роанок",
"US_Washington_Coast":"Такома",
"US_Washington_Seattle":"Сиэтл",
"US_Washington_Yakima":"Якима",
"US_West Virginia":"Западная Виргиния",
"US_Wisconsin_Milwaukee":"Милуоки",
"US_Wisconsin_North":"О-Клэр",
"US_Wyoming":"Вайоминг",
"Uganda":"Уганда",
"Ukraine":"Украина",
"Ukraine_Cherkasy Oblast":"Черкасская область",
"Ukraine_Chernihiv Oblast":"Черниговская область",
"Ukraine_Chernivtsi Oblast":"Черновицкая область",
"Ukraine_Dnipropetrovsk Oblast":"Днепропетровская область",
"Ukraine_Donetsk Oblast":"Донецкая область",
"Ukraine_Ivano-Frankivsk Oblast":"Ивано-Франковская область",
"Ukraine_Kharkiv Oblast":"Харьковская область",
"Ukraine_Kherson Oblast":"Херсонская область",
"Ukraine_Khmelnytskyi Oblast":"Хмельницкая область",
"Ukraine_Kirovohrad Oblast":"Кировоградская область",
"Ukraine_Kyiv Oblast":"Киевская область",
"Ukraine_Luhansk Oblast":"Луганская область",
"Ukraine_Lviv Oblast":"Львовская область",
"Ukraine_Mykolaiv Oblast":"Николаевская область",
"Ukraine_Odessa Oblast":"Одесская область",
"Ukraine_Poltava Oblast":"Полтавская область",
"Ukraine_Rivne Oblast":"Ровненская область",
"Ukraine_Sumy Oblast":"Сумская область",
"Ukraine_Ternopil Oblast":"Тернопольская область",
"Ukraine_Vinnytsia Oblast":"Винницкая область",
"Ukraine_Volyn Oblast":"Волынская область",
"Ukraine_Zakarpattia Oblast":"Закарпатская область",
"Ukraine_Zaporizhia Oblast":"Запорожская область",
"Ukraine_Zhytomyr Oblast":"Житомирская область",
"United Arab Emirates":"Объединённые Арабские Эмираты",
"United Kingdom":"Великобритания",
"United States Virgin Islands":"Американские Виргинские острова",
"United States of America":"Соединённые Штаты Америки",
"Uruguay":"Уругвай",
"Uzbekistan":"Узбекистан",
"Vanuatu":"Вануату",
"Venezuela":"Венесуэла",
"Vietnam":"Вьетнам",
"Virginia":"Виргиния",
"Wallis and Futuna":"Уоллис и Футуна",
"Washington":"Вашингтон",
"Willis Island":"остров Виллис",
"Wisconsin":"Висконсин",
"Yemen":"Йемен",
"Zambia":"Замбия",
"Zimbabwe":"Зимбабве",
"Argentina_Santa Fe":"Санта-Фе",
"Australia_Brisbane":"Брисбен",
"Australia_Sydney":"Сидней",
"Austria_Styria_Graz":"Штирия — Грац",
"Austria_Styria_Leoben":"Штирия — Леобен",
"Austria_Upper Austria_Linz":"Верхняя Австрия — Линц",
"Austria_Upper Austria_Wels":"Верхняя Австрия — Вельс",
"Bolivia_North":"Боливия — Север",
"Bolivia_South":"Боливия — Юг",
"Brazil_Goias_Brasilia":"Гояс — Бразилиа",
"Brazil_Goias_North":"Гояс — Север",
"Brazil_North Region_East":"Северный регион — Восток",
"Brazil_North Region_West":"Северный регион — Запад",
"Brazil_Northeast Region_East":"Северо-восточный регион — Восток",
"Brazil_Northeast Region_West":"Северо-восточный регион — Запад",
"Brazil_Parana_East":"Парана — Восток",
"Brazil_Parana_West":"Парана — Запад",
"Brazil_South Region_East":"Южный регион — Восток",
"Brazil_South Region_West":"Южный регион — Запад",
"Bulgaria_East":"Болгария — Восток",
"Bulgaria_West":"Болгария — Запад",
"Canada_Ontario_Northeastern_W":"Вава",
"Chile_Central":"Чили — Центр",
"Congo-Kinshasa_Kivu":"Киву",
"Congo-Kinshasa_West":"Конго — Запад",
"Croatia_Central":"Хорватия — Центр",
"Croatia_West":"Хорватия — Запад",
"Ecuador_East":"Эквадор — Восток",
"Ecuador_West":"Эквадор — Запад",
"Finland_Eastern Finland_North":"Восточная Финляндия — Север",
"Finland_Eastern Finland_South":"Восточная Финляндия — Юг",
"Finland_Western Finland_Jyvaskyla":"Западная Финляндия — Йювяскюля",
"Finland_Western Finland_Tampere":"Западная Финляндия — Тампере",
"France_Free County_North":"Франш-Конте — Север",
"France_Free County_South":"Франш-Конте — Юг",
"France_Pays de la Loire_Loire-Atlantique_Nantes":"Атлантическая Луара — Нант",
"France_Pays de la Loire_Loire-Atlantique_Saint-Nazaire":"Атлантическая Луара — Сен-Назер",
"Germany_Free State of Bavaria_Upper Bavaria_South":"Верхняя Бавария — Юг",
"India_Karnataka_North":"Карнатака — Север",
"India_Karnataka_South":"Карнатака — Юг",
"Iran_East":"Иран — Восток",
"Iraq_North":"Ирак — Север",
"Iraq_South":"Ирак — Юг",
"Japan_Chubu Region_Aichi_Nagoya":"Айти — Нагоя",
"Japan_Chubu Region_Aichi_Toyohashi":"Айти — Тоёхаси",
"Japan_Hokkaido Region_Sapporo":"Саппоро",
"Japan_Kinki Region_Osaka_Osaka":"Осака",
"Japan_Kinki Region_Osaka_West":"Осака — Запад",
"Kazakhstan_North":"Казахстан — Север",
"Kazakhstan_South":"Казахстан — Юг",
"Lithuania_East":"Литва — Восток",
"Lithuania_West":"Литва — Запад",
"Mexico_Chihuahua":"Чиуауа",
"Mexico_Sonora":"Сонора",
"Nepal_Kathmandu":"Катманду",
"Nepal_Madhyamanchal":"Центральный регион",
"Nepal_Purwanchal":"Восточный регион",
"Nigeria_North":"Нигерия — Север",
"Nigeria_South":"Нигерия — Юг",
"Norway_Hordaland":"Хордаланн",
"Norway_Nordland":"Нурланн",
"Norway_North Trondelag":"Нур-Трёнделаг",
"Norway_Rogaland":"Ругаланн",
"Norway_South Trondelag":"Сёр-Трёнделаг",
"Peru_Lima":"Лима",
"Portugal_Islands":"Острова Португалии",
"Portugal_Viseu":"Визеу",
"Russia_Krasnoyarsk Krai_North":"Красноярский край — Север",
"Russia_Krasnoyarsk Krai_South":"Красноярский край — Юг",
"Russia_Moscow Oblast_East":"Московская область — Восток",
"Russia_Moscow Oblast_West":"Московская область — Запад",
"Russia_Perm Krai_North":"Пермский край — Север",
"Russia_Perm Krai_South":"Пермский край — Юг",
"Russia_Republic of Karelia_North":"Республика Карелия — Север",
"Russia_Republic of Karelia_South":"Республика Карелия — Юг",
"Russia_Sverdlovsk Oblast_North":"Свердловская область — Север",
"Russia_Sverdlovsk Oblast_Ekaterinburg":"Свердловская область — Екатеринбург",
"Russia_Yugra_Khanty":"ХМАО — Ханты-Мансийск",
"Russia_Yugra_Surgut":"ХМАО — Сургут",
"Saudi Arabia_North":"Саудовская Аравия — Север",
"Saudi Arabia_South":"Саудовская Аравия — Юг",
"Slovenia_East":"Словения — Восток",
"Slovenia_West":"Словения — Запад",
"Spain_Andalusia_Granada":"Андалусия — Гранада",
"Spain_Andalusia_Sevilla":"Андалусия — Севилья",
"Spain_Castile and Leon_East":"Кастилия и Леон — Восток",
"Spain_Castile and Leon_West":"Кастилия и Леон — Запад",
"Spain_Galicia_North":"Галисия — Север",
"Spain_Galicia_South":"Галисия — Юг",
"Sudan_East":"Судан — Восток",
"Sudan_West":"Судан — Запад",
"Sweden_Stockholm":"Стокгольм",
"Switzerland_Espace Mittelland_Bern":"Центральная Швейцария — Берн",
"Switzerland_Espace Mittelland_East":"Центральная Швейцария — Восток",
"Taiwan_North":"Тайвань — Север",
"Taiwan_South":"Тайвань — Юг",
"Thailand_Central":"Таиланд — Центр",
"Turkey_Central Anatolia Region_Ankara":"Центральная Анатолия — Анкара",
"Turkey_Central Anatolia Region_Kayseri":"Центральная Анатолия — Кайсери",
"Turkey_Marmara Region_Bursa":"Мраморноморский регион — Бурса",
"Turkey_Marmara Region_Istanbul":"Мраморноморский регион — Стамбул",
"US_Arkansas_North":"Арканзас — Север",
"US_Arkansas_South":"Арканзас — Юг",
"US_Florida_Gainesvile":"Гейнсвилл",
"US_Idaho_North":"Айдахо — Север",
"US_Idaho_South":"Айдахо — Юг",
"US_Indiana_Evansville":"Эвансвилл",
"US_Indiana_Indianapolis":"Индианаполис",
"US_Kansas_Wichita":"Уичито",
"US_Kentucky_Louisville":"Луисвилл",
"US_Michigan_Grand Rapids":"Гранд-Рапидс",
"US_Michigan_Lansing":"Лансинг",
"US_Mississippi_Gulfport":"Галфпорт",
"US_Mississippi_North":"Миссисипи — Север",
"US_Missouri_Kansas":"Канзас-Сити",
"US_Missouri_Springfield":"Спрингфилд",
"US_Missouri_St Louis":"Сент-Луис",
"US_Montana_East":"Монтана — Восток",
"US_Montana_West":"Монтана — Запад",
"US_Nebraska_East":"Небраска — Восток",
"US_Nebraska_West":"Небраска — Запад",
"US_New Mexico_Albuquerque":"Альбукерке",
"US_New Mexico_Roswell":"Розуэлл",
"US_Ohio_Cincinnati":"Цинциннати",
"US_Ohio_Columbus":"Колумбус",
"US_Ohio_Toledo":"Толидо",
"US_Oklahoma_Oklahoma":"Оклахома-Сити",
"US_Oklahoma_Tulsa":"Талса",
"US_South Carolina_Charleston":"Чарльстон",
"US_Texas_Amarillo":"Амарилло",
"US_Texas_Lubbock":"Лаббок",
"US_Utah_North":"Юта — Север",
"US_Utah_South":"Юта — Юг",
"US_Virginia_Alexandria":"Александрия",
"US_Wisconsin_Eau Claire":"О-Клэр",
"US_Wisconsin_Madison":"Мадисон",
"Venezuela_North":"Венесуэла — Север",
"Venezuela_South":"Венесуэла — Юг",
"Argentina_Buenos Aires_Buenos Aires":"Буэнос-Айрес",
"Canada_Quebek_Lachute":"Lachute",
"Canada_Saskatchewan_Regina":"Реджайна",
"Canada_Saskatchewan_Saskatoon":"Саскатун",
"Germany_Lower Saxony_Braunschweig":"Брауншвейг",
"Germany_Saxony-Anhalt_Halle":"Саксония-Анхальт — Галле",
"Germany_Saxony-Anhalt_Magdeburg":"Саксония-Анхальт — Магдебург",
"Germany_Schleswig-Holstein_Flensburg":"Шлезвиг-Гольштейн — Фленсбург",
"Germany_Schleswig-Holstein_Kiel":"Шлезвиг-Гольштейн — Киль",
"Portugal_Porto":"Порту",
"UK_England_North West England_Lancaster":"Северо-Западная Англия — Ланкастер",
"UK_England_North West England_Manchester":"Северо-Западная Англия — Манчестер",
"US_Florida_Gainesville":"Гейнсвилл",
"US_Texas_Victoria":"Виктория",
"US_Virginia_Norfolk":"Норфолк"
}
