{
"Abkhazia":"Abkhazia",
"Afghanistan":"Afghanistan",
"Alabama":"Alabama",
"Albania":"Albania",
"Algeria":"Algérie",
"Algeria_Central":"Algérie — Trung tâm",
"Algeria_Coast":"Algérie — Bắc",
"Andorra":"Andorra",
"Angola":"Angola",
"Anguilla":"Anguilla",
"Antarctica":"Châu Nam Cực",
"Antigua and Barbuda":"Antigua và Barbuda",
"Argentina":"Argentina",
"Argentina_Buenos Aires_North":"Buenos Aires — Bắc",
"Argentina_Buenos Aires_South":"Buenos Aires — Nam",
"Argentina_Cuyo":"Cuyo",
"Argentina_Mesopotamia":"Mesopotamia",
"Argentina_Northwest":"Argentine Northwest",
"Argentina_Pampas":"Pampa",
"Argentina_Patagonia":"Patagonia",
"Arizona":"Arizona",
"Armenia":"Armenia",
"Australia":"Úc",
"Australia_Melbourne":"Melbourne",
"Australia_New South Wales":"New South Wales",
"Australia_Northern Territory":"Lãnh thổ Bắc Úc",
"Australia_Queensland":"Queensland",
"Australia_South Australia":"Nam Úc",
"Australia_Tasmania":"Tasmania",
"Australia_Victoria":"Victoria",
"Australia_Western Australia":"Tây Úc",
"Austria":"Áo",
"Austria_Burgenland":"Burgenland",
"Austria_Carinthia":"Kärnten",
"Austria_Lower Austria_West":"Niederösterreich — Tây",
"Austria_Lower Austria_Wien":"Viên",
"Austria_Salzburg":"Salzburg",
"Austria_Styria":"Steiermark",
"Austria_Tyrol":"Tirol",
"Austria_Upper Austria":"Oberösterreich",
"Austria_Vorarlberg":"Vorarlberg",
"Azerbaijan":"Azerbaijan",
"Azerbaijan Region":"Azerbaijan",
"Bahrain":"Bahrain",
"Bangladesh":"Bangladesh",
"Barbados":"Barbados",
"Belarus":"Belarus",
"Belarus_Brest Region":"Brest Region",
"Belarus_Homiel Region":"Gomel Region",
"Belarus_Hrodna Region":"Grodno Region",
"Belarus_Maglieu Region":"Mogilev Region",
"Belarus_Minsk Region":"Minsk Region",
"Belarus_Vitebsk Region":"Vitebsk Region",
"Belgium":"Bỉ",
"Belgium_Antwerp":"Antwerp",
"Belgium_East Flanders":"Oost-Vlaanderen",
"Belgium_Flemish Brabant":"Vlaams-Brabant",
"Belgium_Hainaut":"Hainaut",
"Belgium_Liege":"Liège",
"Belgium_Limburg":"Limburg",
"Belgium_Luxembourg":"Luxembourg",
"Belgium_Namur":"Namur",
"Belgium_Walloon Brabant":"Walloon Brabant",
"Belgium_West Flanders":"West-Vlaanderen",
"Belize":"Belize",
"Benin":"Bénin",
"Bermuda":"Bermuda",
"Bhutan":"Bhutan",
"Bolivia":"Bolivia",
"Bosnia and Herzegovina":"Bosna và Hercegovina",
"Bosnia and Herzegovina_Brcko district of Bosnia and Herzegowina":"Quận Brčko",
"Bosnia and Herzegovina_Entity Federation of Bosnia and Herzegovina":"Liên bang Bosne và Hercegovine",
"Bosnia and Herzegovina_Republic of Srpska":"Cộng hòa Srpska",
"Botswana":"Botswana",
"Brazil":"Brasil",
"Brazil_Bahia":"Bahia",
"Brazil_Goias":"Goiás",
"Brazil_Mato Grosso":"Mato Grosso",
"Brazil_Mato Grosso Do Sul":"Mato Grosso do Sul",
"Brazil_North Region":"North Region",
"Brazil_Northeast Region":"Northeast Region",
"Brazil_Paraiba":"Paraíba",
"Brazil_Parana":"Paraná",
"Brazil_Rio Grande do Norte":"Rio Grande do Norte",
"Brazil_Santa Catarina":"Santa Catarina",
"Brazil_South Region":"Southern Brazil",
"Brazil_Southeast Region_Espirito Santo":"Espírito Santo",
"Brazil_Southeast Region_Minas Gerais_Contagem":"Minas Gerais — Contagem",
"Brazil_Southeast Region_Minas Gerais_North":"Minas Gerais — Bắc",
"Brazil_Southeast Region_Rio de Janeiro":"Rio de Janeiro",
"Brazil_Southeast Region_Sao Paulo_Campinas":"São Paulo — Campinas",
"Brazil_Southeast Region_Sao Paulo_City":"São Paulo — Santos",
"Brazil_Southeast Region_Sao Paulo_West":"São Paulo — Ribeirão Preto",
"British Indian Ocean Territory":"Lãnh thổ Ấn Độ Dương thuộc Anh",
"British Virgin Islands":"Quần đảo Virgin thuộc Anh",
"Brunei":"Brunei",
"Bulgaria":"Bulgaria",
"Burkina Faso":"Burkina Faso",
"Burundi":"Burundi",
"California":"California",
"Cambodia":"Campuchia",
"Cameroon":"Cameroon",
"Cameroon_Central":"Cameroon — Trung tâm",
"Cameroon_West":"Cameroon — Tây",
"Campo de Hielo Sur":"Đồng Băng Nam Patagonia",
"Canada":"Canada",
"Canada_Alberta":"Alberta",
"Canada_Alberta_Edmonton":"Edmonton, Alberta",
"Canada_Alberta_North":"Alberta — Bắc",
"Canada_Alberta_South":"Alberta — Nam",
"Canada_British Columbia":"British Columbia",
"Canada_British Columbia_Central":"British Columbia — Trung tâm",
"Canada_British Columbia_Far_North":"British Columbia — Đông",
"Canada_British Columbia_Islands":"Đảo Vancouver",
"Canada_British Columbia_North":"British Columbia — Tây",
"Canada_British Columbia_Northeast":"British Columbia — Bắc",
"Canada_British Columbia_Southeast":"Kelowna",
"Canada_British Columbia_Vancouver":"Vancouver",
"Canada_Labrador":"Labrador",
"Canada_Labrador_North":"Labrador — Bắc",
"Canada_Labrador_South":"Labrador — Nam",
"Canada_Labrador_West":"Labrador — Tây",
"Canada_Manitoba":"Manitoba",
"Canada_Manitoba_Northeast":"Manitoba — Bắc",
"Canada_Manitoba_Northwest":"Manitoba — Tây",
"Canada_Manitoba_South":"Brandon",
"Canada_Manitoba_Winnipeg":"Winnipeg",
"Canada_New Brunswick":"New Brunswick",
"Canada_Newfoundland":"Newfoundland",
"Canada_Newfoundland_East":"Newfoundland — Đông",
"Canada_Newfoundland_North":"Newfoundland — Bắc",
"Canada_Newfoundland_South":"Newfoundland — Nam",
"Canada_Newfoundland_West":"Newfoundland — Tây",
"Canada_Northwest Territories":"Các Lãnh thổ Tây Bắc",
"Canada_Northwest Territories_East":"Các Lãnh thổ Tây Bắc — Đông",
"Canada_Northwest Territories_North":"Các Lãnh thổ Tây Bắc — Bắc",
"Canada_Northwest Territories_Yellowknife":"Yellowknife",
"Canada_Nova Scotia":"Nova Scotia",
"Canada_Nova Scotia_Halifax":"Halifax",
"Canada_Nova Scotia_Sydney":"Sydney",
"Canada_Nunavut":"Nunavut",
"Canada_Nunavut_North":"Nunavut — Bắc",
"Canada_Nunavut_South":"Nunavut — Nam",
"Canada_Ontario":"Ontario",
"Canada_Ontario_Bame":"Barrie",
"Canada_Ontario_Kingston":"Kingston",
"Canada_Ontario_London":"London, Ontario",
"Canada_Ontario_Northeastern_Central":"Timmins",
"Canada_Ontario_Northeastern_North":"Moose Factory",
"Canada_Ontario_Northeastern_S":"Greater Sudbury",
"Canada_Ontario_Northeastern_SE":"North Bay",
"Canada_Ontario_Northeastern_SW":"Sault Ste. Marie",
"Canada_Ontario_Northeastern_Wawa":"Wawa",
"Canada_Ontario_Northern":"Thunder Bay",
"Canada_Ontario_Northwestern":"Ontario — Bắc",
"Canada_Ontario_Toronto":"Toronto",
"Canada_Prince Edward Island":"Đảo Hoàng tử Edward",
"Canada_Quebec":"Québec",
"Canada_Quebec_Quebec":"Thành phố Québec",
"Canada_Quebek_Far North":"Québec — Bắc",
"Canada_Quebek_Montreal":"Montréal",
"Canada_Quebek_North":"Sept-Îles",
"Canada_Quebek_Southeast_Rimouski":"Rimouski",
"Canada_Quebek_Southeast_Saguenay":"Saguenay",
"Canada_Quebek_West_Chibougamau":"Chibougamau",
"Canada_Quebek_West_Rouyn-Noranda":"Rouyn-Noranda",
"Canada_Saskatchewan":"Saskatchewan",
"Canada_Saskatchewan_North":"Saskatchewan — Bắc",
"Canada_Saskatchewan_South":"Saskatchewan — Nam",
"Canada_Yukon":"Yukon",
"Canada_Yukon_North":"Yukon — Bắc",
"Canada_Yukon_Whitehorse":"Whitehorse",
"Cape Verde":"Cabo Verde",
"Caribees":"Tiểu Antilles",
"Caribisch Nederland":"Caribe Hà Lan",
"Cayman Islands":"Quần đảo Cayman",
"Central African Republic":"Cộng hòa Trung Phi",
"Central Anatolia Region":"Central Anatolia Region, Thổ Nhĩ Kỳ",
"Chad":"Tchad",
"Chile":"Chile",
"Chile_North":"Chile — Bắc",
"Chile_South":"Chile — Nam",
"China_Anhui":"An Huy",
"China_Chongqing":"Trùng Khánh",
"China_Fujian":"Phúc Kiến",
"China_Gansu":"Cam Túc",
"China_Guangdong":"Quảng Đông",
"China_Guangxi":"Quảng Tây",
"China_Guizhou":"Quý Châu",
"China_Hebei":"Hà Bắc",
"China_Heilongjiang":"Hắc Long Giang",
"China_Henan":"Hà Nam",
"China_Hubei":"Hồ Bắc",
"China_Hunan":"Hồ Nam",
"China_Inner Mongolia":"Nội Mông",
"China_Jiangsu":"Giang Tô",
"China_Jiangxi":"Giang Tây",
"China_Jilin":"Cát Lâm",
"China_Liaoning":"Liêu Ninh",
"China_Ningxia Hui":"Ninh Hạ",
"China_Qinghai":"Thanh Hải",
"China_Shaanxi":"Thiểm Tây",
"China_Shandong":"Sơn Đông",
"China_Shanghai":"Thượng Hải",
"China_Shanxi":"Sơn Tây",
"China_Sichuan":"Tứ Xuyên",
"China_Tibet Autonomous Region":"Khu tự trị Tây Tạng",
"China_Xinjiang":"Tân Cương",
"China_Yunnan":"Vân Nam",
"China_Zhejiang":"Chiết Giang",
"Colombia":"Colombia",
"Colombia_East":"Colombia — Đông",
"Colombia_North":"Colombia — Bắc",
"Colombia_West":"Colombia — Tây",
"Colorado":"Colorado",
"Comoros":"Comoros",
"Congo-Brazzaville":"Cộng hòa Congo",
"Congo-Kinshasa":"Cộng hòa Dân chủ Congo",
"Cook Islands":"Quần đảo Cook",
"Costa Rica":"Costa Rica",
"Cote dIvoire":"Bờ Biển Ngà",
"Crimea":"bán đảo Krym",
"Croatia":"Croatia",
"Cuba":"Cuba",
"Cyprus":"Cộng hòa Síp",
"Czech Republic":"Cộng hòa Séc",
"Czech_Jihovychod_Jihomoravsky kraj":"Nam Moravia",
"Czech_Jihovychod_Kraj Vysocina":"Vysočina",
"Czech_Jihozapad_Jihocesky kraj":"Nam Bohemia",
"Czech_Jihozapad_Plzensky kraj":"Plzeň",
"Czech_Karlovasky kraj":"Karlovy Vary",
"Czech_Moravskoslezsko":"Moravia–Silesia",
"Czech_Olomoucky kraj":"Olomouc",
"Czech_Praha":"Praha",
"Czech_Severovychod_Kralovehradecky kraj":"Hradec Králové",
"Czech_Severovychod_Liberecky kraj":"Liberec",
"Czech_Severovychod_Pardubicky kraj":"Pardubice",
"Czech_Stredni Cechy_East":"Trung Bohemia — Đông",
"Czech_Stredni Cechy_West":"Trung Bohemia — Tây",
"Czech_Ustecky kraj":"Ústí nad Labem",
"Czech_Zlinsky Kraj":"Zlín",
"Denmark":"Đan Mạch",
"Denmark_Capital Region of Denmark":"Vùng thủ đô Đan Mạch",
"Denmark_Central Denmark Region":"Trung Jutland",
"Denmark_North Denmark Region":"Bắc Jutland",
"Denmark_Region Zealand":"Zealand",
"Denmark_Region of Southern Denmark":"Nam Đan Mạch",
"Djibouti":"Djibouti",
"Dominica":"Dominica",
"Dominican Republic":"Cộng hòa Dominica",
"East Timor":"Đông Timor",
"Ecuador":"Ecuador",
"Egypt":"Ai Cập",
"El Salvador":"El Salvador",
"Equatorial Guinea":"Guinea Xích Đạo",
"Eritrea":"Eritrea",
"Estonia":"Estonia",
"Estonia_East":"Estonia — Đông",
"Estonia_West":"Estonia — Tây",
"Ethiopia":"Ethiopia",
"Falkland Islands":"Quần đảo Falkland",
"Faroe Islands":"Quần đảo Faroe",
"Federated States of Micronesia":"Micronesia",
"Fiji":"Fiji",
"Finland":"Phần Lan",
"Finland_Eastern Finland":"Đông Phần Lan",
"Finland_Northern Finland":"Northern Finland, Phần Lan",
"Finland_Southern Finland_Helsinki":"Nam Phần Lan — Helsinki",
"Finland_Southern Finland_Lappeenranta":"Nam Phần Lan — Lappeenranta",
"Finland_Southern Finland_West":"Finland Proper, Phần Lan",
"Finland_Western Finland":"Tây Phần Lan",
"Florida":"Florida",
"France":"Pháp",
"France_Alsace":"Alsace",
"France_Alsace_Bas-Rhin":"Bas-Rhin",
"France_Alsace_Haut-Rhin":"Haut-Rhin",
"France_Aquitaine":"Aquitaine",
"France_Aquitaine_Dordogne":"Dordogne",
"France_Aquitaine_Gironde":"Gironde",
"France_Aquitaine_Landes":"Landes",
"France_Aquitaine_Lot-et-Garonne":"Lot-et-Garonne",
"France_Aquitaine_Pyrenees-Atlantiques":"Pyrénées-Atlantiques",
"France_Auvergne":"Auvergne",
"France_Auvergne_Allier":"Allier",
"France_Auvergne_Cantal":"Cantal",
"France_Auvergne_Haute-Loire":"Haute-Loire",
"France_Auvergne_Puy-de-Dome":"Puy-de-Dôme",
"France_Brittany":"Brittany, Pháp",
"France_Brittany_Cotes-dArmor":"Côtes-d'Armor",
"France_Brittany_Finistere":"Finistère",
"France_Brittany_Ille-et-Vilaine":"Ille-et-Vilaine",
"France_Brittany_Morbihan":"Morbihan",
"France_Burgundy":"Bourgogne",
"France_Burgundy_Cote-dOr":"Côte-d'Or",
"France_Burgundy_Nievre":"Nièvre",
"France_Burgundy_Saone-et-Loire":"Saône-et-Loire",
"France_Burgundy_Yonne":"Yonne",
"France_Centre-Val de Loire":"Centre",
"France_Centre-Val de Loire_Cher":"Cher, Centre",
"France_Centre-Val de Loire_Eure-et-Loir":"Eure-et-Loir",
"France_Centre-Val de Loire_Indre":"Indre",
"France_Centre-Val de Loire_Indre-et-Loire":"Indre-et-Loire",
"France_Centre-Val de Loire_Loir-et-Cher":"Loir-et-Cher",
"France_Centre-Val de Loire_Loiret":"Loiret",
"France_Champagne-Ardenne":"Champagne-Ardenne",
"France_Corsica":"Corse",
"France_Free County":"Franche-Comté",
"France_French Guiana":"Guyane thuộc Pháp",
"France_Ile-de-France":"Île-de-France",
"France_Ile-de-France_Essonne":"Essonne",
"France_Ile-de-France_Hauts-de-Seine":"Hauts-de-Seine",
"France_Ile-de-France_Paris":"Paris",
"France_Ile-de-France_Seine-Saint-Denis":"Seine-Saint-Denis",
"France_Ile-de-France_Seine-et-Marne":"Seine-et-Marne",
"France_Ile-de-France_Val-dOise":"Val-d'Oise",
"France_Ile-de-France_Val-de-Marne":"Val-de-Marne",
"France_Ile-de-France_Yvelines":"Yvelines",
"France_Languedoc-Roussillon":"Languedoc-Roussillon",
"France_Languedoc-Roussillon_Aude":"Aude",
"France_Languedoc-Roussillon_Gard":"Gard",
"France_Languedoc-Roussillon_Herault":"Hérault",
"France_Languedoc-Roussillon_Lozere":"Lozère",
"France_Languedoc-Roussillon_Pyrenees-Orientales":"Pyrénées-Orientales",
"France_Limousin":"Limousin",
"France_Lorraine":"Lorraine",
"France_Lorraine_Meurthe-et-Moselle":"Meurthe-et-Moselle",
"France_Lorraine_Meuse":"Meuse",
"France_Lorraine_Moselle":"Moselle",
"France_Lorraine_Vosges":"Vosges",
"France_Lower Normandy":"Basse-Normandie",
"France_Lower Normandy_Calvados":"Calvados",
"France_Lower Normandy_Manche":"Manche",
"France_Lower Normandy_Orne":"Orne",
"France_Midi-Pyrenees":"Midi-Pyrénées",
"France_Midi-Pyrenees_Ariege":"Ariège",
"France_Midi-Pyrenees_Aveyron":"Aveyron",
"France_Midi-Pyrenees_Gers":"Gers",
"France_Midi-Pyrenees_Haute-Garonne":"Haute-Garonne",
"France_Midi-Pyrenees_Hautes-Pyrenees":"Hautes-Pyrénées",
"France_Midi-Pyrenees_Lot":"Lot, Midi-Pyrénées",
"France_Midi-Pyrenees_Tarn":"Tarn",
"France_Midi-Pyrenees_Tarn-et-Garonne":"Tarn-et-Garonne",
"France_New Caledonia":"Nouvelle-Calédonie",
"France_Nord-Pas-de-Calais":"Nord-Pas-de-Calais",
"France_Nord-Pas-de-Calais_Lille":"Lille",
"France_Nord-Pas-de-Calais_Nord":"Nord, Nord-Pas-de-Calais",
"France_Nord-Pas-de-Calais_Pas-de-Calais":"Pas-de-Calais",
"France_Pays de la Loire":"Pays de la Loire",
"France_Pays de la Loire_Loire-Atlantique":"Loire-Atlantique",
"France_Pays de la Loire_Maine-et-Loire":"Maine-et-Loire",
"France_Pays de la Loire_Mayenne":"Mayenne",
"France_Pays de la Loire_Sarthe":"Sarthe",
"France_Pays de la Loire_Vendee":"Vendée",
"France_Picardy":"Picardie",
"France_Picardy_Aisne":"Aisne",
"France_Picardy_Oise":"Oise",
"France_Picardy_Somme":"Somme",
"France_Poitou-Charentes":"Poitou-Charentes",
"France_Poitou-Charentes_Charente":"Charente",
"France_Poitou-Charentes_Charente-Maritime":"Charente-Maritime",
"France_Poitou-Charentes_Deux-Sevres":"Deux-Sèvres",
"France_Poitou-Charentes_Vienne":"Vienne",
"France_Provence-Alpes-Cote dAzur":"Provence-Alpes-Côte d'Azur",
"France_Provence-Alpes-Cote dAzur_Alpes-de-Haute-Provence":"Alpes-de-Haute-Provence",
"France_Provence-Alpes-Cote dAzur_Bouches-du-Rhone":"Bouches-du-Rhône",
"France_Provence-Alpes-Cote dAzur_Hautes-Alpes":"Hautes-Alpes",
"France_Provence-Alpes-Cote dAzur_Maritime Alps":"Alpes-Maritimes",
"France_Provence-Alpes-Cote dAzur_Var":"Var, Provence-Alpes-Côte d'Azur",
"France_Provence-Alpes-Cote dAzur_Vaucluse":"Vaucluse",
"France_Rhone-Alpes":"Rhône-Alpes",
"France_Rhone-Alpes_Ain":"Ain",
"France_Rhone-Alpes_Ardeche":"Ardèche",
"France_Rhone-Alpes_Drome":"Drôme",
"France_Rhone-Alpes_Haute-Savoie":"Haute-Savoie",
"France_Rhone-Alpes_Isere":"Isère",
"France_Rhone-Alpes_Loire":"Loire",
"France_Rhone-Alpes_Rhone":"Rhône",
"France_Rhone-Alpes_Savoie":"Savoie",
"France_Southern Islands":"Vùng đất phía Nam và châu Nam Cực thuộc Pháp",
"France_Upper Normandy":"Haute-Normandie",
"French Polynesia":"Polynésie thuộc Pháp",
"Gabon":"Gabon",
"Georgia":"Gruzia",
"Germany":"Đức",
"Germany_Baden-Wurttemberg":"Baden-Württemberg",
"Germany_Baden-Wurttemberg_Regierungsbezirk Freiburg":"Freiburg im Breisgau",
"Germany_Baden-Wurttemberg_Regierungsbezirk Karlsruhe":"Karlsruhe",
"Germany_Baden-Wurttemberg_Regierungsbezirk Stuttgart_Heilbronn":"Stuttgart — Heilbronn",
"Germany_Baden-Wurttemberg_Regierungsbezirk Stuttgart_Stuttgart":"Stuttgart — Stuttgart",
"Germany_Baden-Wurttemberg_Regierungsbezirk Tubingen":"Tübingen",
"Germany_Berlin":"Berlin",
"Germany_Brandenburg_North":"Brandenburg — Bắc",
"Germany_Brandenburg_South":"Brandenburg — Nam",
"Germany_Free State of Bavaria":"Bayern",
"Germany_Free State of Bavaria_Lower Bavaria":"Hạ Bayern",
"Germany_Free State of Bavaria_Lower Franconia":"Lower Franconia, Đức",
"Germany_Free State of Bavaria_Middle Franconia":"Middle Franconia, Đức",
"Germany_Free State of Bavaria_Swabia":"Schwaben",
"Germany_Free State of Bavaria_Upper Bavaria_East":"Oberbayern — Đông",
"Germany_Free State of Bavaria_Upper Bavaria_Ingolstadt":"Oberbayern — Ingolstadt",
"Germany_Free State of Bavaria_Upper Bavaria_Munchen":"Oberbayern — München",
"Germany_Free State of Bavaria_Upper Franconia":"Oberfranken",
"Germany_Free State of Bavaria_Upper Palatinate":"Thượng Pfalz",
"Germany_Hamburg_main":"Hamburg",
"Germany_Hesse":"Hessen",
"Germany_Hesse_Regierungsbezirk Darmstadt":"Darmstadt Government Region, Đức",
"Germany_Hesse_Regierungsbezirk Giessen":"Giessen Government Region, Đức",
"Germany_Hesse_Regierungsbezirk Kassel":"Kassel Government Region, Đức",
"Germany_Lower Saxony":"Niedersachsen",
"Germany_Lower Saxony_Bremen_Bremen":"Bremen",
"Germany_Lower Saxony_Bremen_Munster":"Lüneburg",
"Germany_Lower Saxony_Hannover":"Hannover",
"Germany_Lower Saxony_Oldenburg":"Oldenburg",
"Germany_Mecklenburg-Vorpommern":"Mecklenburg-Vorpommern",
"Germany_North Rhine-Westphalia":"Nordrhein-Westfalen",
"Germany_North Rhine-Westphalia_Regierungsbezirk Arnsberg_Arnsberg":"Arnsberg — Arnsberg, Đức",
"Germany_North Rhine-Westphalia_Regierungsbezirk Arnsberg_Dortmund":"Arnsberg — Dortmund, Đức",
"Germany_North Rhine-Westphalia_Regierungsbezirk Detmold":"Detmold, Đức",
"Germany_North Rhine-Westphalia_Regierungsbezirk Dusseldorf_Dusseldorf":"Düsseldorf — Düsseldorf, Đức",
"Germany_North Rhine-Westphalia_Regierungsbezirk Dusseldorf_Mulheim":"Düsseldorf — Mülheim an der Ruhr, Đức",
"Germany_North Rhine-Westphalia_Regierungsbezirk Dusseldorf_Wesel":"Düsseldorf — Wesel, Đức",
"Germany_North Rhine-Westphalia_Regierungsbezirk Koln_Aachen":"Cologne — Aachen, Đức",
"Germany_North Rhine-Westphalia_Regierungsbezirk Koln_Koln":"Cologne — Cologne, Đức",
"Germany_North Rhine-Westphalia_Regierungsbezirk Munster_Munster":"Münster — Münster, Đức",
"Germany_North Rhine-Westphalia_Regierungsbezirk Munster_Recklinghausen":"Münster — Recklinghausen, Đức",
"Germany_Rhineland-Palatinate_Koblenz":"Rheinland-Pfalz — Koblenz",
"Germany_Rhineland-Palatinate_South":"Rheinland-Pfalz — Mainz",
"Germany_Saarland":"Saarland",
"Germany_Saxony-Anhalt":"Sachsen-Anhalt",
"Germany_Saxony_Dresden":"Sachsen — Dresden",
"Germany_Saxony_Leipzig":"Sachsen — Leipzig",
"Germany_Schleswig-Holstein":"Schleswig-Holstein",
"Germany_Thuringia":"Thüringen",
"Ghana":"Ghana",
"Gibraltar":"Gibraltar",
"Greece":"Hy Lạp",
"Greece_Decentralized Administration of Aegean":"Aegean",
"Greece_Decentralized Administration of Attica":"Attica",
"Greece_Decentralized Administration of Crete":"Crete",
"Greece_Decentralized Administration of Epirus - Western Macedonia":"Epirus và Đông Macedonia",
"Greece_Decentralized Administration of Macedonia and Thrace":"Macedonia và Thrace",
"Greece_Decentralized Administration of Thessaly - Central Greece":"Thessaly và miền Trung Hy Lạp",
"Greece_Decentralized Administration of West Greece":"Peloponnese",
"Greenland":"Greenland",
"Grenada":"Grenada",
"Guadeloupe":"Guadeloupe",
"Guatemala":"Guatemala",
"Guernsey":"Guernsey",
"Guinea":"Guinée",
"Guinea-Bissau":"Guiné-Bissau",
"Guyana":"Guyana",
"Haiti":"Haiti",
"Honduras":"Honduras",
"Hungary":"Hungary",
"Hungary_Kozep-Magyarorszag":"Central Hungary, Hungary",
"Hungary_Northern Great Plain":"Hungary — Đông",
"Hungary_Transdanubia":"Hungary — Tây",
"Iceland":"Iceland",
"Illinois":"Illinois",
"India":"Ấn Độ",
"India_Andaman and Nicobar Islands":"Quần đảo Andaman và Nicobar",
"India_Andhra Pradesh":"Andhra Pradesh",
"India_Arunachal Pradesh":"Arunachal Pradesh",
"India_Assam":"Assam",
"India_Bihar":"Bihar",
"India_Chandigarh":"Chandigarh",
"India_Chhattisgarh":"Chhattisgarh",
"India_Delhi":"Delhi",
"India_Goa":"Goa",
"India_Gujarat":"Gujarat",
"India_Haryana":"Haryana",
"India_Himachal Pradesh":"Himachal Pradesh",
"India_Jammu and Kashmir":"Jammu và Kashmir",
"India_Jharkhand":"Jharkhand",
"India_Karnataka":"Karnataka",
"India_Kerala":"Kerala",
"India_Lakshadweep":"Lakshadweep",
"India_Madhya Pradesh":"Madhya Pradesh",
"India_Maharashtra":"Maharashtra",
"India_Manipur":"Manipur",
"India_Meghalaya":"Meghalaya",
"India_Mizoram":"Mizoram",
"India_Nagaland":"Nagaland",
"India_Odisha":"Orissa",
"India_Punjab":"Punjab",
"India_Rajasthan":"Rajasthan",
"India_Sikkim":"Sikkim",
"India_Tamil Nadu":"Tamil Nadu",
"India_Telangana":"Telangana",
"India_Tripura":"Tripura",
"India_Uttar Pradesh":"Uttar Pradesh",
"India_Uttarakhand":"Uttarakhand",
"India_West Bengal":"Tây Bengal",
"Indiana":"Indiana",
"Indonesia":"Indonesia",
"Indonesia_Central":"Sulawesi, Kalimantan",
"Indonesia_East":"Indonesia — Đông",
"Indonesia_Jawa Barat":"Tây Java",
"Indonesia_Jawa Tengah":"Trung Java",
"Indonesia_Jawa Timur":"Đông Java",
"Indonesia_Nusa Tenggara":"Quần đảo Sunda Nhỏ",
"Indonesia_West":"Sumatra",
"Iowa":"Iowa",
"Iran":"Iran",
"Iran_North":"Iran — Bắc",
"Iran_South":"Iran — Nam",
"Iraq":"Iraq",
"Ireland":"Cộng hòa Ireland",
"Ireland_Connacht":"Connacht",
"Ireland_Leinster":"Leinster",
"Ireland_Munster":"Munster",
"Ireland_Northern Counties":"Ulster",
"Isle of Man":"Đảo Man",
"Israel":"Israel",
"Israel Region":"Israel",
"Italy":"Ý",
"Italy_Abruzzo":"Abruzzo",
"Italy_Aosta Valley":"Thung lũng Aosta",
"Italy_Apulia":"Apulia",
"Italy_Basilicata":"Basilicata",
"Italy_Calabria":"Calabria",
"Italy_Campania":"Campania",
"Italy_Emilia":"Emilia-Romagna",
"Italy_Emilia-Romagna_Bologna":"Bologna",
"Italy_Emilia-Romagna_Ferrara":"Ferrara",
"Italy_Emilia-Romagna_Forli-Cesena":"Forlì-Cesena",
"Italy_Emilia-Romagna_Modena":"Modena",
"Italy_Emilia-Romagna_Parma":"Parma",
"Italy_Emilia-Romagna_Piacenza":"Piacenza",
"Italy_Emilia-Romagna_Ravenna":"Ravenna",
"Italy_Emilia-Romagna_Reggio Emilia":"Reggio Emilia",
"Italy_Emilia-Romagna_Rimini":"Rimini",
"Italy_Friuli":"Friuli–Venezia Giulia",
"Italy_Friuli-Venezia Giulia_Gorizia":"Gorizia",
"Italy_Friuli-Venezia Giulia_Pordenone":"Pordenone",
"Italy_Friuli-Venezia Giulia_Trieste":"Trieste",
"Italy_Friuli-Venezia Giulia_Udine":"Udine",
"Italy_Lazio":"Lazio",
"Italy_Liguria":"Liguria",
"Italy_Lombardy":"Lombardia",
"Italy_Lombardy_Bergamo":"Bergamo",
"Italy_Lombardy_Brescia":"Brescia",
"Italy_Lombardy_Como":"Como",
"Italy_Lombardy_Cremona":"Cremona",
"Italy_Lombardy_Lecco":"Lecco",
"Italy_Lombardy_Lodi":"Lodi",
"Italy_Lombardy_Mantua":"Mantova",
"Italy_Lombardy_Milan":"Milano",
"Italy_Lombardy_Monza and Brianza":"Monza và Brianza",
"Italy_Lombardy_Pavia":"Pavia",
"Italy_Lombardy_Sondrio":"Sondrio",
"Italy_Lombardy_Varese":"Varese",
"Italy_Marche":"Marche",
"Italy_Molise":"Molise",
"Italy_Piemont":"Piemonte",
"Italy_Piemont_Alessandria":"Alessandria",
"Italy_Piemont_Asti":"Asti",
"Italy_Piemont_Biella":"Biella",
"Italy_Piemont_Cuneo":"Cuneo",
"Italy_Piemont_Novara":"Novara",
"Italy_Piemont_Torino":"Torino",
"Italy_Piemont_Verbano-Cusio-Ossola":"Verbano-Cusio-Ossola, Ý",
"Italy_Piemont_Vercelli":"Vercelli",
"Italy_Sardinia":"Sardegna",
"Italy_Sicily":"Sicilia",
"Italy_Trentino-Alto Adige Sudtirol":"Trentino-Alto Adige/Südtirol",
"Italy_Tuscany_Grosseto":"Toscana — Grosseto",
"Italy_Tuscany_Massa e Carrara":"Toscana — Massa-Carrara",
"Italy_Umbria":"Umbria",
"Italy_Veneto":"Veneto",
"Italy_Veneto_Belluno":"Belluno",
"Italy_Veneto_Padova":"Padova",
"Italy_Veneto_Rovigo":"Rovigo",
"Italy_Veneto_Treviso":"Treviso",
"Italy_Veneto_Venezia":"Venezia",
"Italy_Veneto_Verona":"Verona",
"Italy_Veneto_Vicenza":"Vicenza",
"Jamaica":"Jamaica",
"Japan":"Nhật Bản",
"Japan_Chubu Region":"Chūbu",
"Japan_Chubu Region_Aichi":"Aichi",
"Japan_Chubu Region_Fukui":"Fukui",
"Japan_Chubu Region_Gifu":"Gifu",
"Japan_Chubu Region_Ishikawa":"Ishikawa",
"Japan_Chubu Region_Nagano":"Nagano",
"Japan_Chubu Region_Niigata":"Niigata",
"Japan_Chubu Region_Shizuoka":"Shizuoka",
"Japan_Chubu Region_Toyama":"Toyama",
"Japan_Chubu Region_Yamanashi":"Yamanashi",
"Japan_Chugoku Region":"Chūgoku",
"Japan_Chugoku Region_Hiroshima":"Hiroshima",
"Japan_Chugoku Region_Okayama":"Okayama",
"Japan_Chugoku Region_Shimane":"Shimane",
"Japan_Chugoku Region_Tottori":"Tottori",
"Japan_Chugoku Region_Yamaguchi":"Yamaguchi",
"Japan_Hokkaido Region":"Hokkaidō",
"Japan_Hokkaido Region_East":"Hokkaidō — Đông",
"Japan_Hokkaido Region_North":"Hokkaidō — Bắc",
"Japan_Hokkaido Region_West":"Hokkaidō — Tây",
"Japan_Kanto":"Kantō",
"Japan_Kanto_Chiba":"Chiba",
"Japan_Kanto_Gunma":"Gunma",
"Japan_Kanto_Ibaraki":"Ibaraki",
"Japan_Kanto_Kanagawa":"Kanagawa",
"Japan_Kanto_Saitama":"Saitama",
"Japan_Kanto_Tochigi":"Tochigi",
"Japan_Kanto_Tokyo":"Tokyo",
"Japan_Kinki Region":"Kinki",
"Japan_Kinki Region_Mie":"Mie",
"Japan_Kinki Region_Nara":"Nara",
"Japan_Kinki Region_Osaka":"Ōsaka",
"Japan_Kinki Region_Wakayama":"Wakayama",
"Japan_Kyushu Region":"Kyushu",
"Japan_Kyushu Region_Fukuoka":"Fukuoka",
"Japan_Kyushu Region_Kagoshima":"Kagoshima",
"Japan_Kyushu Region_Kumamoto":"Kumamoto",
"Japan_Kyushu Region_Miyazaki":"Miyazaki",
"Japan_Kyushu Region_Nagasaki":"Nagasaki",
"Japan_Kyushu Region_Oita":"Ōita",
"Japan_Kyushu Region_Okinawa":"Okinawa",
"Japan_Kyushu Region_Saga":"Saga",
"Japan_Shikoku Region":"Shikoku",
"Japan_Shikoku Region_Ehime":"Ehime",
"Japan_Shikoku Region_Kagawa":"Kagawa",
"Japan_Shikoku Region_Kochi":"Kōchi",
"Japan_Shikoku Region_Kyoto":"Kyōto",
"Japan_Shikoku Region_Tokushima":"Tokushima",
"Japan_Tohoku":"Tōhoku",
"Japan_Tohoku_Akita":"Akita",
"Japan_Tohoku_Aomori":"Aomori",
"Japan_Tohoku_Fukushima":"Fukushima",
"Japan_Tohoku_Iwate":"Iwate",
"Japan_Tohoku_Miyagi":"Miyagi",
"Japan_Tohoku_Yamagata":"Yamagata",
"Jersey":"Jersey",
"Jerusalem":"Jerusalem",
"Jordan":"Jordan",
"Kansas":"Kansas",
"Kazakhstan":"Kazakhstan",
"Kentucky":"Kentucky",
"Kenya":"Kenya",
"Kingdom of Lesotho":"Lesotho",
"Kiribati":"Kiribati",
"Kuwait":"Kuwait",
"Kyrgyzstan":"Kyrgyzstan",
"Laos":"Lào",
"Latvia":"Latvia",
"Lebanon":"Liban",
"Liberia":"Liberia",
"Libya":"Libya",
"Liechtenstein":"Liechtenstein",
"Lithuania":"Litva",
"Louisiana":"Louisiana",
"Luxembourg":"Luxembourg",
"Macedonia":"Cộng hòa Macedonia",
"Madagascar":"Madagascar",
"Malawi":"Malawi",
"Malaysia":"Malaysia",
"Maldives":"Maldives",
"Mali":"Mali",
"Malta":"Malta",
"Marshall Islands":"Quần đảo Marshall",
"Martinique":"Martinique",
"Maryland":"Maryland",
"Massachusetts":"Massachusetts",
"Mauritania":"Mauritanie",
"Mauritius":"Mauritius",
"Mexico":"México",
"Mexico_California":"Baja California",
"Mexico_Central_East":"Nuevo León",
"Mexico_Central_West":"Nayarit",
"Mexico_East":"México — Đông",
"Mexico_Mexico":"Thành phố México",
"Mexico_North":"México — Bắc",
"Mexico_South":"México — Nam",
"Michigan":"Michigan",
"Minnesota":"Minnesota",
"Missouri":"Missouri",
"Moldova":"Moldova",
"Monaco":"Monaco",
"Mongolia":"Mông Cổ",
"Montenegro":"Montenegro",
"Montserrat":"Montserrat",
"Morocco":"Maroc",
"Morocco_Doukkala-Abda":"Doukkala-Abda, Ma-Rốc",
"Morocco_Rabat-Sale-Zemmour-Zaer":"Rabat-Salé-Zemmour-Zaer, Ma-Rốc",
"Morocco_Southern":"Maroc — Nam",
"Morocco_Western Sahara":"Tây Sahara",
"Mozambique":"Mozambique",
"Myanmar":"Myanma",
"Nagorno-Karabakh":"Nagorno-Karabakh",
"Namibia":"Namibia",
"Nauru":"Nauru",
"Nepal":"Nepal",
"Nepal_East":"Nepal — Đông",
"Nepal_West":"Nepal — Tây",
"Netherlands":"Hà Lan",
"Netherlands_Drenthe":"Drenthe",
"Netherlands_Flevoland":"Flevoland",
"Netherlands_Friesland":"Friesland",
"Netherlands_Gelderland_Nijmegen":"Gelderland — Nijmegen",
"Netherlands_Gelderland_North":"Gelderland — Apeldoorn",
"Netherlands_Gelderland_Zutphen":"Gelderland — Zutphen",
"Netherlands_Groningen":"Groningen",
"Netherlands_Limburg":"Limburg",
"Netherlands_North Brabant_Eindhoven":"Noord-Brabant — Eindhoven",
"Netherlands_North Brabant_Roosendaal":"Noord-Brabant — Roosendaal",
"Netherlands_North Brabant_Tiburg":"Noord-Brabant — Tilburg",
"Netherlands_North Brabant_Uden":"North Brabant — Uden, Hà Lan",
"Netherlands_North Holland_Alkmaar":"North Holland — Alkmaar Hà Lan",
"Netherlands_North Holland_Amsterdam":"Noord-Holland — Amsterdam",
"Netherlands_North Holland_Zaandam":"Noord-Holland — Zaanstad",
"Netherlands_Overijssel_Enschede":"Overijssel — Enschede",
"Netherlands_Overijssel_Zwolle":"Overijssel — Zwolle",
"Netherlands_South Holland_Brielle":"Zuid-Holland — Brielle",
"Netherlands_South Holland_Den Haag":"Zuid-Holland — Den Haag",
"Netherlands_South Holland_Leiden":"Zuid-Holland — Leiden",
"Netherlands_South Holland_Rotterdam":"Zuid-Holland — Rotterdam",
"Netherlands_Utrecht_Amersfoort":"Utrecht — Amersfoort",
"Netherlands_Utrecht_Utrecht":"Utrecht — Utrecht",
"Netherlands_Zeeland":"Zeeland",
"New Jersey":"New Jersey",
"New York":"Tiểu bang New York",
"New Zealand":"New Zealand",
"New Zealand North_Auckland":"Bắc — Auckland",
"New Zealand North_Wellington":"Bắc — Wellington",
"New Zealand South_Canterbury":"Nam — Canterbury",
"New Zealand South_Southland":"Southland Region, New Zealand",
"Nicaragua":"Nicaragua",
"Niger":"Niger",
"Nigeria":"Nigeria",
"Niue":"Niue",
"North Carolina":"Bắc Carolina",
"North Dakota":"Bắc Dakota",
"North Korea":"Cộng hòa Dân chủ Nhân dân Triều Tiên",
"Norway":"Na Uy",
"Norway_Bouvet Island":"Đảo Bouvet",
"Norway_Central":"Oslo",
"Norway_Hedmark":"Hedmark",
"Norway_Jan Mayen":"Jan Mayen",
"Norway_Northern":"Northern Norway, Na Uy",
"Norway_Oppland":"Oppland",
"Norway_Southern":"Southern Norway, Na Uy",
"Norway_Svalbard":"Svalbard",
"Norway_Trondelag":"Trøndelag, Na Uy",
"Norway_Western":"Western Norway, Na Uy",
"Ohio":"Ohio",
"Oklahoma":"Oklahoma",
"Oman":"Oman",
"Oregon":"Oregon",
"Pakistan":"Pakistan",
"Palau":"Palau",
"Palestine":"Nhà nước Palestine",
"Palestine Region":"Nhà nước Palestine",
"Panama":"Panama",
"Papua New Guinea":"Papua New Guinea",
"Paraguay":"Paraguay",
"Pennsylvania":"Pennsylvania",
"People's Republic of China":"Cộng hòa Nhân dân Trung Hoa",
"Peru":"Peru",
"Peru_North":"Peru — Bắc",
"Peru_South":"Peru — Nam",
"Philippines":"Philippines",
"Philippines_Luzon_Manila":"Vùng đô thị Manila",
"Philippines_Luzon_North":"Luzon — Bắc",
"Philippines_Luzon_South":"Luzon — Nam",
"Philippines_Mindanao":"Mindanao",
"Philippines_Visayas":"Visayas",
"Pitcairn Islands":"Quần đảo Pitcairn",
"Poland":"Ba Lan",
"Poland_Greater Poland Voivodeship":"Wielkopolskie",
"Poland_Kuyavian-Pomeranian Voivodeship":"Kujawsko-Pomorskie",
"Poland_Lesser Poland Voivodeship":"Małopolskie",
"Poland_Lodz Voivodeship":"Łódzkie",
"Poland_Lower Silesian Voivodeship":"Dolnośląskie",
"Poland_Lublin Voivodeship":"Lubelskie",
"Poland_Lubusz Voivodeship":"Lubuskie",
"Poland_Masovian Voivodeship":"Mazowieckie",
"Poland_Opole Voivodeship":"Opolskie",
"Poland_Podlaskie Voivodeship":"Podlaskie",
"Poland_Pomeranian Voivodeship":"Pomorskie",
"Poland_Silesian Voivodeship":"Śląskie",
"Poland_Subcarpathian Voivodeship":"Podkarpackie",
"Poland_Swietokrzyskie Voivodeship":"Świętokrzyskie",
"Poland_Warmian-Masurian Voivodeship":"Warmińsko-Mazurskie",
"Poland_West Pomeranian Voivodeship":"Zachodniopomorskie",
"Portugal":"Bồ Đào Nha",
"Portugal_North":"Bồ Đào Nha — Bắc",
"Portugal_South":"Bồ Đào Nha — Nam",
"Qatar":"Qatar",
"Republic of Kosovo":"Kosovo",
"Romania":"Romania",
"Romania_Centre":"Nord-Est, Romania",
"Romania_North_East":"Nord-Vest, Romania",
"Romania_North_West":"Sud, Romania",
"Romania_South":"Sud-Est, Romania",
"Romania_South_East":"Sud-Vest, Romania",
"Romania_South_West":"Vest, Romania",
"Romania_West":"Nord-Est, Romania",
"Russia_Altai Krai":"Altai",
"Russia_Altai Republic":"Cộng hòa Altai",
"Russia_Amur Oblast":"Amur",
"Russia_Arkhangelsk Oblast_Central":"Arkhangelsk — Trung tâm",
"Russia_Arkhangelsk Oblast_North":"Arkhangelsk — Bắc",
"Russia_Astrakhan Oblast":"Astrakhan",
"Russia_Bashkortostan":"Bashkortostan",
"Russia_Belgorod Oblast":"Belgorod",
"Russia_Bryansk Oblast":"Bryansk",
"Russia_Buryatia":"Buryatia",
"Russia_Chechen Republic":"Chechnya",
"Russia_Chelyabinsk Oblast":"Chelyabinsk",
"Russia_Chukotka Autonomous Okrug":"Khu tự trị Chukotka",
"Russia_Chuvashia":"Chuvashia",
"Russia_Ingushetia":"Ingushetiya",
"Russia_Irkutsk Oblast":"Irkutsk",
"Russia_Ivanovo Oblast":"Ivanovo",
"Russia_Jewish Autonomous Oblast":"Tỉnh tự trị Do Thái",
"Russia_Kabardino-Balkaria":"Kabardino-Balkaria",
"Russia_Kaliningrad Oblast":"Kaliningrad",
"Russia_Kaluga Oblast":"Kaluga",
"Russia_Kamchatka Krai":"Kamchatka",
"Russia_Karachay-Cherkessia":"Karachay-Cherkessia",
"Russia_Kemerov Oblast":"Kemerovo",
"Russia_Khabarovsk Krai":"Khabarovsk",
"Russia_Khakassia":"Khakassia",
"Russia_Kirov Oblast":"Kirov",
"Russia_Komi Republic":"Cộng hòa Komi",
"Russia_Kostroma Oblast":"Kostroma",
"Russia_Krasnodar Krai":"Krasnodar — Bắc",
"Russia_Krasnodar Krai_Adygeya":"Krasnodar, Adygea",
"Russia_Krasnoyarsk Krai":"Krasnoyarsk",
"Russia_Kurgan Oblast":"Kurgan",
"Russia_Kursk Oblast":"Kursk",
"Russia_Leningradskaya Oblast_Karelsky":"Leningrad — Bắc",
"Russia_Leningradskaya Oblast_Southeast":"Leningrad — Nam",
"Russia_Lipetsk Oblast":"Lipetsk",
"Russia_Magadan Oblast":"Magadan",
"Russia_Mari El":"Cộng hòa Mari El",
"Russia_Moscow":"Moskva",
"Russia_Moscow Oblast":"Moskva",
"Russia_Murmansk Oblast":"Murmansk",
"Russia_Nenets Autonomous Okrug":"Nenetsia",
"Russia_Nizhny Novgorod Oblast":"Nizhny Novgorod",
"Russia_North Ossetia-Alania":"Bắc Osetiya-Alaniya",
"Russia_Novgorod Oblast":"Novgorod",
"Russia_Novosibirsk Oblast":"Novosibirsk",
"Russia_Omsk Oblast":"Omsk",
"Russia_Orenburg Oblast":"Orenburg",
"Russia_Oryol Oblast":"Oryol",
"Russia_Penza Oblast":"Penza",
"Russia_Perm Krai":"Perm",
"Russia_Primorsky Krai":"Primorsky",
"Russia_Pskov Oblast":"Pskov",
"Russia_Republic of Dagestan":"Dagestan",
"Russia_Republic of Kalmykia":"Kalmykia",
"Russia_Republic of Karelia":"Cộng hòa Kareliya",
"Russia_Republic of Mordovia":"Mordovia",
"Russia_Rostov Oblast":"Rostov",
"Russia_Ryazan Oblast":"Ryazan",
"Russia_Saint Petersburg":"Sankt-Peterburg",
"Russia_Sakha Republic":"Cộng hòa Sakha",
"Russia_Sakhalin Oblast":"Sakhalin",
"Russia_Samara Oblast":"Samara",
"Russia_Saratov Oblast":"Saratov",
"Russia_Smolensk Oblast":"Smolensk",
"Russia_Stavropol Krai":"Stavropol",
"Russia_Sverdlovsk Oblast":"Sverdlovsk",
"Russia_Tambov Oblast":"Tambov",
"Russia_Tatarstan":"Tatarstan",
"Russia_Tomsk Oblast":"Tomsk",
"Russia_Tula Oblast":"Tula",
"Russia_Tuva":"Tuva",
"Russia_Tver Oblast":"Tver",
"Russia_Tyumen Oblast":"Tyumen",
"Russia_Udmurt Republic":"Udmurtia",
"Russia_Ulyanovsk Oblast":"Ulyanovsk",
"Russia_Vladimir Oblast":"Vladimir",
"Russia_Volgograd Oblast":"Volgograd",
"Russia_Vologda Oblast":"Vologda",
"Russia_Voronezh Oblast":"Voronezh",
"Russia_Yamalo-Nenets Autonomous Okrug":"Yamalo-Nenets",
"Russia_Yaroslavl Oblast":"Yaroslavl",
"Russia_Yugra":"Khantia-Mansia",
"Russia_Zabaykalsky Krai":"Zabaykalsky",
"Russian Federation":"Nga",
"Rwanda":"Rwanda",
"Sahrawi Arab Democratic Republic":"Cộng hòa Dân chủ Ả Rập Xarauy",
"Saint Barthelemy":"Saint-Barthélemy",
"Saint Helena Ascension and Tristan da Cunha":"Saint Helena, Ascension và Tristan da Cunha",
"Saint Kitts and Nevis":"Saint Kitts và Nevis",
"Saint Lucia":"Saint Lucia",
"Saint Martin":"Saint-Martin",
"Saint Vincent and the Grenadines":"Saint Vincent và Grenadines",
"Samoa":"Samoa",
"San Marino":"San Marino",
"Sao Tome and Principe":"São Tomé và Príncipe",
"Saudi Arabia":"Ả Rập Saudi",
"Senegal":"Sénégal",
"Serbia":"Serbia",
"Seychelles":"Seychelles",
"Sierra Leone":"Sierra Leone",
"Singapore":"Singapore",
"Slovakia":"Slovakia",
"Slovakia_Region of Banska Bystrica":"Banská Bystrica Region, Slovakia",
"Slovakia_Region of Bratislava":"Bratislava",
"Slovakia_Region of Kosice":"Košice Region, Slovakia",
"Slovakia_Region of Nitra":"Nitra",
"Slovakia_Region of Presov":"Vùng Prešov",
"Slovakia_Region of Trencin":"Trenčín",
"Slovakia_Region of Trnava":"Trnava",
"Slovakia_Region of Zilina":"Žilina Region, Slovakia",
"Slovenia":"Slovenia",
"Solomon Islands":"Quần đảo Solomon",
"Somalia":"Somalia",
"South Africa":"Cộng hòa Nam Phi",
"South Africa_Eastern Cape":"Đông Cape",
"South Africa_Free State":"Free State",
"South Africa_Gauteng":"Gauteng",
"South Africa_KwaZulu-Natal":"KwaZulu-Natal",
"South Africa_Limpopo":"Limpopo",
"South Africa_Mpumalanga":"Mpumalanga",
"South Africa_North West":"Tây Bắc",
"South Africa_Northern Cape":"Bắc Cape",
"South Africa_Western Cape":"Tây Cape",
"South Carolina":"Nam Carolina",
"South Georgia and the South Sandwich Islands":"Nam Georgia và Quần đảo Nam Sandwich",
"South Korea":"Hàn Quốc",
"South Korea_North":"Hàn Quốc — Bắc",
"South Korea_South":"Hàn Quốc — Nam",
"South Ossetia":"Nam Ossetia",
"South Sudan":"Nam Sudan",
"Spain":"Tây Ban Nha",
"Spain_Andalusia":"Andalusia",
"Spain_Aragon":"Aragon",
"Spain_Balearic Islands":"Quần đảo Baleares",
"Spain_Basque Country":"Xứ Basque",
"Spain_Canary Islands":"Quần đảo Canaria",
"Spain_Cantabria":"Cantabria",
"Spain_Castile and Leon":"Castilla và León",
"Spain_Castile-La Mancha":"Castile-La Mancha",
"Spain_Catalonia_Provincia de Barcelona":"Barcelona",
"Spain_Catalonia_Provincia de Girona":"Girona",
"Spain_Catalonia_Provincia de Lleida":"Lérida",
"Spain_Catalonia_Provincia de Tarragona":"Tarragona",
"Spain_Ceuta":"Ceuta",
"Spain_Community of Madrid":"Cộng đồng Madrid",
"Spain_Comunidad Foral de Navarra":"Navarra",
"Spain_Extremadura":"Extremadura",
"Spain_Galicia":"Galicia",
"Spain_La Rioja":"La Rioja",
"Spain_Melilla":"Melilla",
"Spain_Principado de Asturias":"Asturias",
"Spain_Region de Murcia":"Vùng Murcia",
"Spain_Valencian Community":"Cộng đồng Valencia",
"Sri Lanka":"Sri Lanka",
"Sudan":"Sudan",
"Suriname":"Suriname",
"Swaziland":"Swaziland",
"Sweden":"Thụy Điển",
"Sweden_Bergslagen":"Bergslagen, Thụy Điển",
"Sweden_Malardalen":"Mälardalen, Thụy Điển",
"Sweden_Mellannorrland":"Mellannorrland, Thụy Điển",
"Sweden_Norra Sverige":"Norra Sverige, Thụy Điển",
"Sweden_Ostra Gotaland":"Ostra Götaland, Thụy Điển",
"Sweden_Sodra Gotaland":"Södra Götaland, Thụy Điển",
"Sweden_Vastra Gotaland":"Västra Götaland, Thụy Điển",
"Switzerland":"Thụy Sĩ",
"Switzerland_Central":"Central Switzerland, Thụy Sĩ",
"Switzerland_Eastern":"Đông Thụy Sĩ",
"Switzerland_Espace Mittelland":"Espace Mittelland, Thụy Sĩ",
"Switzerland_Lake Geneva region":"Lake Geneva region, Thụy Sĩ",
"Switzerland_Northwestern":"Northwestern Switzerland, Thụy Sĩ",
"Switzerland_Ticino":"Ticino",
"Switzerland_Zurich":"Vùng đô thị Zürich",
"Syria":"Syria",
"Taiwan":"Trung Hoa Dân Quốc",
"Tajikistan":"Tajikistan",
"Tanzania":"Tanzania",
"Tennessee":"Tennessee",
"Texas":"Texas",
"Thailand":"Thái Lan",
"Thailand_North":"Thái Lan — Bắc",
"Thailand_South":"Thái Lan — Nam",
"The Bahamas":"Bahamas",
"The Gambia":"Gambia",
"Togo":"Togo",
"Tokelau":"Tokelau",
"Tonga":"Tonga",
"Trinidad and Tobago":"Trinidad và Tobago",
"Tunisia":"Tunisia",
"Turkey":"Thổ Nhĩ Kỳ",
"Turkey_Aegean Region":"Aegean Region, Thổ Nhĩ Kỳ",
"Turkey_Black Sea Region":"Black Sea Region, Thổ Nhĩ Kỳ",
"Turkey_Eastern Anatolia Region":"Eastern Anatolia Region, Thổ Nhĩ Kỳ",
"Turkey_Marmara Region":"Marmara Region, Thổ Nhĩ Kỳ",
"Turkey_Mediterranean Region":"Mediterranean Region, Thổ Nhĩ Kỳ",
"Turkey_Southeastern Anatolia Region":"Southeastern Anatolia Region, Thổ Nhĩ Kỳ",
"Turkmenistan":"Turkmenistan",
"Turks and Caicos Islands":"Quần đảo Turks và Caicos",
"Tuvalu":"Tuvalu",
"UK_England_East Midlands":"East Midlands, Vương quốc Anh",
"UK_England_East of England_Essex":"East of England — Essex, Vương quốc Anh",
"UK_England_East of England_Norfolk":"East of England — Norfolk, Vương quốc Anh",
"UK_England_Greater London":"Đại Luân Đôn",
"UK_England_North East England":"North East England, Vương quốc Anh",
"UK_England_North West England":"North West England, Vương quốc Anh",
"UK_England_South East_Brighton":"Đông Nam Anh — Brighton",
"UK_England_South East_Oxford":"Đông Nam Anh — Oxford",
"UK_England_South West England_Bristol":"South West England — Bristol, Vương quốc Anh",
"UK_England_South West England_Cornwall":"South West England — Cornwall, Vương quốc Anh",
"UK_England_West Midlands":"West Midlands, Vương quốc Anh",
"UK_England_Yorkshire and the Humber":"Yorkshire and the Humber, Vương quốc Anh",
"UK_Northern Ireland":"Bắc Ireland",
"UK_Scotland_North":"Scotland — Bắc",
"UK_Scotland_South":"Scotland — Nam",
"UK_Wales":"Wales",
"US_Alabama_Birmingham":"Birmingham",
"US_Alabama_Montgomery":"Montgomery, Alabama",
"US_Alaska":"Alaska",
"US_Arizona_Flagstaff":"Flagstaff",
"US_Arizona_Phoenix":"Phoenix",
"US_Arizona_Tucson":"Tucson, Arizona",
"US_Arkansas":"Arkansas",
"US_California_Bakersfield_Bakersfield":"Bakersfield, California",
"US_California_Bakersfield_Lancaster":"Lancaster",
"US_California_Chico":"Chico, California",
"US_California_LA":"Los Angeles",
"US_California_LA North":"Los Angeles — Bắc",
"US_California_Redding":"Redding",
"US_California_Sacramento_Fresno":"Fresno",
"US_California_Sacramento_Sacramento":"Sacramento",
"US_California_Sacramento_Stockton":"Stockton, California",
"US_California_San Diego":"San Diego",
"US_California_Santa_Clara_Palo Alto":"San Francisco",
"US_California_Santa_Clara_Santa Cruz":"Santa Cruz",
"US_Colorado_Aspen":"Aspen",
"US_Colorado_Denver":"Denver",
"US_Colorado_South":"Colorado — Nam",
"US_Connecticut":"Connecticut",
"US_Delaware":"Delaware",
"US_Florida_Jacksonville":"Jacksonville, Florida",
"US_Florida_Miami":"Miami",
"US_Florida_Orlando":"Orlando, Florida",
"US_Florida_Tampa":"Tampa, Florida",
"US_Georgia":"Georgia",
"US_Georgia_Atlanta":"Atlanta",
"US_Georgia_Macon":"Macon",
"US_Georgia_North":"Georgia — Bắc",
"US_Georgia_South":"Georgia — Nam",
"US_Guam":"Guam",
"US_Hawaii":"Hawaii",
"US_Idaho":"Idaho",
"US_Illinois_Chickago":"Chicago",
"US_Illinois_Elgin":"Elgin",
"US_Illinois_Rockford":"Rockford",
"US_Illinois_South":"Illinois — Nam",
"US_Illinois_Springfield":"Springfield",
"US_Indiana_North":"Indiana — Bắc",
"US_Indiana_South":"Indiana — Nam",
"US_Iowa_Des Moines":"Des Moines",
"US_Iowa_Waterloo":"Waterloo",
"US_Iowa_West":"Iowa — Tây",
"US_Kansas_East":"Kansas — Đông",
"US_Kansas_West":"Kansas — Tây",
"US_Kentucky_East":"Kentucky — Đông",
"US_Kentucky_West":"Kentucky — Tây",
"US_Louisiana_Central":"Louisiana — Tây",
"US_Louisiana_New Orleans":"New Orleans",
"US_Maine":"Maine",
"US_Maryland_Baltimore":"Baltimore",
"US_Maryland_and_DC":"Tây, Washington",
"US_Massachusetts_Boston":"Boston",
"US_Massachusetts_Central":"Worcester, Massachusetts",
"US_Massachusetts_Plymouth":"Plymouth, Hoa Kỳ",
"US_Massachusetts_Southeastern":"Barnstable, Massachusetts",
"US_Massachusetts_West":"Springfield, Massachusetts",
"US_Michigan_Detroit":"Detroit",
"US_Michigan_North":"Michigan — Bắc",
"US_Michigan_South":"Michigan — Nam",
"US_Minnesota_Minneapolis":"Minneapolis",
"US_Minnesota_North":"Minnesota — Bắc",
"US_Minnesota_Rochester":"Rochester",
"US_Minnesota_Saint Cloud":"St. Cloud",
"US_Mississippi":"Mississippi",
"US_Missouri_East":"Missouri — Đông",
"US_Missouri_West":"Missouri — Tây",
"US_Montana":"Montana",
"US_Nebraska":"Nebraska",
"US_Nevada":"Nevada",
"US_New Hampshire":"New Hampshire",
"US_New Jersey_North":"New Jersey — Bắc",
"US_New Jersey_South":"New Jersey — Nam",
"US_New Mexico":"New Mexico",
"US_New York_East":"Tiểu bang New York — Đông",
"US_New York_New York":"Tiểu bang New York — Thành phố New York",
"US_New York_North":"Tiểu bang New York — Bắc",
"US_New York_West":"Tiểu bang New York — Tây",
"US_North Carolina_Asheville":"Asheville, Hoa Kỳ",
"US_North Carolina_Charlotte":"Charlotte, Bắc Carolina",
"US_North Carolina_Greensboro":"Greensboro, Bắc Carolina",
"US_North Carolina_Raleigh":"Raleigh, Bắc Carolina",
"US_North Carolina_Wilmington":"Wilmington, Bắc Carolina",
"US_North Carolina_Wilson":"Wilson, Bắc Carolina",
"US_North Dakota_Bismarck":"Bismarck, Bắc Dakota",
"US_North Dakota_East":"Fargo, Bắc Dakota",
"US_North Dakota_Minot":"Minot, Hoa Kỳ",
"US_Ohio_Cleveland":"Cleveland",
"US_Ohio_Dayton":"Dayton",
"US_Oklahoma_East":"Oklahoma — Đông",
"US_Oklahoma_West":"Oklahoma — Tây",
"US_Oregon_Eugene":"Eugene",
"US_Oregon_Portland":"Portland, Oregon",
"US_Oregon_West":"Oregon — Tây",
"US_Pennsylvania_Central":"Altoona, Pennsylvania",
"US_Pennsylvania_Pittsburgh":"Pittsburgh",
"US_Pennsylvania_Reading":"Reading",
"US_Pennsylvania_Scranton":"Scranton",
"US_Puerto Rico":"Puerto Rico",
"US_Rhode Island":"Rhode Island",
"US_South Carolina_Columbia":"Columbia, Nam Carolina",
"US_South Carolina_Florence":"Florence, Hoa Kỳ",
"US_South Dakota":"Nam Dakota",
"US_Tennessee_East":"Tennessee — Đông",
"US_Tennessee_West":"Tennessee — Tây",
"US_Texas_Austin":"Austin",
"US_Texas_Dallas":"Dallas, Texas",
"US_Texas_Houston":"Houston, Texas",
"US_Texas_Northwest":"Amarillo, Texas",
"US_Texas_San Antonio":"San Antonio",
"US_Texas_Southwest":"Laredo, Texas",
"US_Texas_Tyler":"Tyler",
"US_Texas_Wako":"Waco, Texas",
"US_Texas_West":"Odessa, Texas",
"US_United States Minor Outlying Islands":"Các tiểu đảo xa của Hoa Kỳ",
"US_Utah":"Utah",
"US_Vermont":"Vermont",
"US_Virginia_Chesapeake":"Chesapeake, Virginia",
"US_Virginia_Lynchburg":"Lynchburg",
"US_Virginia_Richmond":"Richmond",
"US_Virginia_Roanoke":"Roanoke",
"US_Washington_Coast":"Tacoma",
"US_Washington_Seattle":"Seattle",
"US_Washington_Yakima":"Yakima",
"US_West Virginia":"Tây Virginia",
"US_Wisconsin_Milwaukee":"Milwaukee",
"US_Wisconsin_North":"Eau Claire",
"US_Wyoming":"Wyoming",
"Uganda":"Uganda",
"Ukraine":"Ukraina",
"Ukraine_Cherkasy Oblast":"Cherkasy",
"Ukraine_Chernihiv Oblast":"Chernihiv",
"Ukraine_Chernivtsi Oblast":"Chernivtsi",
"Ukraine_Dnipropetrovsk Oblast":"Dnipropetrovsk",
"Ukraine_Donetsk Oblast":"Donetsk (tỉnh)",
"Ukraine_Ivano-Frankivsk Oblast":"Ivano-Frankivsk",
"Ukraine_Kharkiv Oblast":"Kharkiv",
"Ukraine_Kherson Oblast":"Kherson",
"Ukraine_Khmelnytskyi Oblast":"Khmelnytskyi",
"Ukraine_Kirovohrad Oblast":"Kirovohrad",
"Ukraine_Kyiv Oblast":"Kiev",
"Ukraine_Luhansk Oblast":"Luhansk",
"Ukraine_Lviv Oblast":"Lviv",
"Ukraine_Mykolaiv Oblast":"Mykolaiv",
"Ukraine_Odessa Oblast":"Odessa",
"Ukraine_Poltava Oblast":"Poltava",
"Ukraine_Rivne Oblast":"Rivne",
"Ukraine_Sumy Oblast":"Sumi",
"Ukraine_Ternopil Oblast":"Ternopil",
"Ukraine_Vinnytsia Oblast":"Vinnytsia",
"Ukraine_Volyn Oblast":"Volyn",
"Ukraine_Zakarpattia Oblast":"Zakarpattia Oblast, Ukraine",
"Ukraine_Zaporizhia Oblast":"Zaporizhia",
"Ukraine_Zhytomyr Oblast":"Zhytomyr",
"United Arab Emirates":"Các Tiểu vương quốc Ả Rập Thống nhất",
"United Kingdom":"Vương quốc Liên hiệp Anh và Bắc Ireland",
"United States Virgin Islands":"Quần đảo Virgin thuộc Mỹ",
"United States of America":"Hoa Kỳ",
"Uruguay":"Uruguay",
"Uzbekistan":"Uzbekistan",
"Vanuatu":"Vanuatu",
"Venezuela":"Venezuela",
"Vietnam":"Việt Nam",
"Virginia":"Virginia",
"Wallis and Futuna":"Wallis và Futuna",
"Washington":"Washington",
"Willis Island":"Đảo Willis",
"Wisconsin":"Wisconsin",
"Yemen":"Yemen",
"Zambia":"Zambia",
"Zimbabwe":"Zimbabwe",
"Argentina_Santa Fe":"Santa Fe",
"Australia_Brisbane":"Brisbane",
"Australia_Sydney":"Sydney",
"Austria_Styria_Graz":"Steiermark — Graz",
"Austria_Styria_Leoben":"Steiermark — Leoben",
"Austria_Upper Austria_Linz":"Oberösterreich — Linz",
"Austria_Upper Austria_Wels":"Oberösterreich — Wels",
"Bolivia_North":"Bolivia — Bắc",
"Bolivia_South":"Bolivia — Nam",
"Brazil_Goias_Brasilia":"Goiás — Brasilia",
"Brazil_Goias_North":"Goiás — Bắc",
"Brazil_North Region_East":"North Region — Đông",
"Brazil_North Region_West":"North Region — Tây",
"Brazil_Northeast Region_East":"Northeast Region — Đông",
"Brazil_Northeast Region_West":"Northeast Region — Tây",
"Brazil_Parana_East":"Paraná — Đông",
"Brazil_Parana_West":"Paraná — Tây",
"Brazil_South Region_East":"Southern Region — Đông",
"Brazil_South Region_West":"Southern Region — Tây",
"Bulgaria_East":"Bulgaria — Đông",
"Bulgaria_West":"Bulgaria — Tây",
"Canada_Ontario_Northeastern_W":"Wawa",
"Chile_Central":"Chile — Trung tâm",
"Congo-Kinshasa_Kivu":"Kivu",
"Congo-Kinshasa_West":"Cộng hòa Dân chủ Congo — Tây",
"Croatia_Central":"Croatia — Trung tâm",
"Croatia_West":"Croatia — Tây",
"Ecuador_East":"Ecuador — Đông",
"Ecuador_West":"Ecuador — Tây",
"Finland_Eastern Finland_North":"Đông Phần Lan — Bắc",
"Finland_Eastern Finland_South":"Đông Phần Lan — Nam",
"Finland_Western Finland_Jyvaskyla":"Tây Phần Lan — Jyväskylä",
"Finland_Western Finland_Tampere":"Tây Phần Lan — Tampere",
"France_Free County_North":"Franche-Comté — Bắc",
"France_Free County_South":"Franche-Comté — Nam",
"France_Pays de la Loire_Loire-Atlantique_Nantes":"Loire-Atlantique — Nantes",
"France_Pays de la Loire_Loire-Atlantique_Saint-Nazaire":"Loire-Atlantique — Saint-Nazaire",
"Germany_Free State of Bavaria_Upper Bavaria_South":"Oberbayern — Nam",
"India_Karnataka_North":"Karnataka — Bắc",
"India_Karnataka_South":"Karnataka — Nam",
"Iran_East":"Iran — Đông",
"Iraq_North":"Iraq — Bắc",
"Iraq_South":"Iraq — Nam",
"Japan_Chubu Region_Aichi_Nagoya":"Aichi — Nagoya",
"Japan_Chubu Region_Aichi_Toyohashi":"Aichi — Toyohashi",
"Japan_Hokkaido Region_Sapporo":"Sapporo",
"Japan_Kinki Region_Osaka_Osaka":"Thành phố Ōsaka",
"Japan_Kinki Region_Osaka_West":"Ōsaka — Tây",
"Kazakhstan_North":"Kazakhstan — Bắc",
"Kazakhstan_South":"Kazakhstan — Nam",
"Lithuania_East":"Litva — Đông",
"Lithuania_West":"Litva — Tây",
"Mexico_Chihuahua":"Chihuahua",
"Mexico_Sonora":"Sonora",
"Nepal_Kathmandu":"Kathmandu",
"Nepal_Madhyamanchal":"Trung Nepal",
"Nepal_Purwanchal":"Đông Nepal",
"Nigeria_North":"Nigeria — Bắc",
"Nigeria_South":"Nigeria — Nam",
"Norway_Hordaland":"Hordaland",
"Norway_Nordland":"Nordland",
"Norway_North Trondelag":"Nord-Trøndelag",
"Norway_Rogaland":"Rogaland",
"Norway_South Trondelag":"Sør-Trøndelag",
"Peru_Lima":"Lima",
"Portugal_Islands":"Khu vực Trung tâm",
"Portugal_Viseu":"Khu vực Phía đông",
"Russia_Krasnoyarsk Krai_North":"Krasnoyarsk — Bắc",
"Russia_Krasnoyarsk Krai_South":"Krasnoyarsk — Nam",
"Russia_Moscow Oblast_East":"Moskva — Đông",
"Russia_Moscow Oblast_West":"Moskva — Tây",
"Russia_Perm Krai_North":"Perm — Bắc",
"Russia_Perm Krai_South":"Perm — Nam",
"Russia_Republic of Karelia_North":"Cộng hòa Kareliya — Bắc",
"Russia_Republic of Karelia_South":"Cộng hòa Kareliya — Nam",
"Russia_Sverdlovsk Oblast_North":"Sverdlovsk — Bắc",
"Russia_Sverdlovsk Oblast_Ekaterinburg":"Sverdlovsk — Yekaterinburg",
"Russia_Yugra_Khanty":"Khantia-Mansia — Khanty-Mansiysk",
"Russia_Yugra_Surgut":"Khantia-Mansia — Surgut",
"Saudi Arabia_North":"Ả Rập Saudi — Bắc",
"Saudi Arabia_South":"Ả Rập Saudi — Nam",
"Slovenia_East":"Slovenia — Đông",
"Slovenia_West":"Slovenia — Tây",
"Spain_Andalusia_Granada":"Andalusia — Granada",
"Spain_Andalusia_Sevilla":"Andalusia — Sevilla",
"Spain_Castile and Leon_East":"Castilla và León — Đông",
"Spain_Castile and Leon_West":"Castilla và León — Tây",
"Spain_Galicia_North":"Galicia — Bắc",
"Spain_Galicia_South":"Galicia — Nam",
"Sudan_East":"Sudan — Đông",
"Sudan_West":"Sudan — Tây",
"Sweden_Stockholm":"Stockholm",
"Switzerland_Espace Mittelland_Bern":"Espace Mittelland — Bern",
"Switzerland_Espace Mittelland_East":"Espace Mittelland — Đông",
"Taiwan_North":"Trung Hoa Dân Quốc — Bắc",
"Taiwan_South":"Trung Hoa Dân Quốc — Nam",
"Thailand_Central":"Thái Lan — Trung tâm",
"Turkey_Central Anatolia Region_Ankara":"Miền Trung Anatolia — Ankara",
"Turkey_Central Anatolia Region_Kayseri":"Miền Trung Anatolia — Kayseri",
"Turkey_Marmara Region_Bursa":"Vùng Marmara — Bursa",
"Turkey_Marmara Region_Istanbul":"Vùng Marmara — Istanbul",
"US_Arkansas_North":"Arkansas — Bắc",
"US_Arkansas_South":"Arkansas — Nam",
"US_Florida_Gainesvile":"Gainesville",
"US_Idaho_North":"Idaho — Bắc",
"US_Idaho_South":"Idaho — Nam",
"US_Indiana_Evansville":"Evansville",
"US_Indiana_Indianapolis":"Indianapolis",
"US_Kansas_Wichita":"Wichita, Kansas",
"US_Kentucky_Louisville":"Louisville",
"US_Michigan_Grand Rapids":"Grand Rapids",
"US_Michigan_Lansing":"Lansing",
"US_Mississippi_Gulfport":"Gulfport",
"US_Mississippi_North":"Mississippi — Bắc",
"US_Missouri_Kansas":"Kansas City",
"US_Missouri_Springfield":"Springfield",
"US_Missouri_St Louis":"St. Louis",
"US_Montana_East":"Montana — Đông",
"US_Montana_West":"Montana — Tây",
"US_Nebraska_East":"Nebraska — Đông",
"US_Nebraska_West":"Nebraska — Tây",
"US_New Mexico_Albuquerque":"Albuquerque, New Mexico",
"US_New Mexico_Roswell":"Roswell, New Mexico",
"US_Ohio_Cincinnati":"Cincinnati",
"US_Ohio_Columbus":"Columbus",
"US_Ohio_Toledo":"Toledo, Ohio",
"US_Oklahoma_Oklahoma":"Oklahoma City",
"US_Oklahoma_Tulsa":"Tulsa",
"US_South Carolina_Charleston":"Charleston, Nam Carolina",
"US_Texas_Amarillo":"Amarillo, Texas",
"US_Texas_Lubbock":"Lubbock, Texas",
"US_Utah_North":"Utah — Bắc",
"US_Utah_South":"Utah — Nam",
"US_Virginia_Alexandria":"Alexandria, Virginia",
"US_Wisconsin_Eau Claire":"Eau Claire",
"US_Wisconsin_Madison":"Madison",
"Venezuela_North":"Venezuela — Bắc",
"Venezuela_South":"Venezuela — Nam",
"Argentina_Buenos Aires_Buenos Aires":"Buenos Aires",
"Canada_Quebek_Lachute":"Lachute",
"Canada_Saskatchewan_Regina":"Regina",
"Canada_Saskatchewan_Saskatoon":"Saskatoon",
"Germany_Lower Saxony_Braunschweig":"Braunschweig",
"Germany_Saxony-Anhalt_Halle":"Sachsen-Anhalt — Halle",
"Germany_Saxony-Anhalt_Magdeburg":"Sachsen-Anhalt — Magdeburg",
"Germany_Schleswig-Holstein_Flensburg":"Schleswig-Holstein — Flensburg",
"Germany_Schleswig-Holstein_Kiel":"Schleswig-Holstein — Kiel",
"Portugal_Porto":"Porto",
"UK_England_North West England_Lancaster":"Vùng Tây Bắc nước Anh — Lancaster",
"UK_England_North West England_Manchester":"Vùng Tây Bắc nước Anh — Manchester",
"US_Florida_Gainesville":"Gainesville",
"US_Texas_Victoria":"Victoria, Texas",
"US_Virginia_Norfolk":"Norfolk, Virginia"
}
