{
"Abkhazia":"Abecásia",
"Afghanistan":"Afeganistão",
"Alabama":"Alabama",
"Albania":"Albânia",
"Algeria":"Argélia",
"Algeria_Central":"Argélia — Centro",
"Algeria_Coast":"Argélia — Norte",
"Andorra":"Andorra",
"Angola":"Angola",
"Anguilla":"Anguilla",
"Antarctica":"Antártica",
"Antigua and Barbuda":"Antígua e Barbuda",
"Argentina":"Argentina",
"Argentina_Buenos Aires_North":"Buenos Aires — Norte",
"Argentina_Buenos Aires_South":"Buenos Aires — Sul",
"Argentina_Cuyo":"Cuyo",
"Argentina_Mesopotamia":"Mesopotâmia argentina",
"Argentina_Northwest":"Noroeste argentino",
"Argentina_Pampas":"Pampas",
"Argentina_Patagonia":"Patagónia",
"Arizona":"Arizona",
"Armenia":"Arménia",
"Australia":"Austrália",
"Australia_Melbourne":"Melbourne",
"Australia_New South Wales":"Nova Gales do Sul",
"Australia_Northern Territory":"Território do Norte",
"Australia_Queensland":"Queensland",
"Australia_South Australia":"Austrália Meridional",
"Australia_Tasmania":"Tasmânia",
"Australia_Victoria":"Vitória",
"Australia_Western Australia":"Austrália Ocidental",
"Austria":"Áustria",
"Austria_Burgenland":"Burgenland",
"Austria_Carinthia":"Caríntia",
"Austria_Lower Austria_West":"Baixa Áustria — Oeste",
"Austria_Lower Austria_Wien":"Viena",
"Austria_Salzburg":"Salzburgo",
"Austria_Styria":"Estíria",
"Austria_Tyrol":"Tirol",
"Austria_Upper Austria":"Alta Áustria",
"Austria_Vorarlberg":"Vorarlberg",
"Azerbaijan":"Azerbaijão",
"Azerbaijan Region":"Azerbaijão",
"Bahrain":"Bahrein",
"Bangladesh":"Bangladesh",
"Barbados":"Barbados",
"Belarus":"Bielorrússia",
"Belarus_Brest Region":"Brest",
"Belarus_Homiel Region":"Voblast de Homiel",
"Belarus_Hrodna Region":"Hrodna",
"Belarus_Maglieu Region":"Voblast de Mahilou",
"Belarus_Minsk Region":"Voblast de Minsk",
"Belarus_Vitebsk Region":"Voblast de Viciebsk",
"Belgium":"Bélgica",
"Belgium_Antwerp":"Antuérpia",
"Belgium_East Flanders":"Flandres Oriental",
"Belgium_Flemish Brabant":"Brabante Flamengo",
"Belgium_Hainaut":"Hainaut",
"Belgium_Liege":"Liège",
"Belgium_Limburg":"Limburgo",
"Belgium_Luxembourg":"Luxemburgo",
"Belgium_Namur":"Namur",
"Belgium_Walloon Brabant":"Brabante Valão",
"Belgium_West Flanders":"Flandres Ocidental",
"Belize":"Belize",
"Benin":"Benim",
"Bermuda":"Bermudas",
"Bhutan":"Butão",
"Bolivia":"Bolívia",
"Bosnia and Herzegovina":"Bósnia e Herzegovina",
"Bosnia and Herzegovina_Brcko district of Bosnia and Herzegowina":"Distrito de Brčko",
"Bosnia and Herzegovina_Entity Federation of Bosnia and Herzegovina":"Federação da Bósnia e Herzegovina",
"Bosnia and Herzegovina_Republic of Srpska":"República Sérvia",
"Botswana":"Botsuana",
"Brazil":"Brasil",
"Brazil_Bahia":"Bahia",
"Brazil_Goias":"Goiás",
"Brazil_Mato Grosso":"Mato Grosso",
"Brazil_Mato Grosso Do Sul":"Mato Grosso do Sul",
"Brazil_North Region":"Região Norte do Brasil",
"Brazil_Northeast Region":"Região Nordeste do Brasil",
"Brazil_Paraiba":"Paraíba",
"Brazil_Parana":"Paraná",
"Brazil_Rio Grande do Norte":"Rio Grande do Norte",
"Brazil_Santa Catarina":"Santa Catarina",
"Brazil_South Region":"Região Sul do Brasil",
"Brazil_Southeast Region_Espirito Santo":"Espírito Santo",
"Brazil_Southeast Region_Minas Gerais_Contagem":"Minas Gerais — Contagem",
"Brazil_Southeast Region_Minas Gerais_North":"Minas Gerais — Norte",
"Brazil_Southeast Region_Rio de Janeiro":"Rio de Janeiro",
"Brazil_Southeast Region_Sao Paulo_Campinas":"São Paulo — Campinas",
"Brazil_Southeast Region_Sao Paulo_City":"São Paulo — Santos",
"Brazil_Southeast Region_Sao Paulo_West":"São Paulo — Ribeirão Preto",
"British Indian Ocean Territory":"Território Britânico do Oceano Índico",
"British Virgin Islands":"Ilhas Virgens Britânicas",
"Brunei":"Brunei",
"Bulgaria":"Bulgária",
"Burkina Faso":"Burkina Faso",
"Burundi":"Burundi",
"California":"Califórnia",
"Cambodia":"Camboja",
"Cameroon":"Camarões",
"Cameroon_Central":"Camarões — Centro",
"Cameroon_West":"Camarões — Oeste",
"Campo de Hielo Sur":"Campo de gelo do sul da Patagónia",
"Canada":"Canadá",
"Canada_Alberta":"Alberta",
"Canada_Alberta_Edmonton":"Edmonton",
"Canada_Alberta_North":"Alberta — Norte",
"Canada_Alberta_South":"Alberta — Sul",
"Canada_British Columbia":"Colúmbia Britânica",
"Canada_British Columbia_Central":"Colúmbia Britânica — Centro",
"Canada_British Columbia_Far_North":"Colúmbia Britânica — Leste",
"Canada_British Columbia_Islands":"Ilha Vancouver",
"Canada_British Columbia_North":"Colúmbia Britânica — Oeste",
"Canada_British Columbia_Northeast":"Colúmbia Britânica — Norte",
"Canada_British Columbia_Southeast":"Kelowna",
"Canada_British Columbia_Vancouver":"Vancouver",
"Canada_Labrador":"Labrador",
"Canada_Labrador_North":"Labrador — Norte",
"Canada_Labrador_South":"Labrador — Sul",
"Canada_Labrador_West":"Labrador — Oeste",
"Canada_Manitoba":"Manitoba",
"Canada_Manitoba_Northeast":"Manitoba — Norte",
"Canada_Manitoba_Northwest":"Manitoba — Oeste",
"Canada_Manitoba_South":"Brandon",
"Canada_Manitoba_Winnipeg":"Winnipeg",
"Canada_New Brunswick":"Nova Brunswick",
"Canada_Newfoundland":"Terra Nova",
"Canada_Newfoundland_East":"Terra Nova — Leste",
"Canada_Newfoundland_North":"Terra Nova — Norte",
"Canada_Newfoundland_South":"Terra Nova — Sul",
"Canada_Newfoundland_West":"Terra Nova — Oeste",
"Canada_Northwest Territories":"Territórios do Noroeste",
"Canada_Northwest Territories_East":"Territórios do Noroeste — Leste",
"Canada_Northwest Territories_North":"Territórios do Noroeste — Norte",
"Canada_Northwest Territories_Yellowknife":"Yellowknife",
"Canada_Nova Scotia":"Nova Escócia",
"Canada_Nova Scotia_Halifax":"Halifax",
"Canada_Nova Scotia_Sydney":"Sydney",
"Canada_Nunavut":"Nunavut",
"Canada_Nunavut_North":"Nunavut — Norte",
"Canada_Nunavut_South":"Nunavut — Sul",
"Canada_Ontario":"Ontário",
"Canada_Ontario_Bame":"Barrie",
"Canada_Ontario_Kingston":"Kingston",
"Canada_Ontario_London":"London",
"Canada_Ontario_Northeastern_Central":"Timmins",
"Canada_Ontario_Northeastern_North":"Moose Factory",
"Canada_Ontario_Northeastern_S":"Sudbury",
"Canada_Ontario_Northeastern_SE":"North Bay",
"Canada_Ontario_Northeastern_SW":"Sault Ste. Marie",
"Canada_Ontario_Northeastern_Wawa":"Wawa",
"Canada_Ontario_Northern":"Thunder Bay",
"Canada_Ontario_Northwestern":"Ontário — Norte",
"Canada_Ontario_Toronto":"Toronto",
"Canada_Prince Edward Island":"Ilha do Príncipe Eduardo",
"Canada_Quebec":"Quebec",
"Canada_Quebec_Quebec":"Quebec",
"Canada_Quebek_Far North":"Quebec — Norte",
"Canada_Quebek_Montreal":"Montreal",
"Canada_Quebek_North":"Sept-Îles",
"Canada_Quebek_Southeast_Rimouski":"Rimouski",
"Canada_Quebek_Southeast_Saguenay":"Saguenay",
"Canada_Quebek_West_Chibougamau":"Chibougamau",
"Canada_Quebek_West_Rouyn-Noranda":"Rouyn-Noranda",
"Canada_Saskatchewan":"Saskatchewan",
"Canada_Saskatchewan_North":"Saskatchewan — Norte",
"Canada_Saskatchewan_South":"Saskatchewan — Sul",
"Canada_Yukon":"Yukon",
"Canada_Yukon_North":"Yukon — Norte",
"Canada_Yukon_Whitehorse":"Whitehorse",
"Cape Verde":"Cabo Verde",
"Caribees":"Pequenas Antilhas",
"Caribisch Nederland":"Países Baixos Caribenhos",
"Cayman Islands":"Ilhas Cayman",
"Central African Republic":"República Centro-Africana",
"Central Anatolia Region":"Região da Anatólia Central",
"Chad":"Chade",
"Chile":"Chile",
"Chile_North":"Chile — Norte",
"Chile_South":"Chile — Sul",
"China_Anhui":"Anhui",
"China_Chongqing":"Chongqing",
"China_Fujian":"Fujian",
"China_Gansu":"Gansu",
"China_Guangdong":"Guangdong",
"China_Guangxi":"Guangxi",
"China_Guizhou":"Guizhou",
"China_Hebei":"Hebei",
"China_Heilongjiang":"Heilongjiang",
"China_Henan":"Henan",
"China_Hubei":"Hubei",
"China_Hunan":"Hunan",
"China_Inner Mongolia":"Mongólia Interior",
"China_Jiangsu":"Jiangsu",
"China_Jiangxi":"Jiangxi",
"China_Jilin":"Jilin",
"China_Liaoning":"Liaoning",
"China_Ningxia Hui":"Ningxia",
"China_Qinghai":"Qinghai",
"China_Shaanxi":"Shaanxi",
"China_Shandong":"Shandong",
"China_Shanghai":"Xangai",
"China_Shanxi":"Shanxi",
"China_Sichuan":"Sichuan",
"China_Tibet Autonomous Region":"Região Autônoma do Tibete",
"China_Xinjiang":"Xinjiang",
"China_Yunnan":"Yunnan",
"China_Zhejiang":"Zhejiang",
"Colombia":"Colômbia",
"Colombia_East":"Colômbia — Leste",
"Colombia_North":"Colômbia — Norte",
"Colombia_West":"Colômbia — Oeste",
"Colorado":"Colorado",
"Comoros":"Comores",
"Congo-Brazzaville":"Congo",
"Congo-Kinshasa":"República Democrática do Congo",
"Cook Islands":"Ilhas Cook",
"Costa Rica":"Costa Rica",
"Cote dIvoire":"Costa do Marfim",
"Crimea":"Crimeia",
"Croatia":"Croácia",
"Cuba":"Cuba",
"Cyprus":"Chipre",
"Czech Republic":"República Checa",
"Czech_Jihovychod_Jihomoravsky kraj":"Morávia do Sul",
"Czech_Jihovychod_Kraj Vysocina":"Vysočina",
"Czech_Jihozapad_Jihocesky kraj":"Boêmia do Sul",
"Czech_Jihozapad_Plzensky kraj":"Plzeň",
"Czech_Karlovasky kraj":"Karlovy Vary",
"Czech_Moravskoslezsko":"Morávia-Silésia",
"Czech_Olomoucky kraj":"Olomouc",
"Czech_Praha":"Praga",
"Czech_Severovychod_Kralovehradecky kraj":"Hradec Králové",
"Czech_Severovychod_Liberecky kraj":"Liberec",
"Czech_Severovychod_Pardubicky kraj":"Pardubice",
"Czech_Stredni Cechy_East":"Boêmia Central — Leste",
"Czech_Stredni Cechy_West":"Boêmia Central — Oeste",
"Czech_Ustecky kraj":"Ústí nad Labem",
"Czech_Zlinsky Kraj":"Zlín",
"Denmark":"Dinamarca",
"Denmark_Capital Region of Denmark":"Região da Capital",
"Denmark_Central Denmark Region":"Jutlândia Central",
"Denmark_North Denmark Region":"Jutlândia do Norte",
"Denmark_Region Zealand":"Zelândia",
"Denmark_Region of Southern Denmark":"Dinamarca do Sul",
"Djibouti":"Djibouti",
"Dominica":"Dominica",
"Dominican Republic":"República Dominicana",
"East Timor":"Timor-Leste",
"Ecuador":"Equador",
"Egypt":"Egito",
"El Salvador":"El Salvador",
"Equatorial Guinea":"Guiné Equatorial",
"Eritrea":"Eritreia",
"Estonia":"Estónia",
"Estonia_East":"Estónia — Leste",
"Estonia_West":"Estónia — Oeste",
"Ethiopia":"Etiópia",
"Falkland Islands":"Ilhas Malvinas",
"Faroe Islands":"Ilhas Feroe",
"Federated States of Micronesia":"Micronésia",
"Fiji":"Fiji",
"Finland":"Finlândia",
"Finland_Eastern Finland":"Finlândia Oriental",
"Finland_Northern Finland":"Norte da Finlândia",
"Finland_Southern Finland_Helsinki":"Finlândia Meridional — Helsínquia",
"Finland_Southern Finland_Lappeenranta":"Finlândia Meridional — Lappeenranta",
"Finland_Southern Finland_West":"Finlândia Própria",
"Finland_Western Finland":"Finlândia Ocidental",
"Florida":"Flórida",
"France":"França",
"France_Alsace":"Alsácia",
"France_Alsace_Bas-Rhin":"Baixo Reno",
"France_Alsace_Haut-Rhin":"Alto Reno",
"France_Aquitaine":"Aquitânia",
"France_Aquitaine_Dordogne":"Dordonha",
"France_Aquitaine_Gironde":"Gironda",
"France_Aquitaine_Landes":"Landes",
"France_Aquitaine_Lot-et-Garonne":"Lot e Garona",
"France_Aquitaine_Pyrenees-Atlantiques":"Pirineus Atlânticos",
"France_Auvergne":"Auvérnia",
"France_Auvergne_Allier":"Allier",
"France_Auvergne_Cantal":"Cantal",
"France_Auvergne_Haute-Loire":"Haute-Loire",
"France_Auvergne_Puy-de-Dome":"Puy-de-Dôme",
"France_Brittany":"Bretanha",
"France_Brittany_Cotes-dArmor":"Côtes-d'Armor",
"France_Brittany_Finistere":"Finistère",
"France_Brittany_Ille-et-Vilaine":"Ille-et-Vilaine",
"France_Brittany_Morbihan":"Morbihan",
"France_Burgundy":"Borgonha",
"France_Burgundy_Cote-dOr":"Côte-d'Or",
"France_Burgundy_Nievre":"Nièvre",
"France_Burgundy_Saone-et-Loire":"Saône-et-Loire",
"France_Burgundy_Yonne":"Yonne",
"France_Centre-Val de Loire":"Centro-Vale do Loire",
"France_Centre-Val de Loire_Cher":"Cher",
"France_Centre-Val de Loire_Eure-et-Loir":"Eure-et-Loir",
"France_Centre-Val de Loire_Indre":"Indre",
"France_Centre-Val de Loire_Indre-et-Loire":"Indre-et-Loire",
"France_Centre-Val de Loire_Loir-et-Cher":"Loir-et-Cher",
"France_Centre-Val de Loire_Loiret":"Loiret",
"France_Champagne-Ardenne":"Champanha-Ardenas",
"France_Corsica":"Córsega",
"France_Free County":"Franco-Condado",
"France_French Guiana":"Guiana Francesa",
"France_Ile-de-France":"Ilha de França",
"France_Ile-de-France_Essonne":"Essonne",
"France_Ile-de-France_Hauts-de-Seine":"Altos do Sena",
"France_Ile-de-France_Paris":"Paris",
"France_Ile-de-France_Seine-Saint-Denis":"Seine-Saint-Denis",
"France_Ile-de-France_Seine-et-Marne":"Sena e Marne",
"France_Ile-de-France_Val-dOise":"Val-d'Oise",
"France_Ile-de-France_Val-de-Marne":"Val-de-Marne",
"France_Ile-de-France_Yvelines":"Yvelines",
"France_Languedoc-Roussillon":"Languedoque-Rossilhão",
"France_Languedoc-Roussillon_Aude":"Aude",
"France_Languedoc-Roussillon_Gard":"Gard",
"France_Languedoc-Roussillon_Herault":"Hérault",
"France_Languedoc-Roussillon_Lozere":"Lozère",
"France_Languedoc-Roussillon_Pyrenees-Orientales":"Pirineus Orientais",
"France_Limousin":"Limusino",
"France_Lorraine":"Lorena",
"France_Lorraine_Meurthe-et-Moselle":"Meurthe-et-Moselle",
"France_Lorraine_Meuse":"Meuse",
"France_Lorraine_Moselle":"Mosela",
"France_Lorraine_Vosges":"Vosges",
"France_Lower Normandy":"Baixa Normandia",
"France_Lower Normandy_Calvados":"Calvados",
"France_Lower Normandy_Manche":"Mancha",
"France_Lower Normandy_Orne":"Orne",
"France_Midi-Pyrenees":"Midi-Pirinéus",
"France_Midi-Pyrenees_Ariege":"Ariège",
"France_Midi-Pyrenees_Aveyron":"Aveyron",
"France_Midi-Pyrenees_Gers":"Gers",
"France_Midi-Pyrenees_Haute-Garonne":"Alta Garona",
"France_Midi-Pyrenees_Hautes-Pyrenees":"Altos Pirenéus",
"France_Midi-Pyrenees_Lot":"Lot",
"France_Midi-Pyrenees_Tarn":"Tarn",
"France_Midi-Pyrenees_Tarn-et-Garonne":"Tarn-et-Garonne",
"France_New Caledonia":"Nova Caledónia",
"France_Nord-Pas-de-Calais":"Nord-Pas-de-Calais",
"France_Nord-Pas-de-Calais_Lille":"Lille",
"France_Nord-Pas-de-Calais_Nord":"Norte (departamento)",
"France_Nord-Pas-de-Calais_Pas-de-Calais":"Pas-de-Calais",
"France_Pays de la Loire":"País do Loire",
"France_Pays de la Loire_Loire-Atlantique":"Loire-Atlantique",
"France_Pays de la Loire_Maine-et-Loire":"Maine-et-Loire",
"France_Pays de la Loire_Mayenne":"Mayenne",
"France_Pays de la Loire_Sarthe":"Sarthe",
"France_Pays de la Loire_Vendee":"Vendeia",
"France_Picardy":"Picardia",
"France_Picardy_Aisne":"Aisne",
"France_Picardy_Oise":"Oise",
"France_Picardy_Somme":"Somme",
"France_Poitou-Charentes":"Poitou-Charentes",
"France_Poitou-Charentes_Charente":"Charente",
"France_Poitou-Charentes_Charente-Maritime":"Charente-Maritime",
"France_Poitou-Charentes_Deux-Sevres":"Deux-Sèvres",
"France_Poitou-Charentes_Vienne":"Vienne",
"France_Provence-Alpes-Cote dAzur":"Provença-Alpes-Costa Azul",
"France_Provence-Alpes-Cote dAzur_Alpes-de-Haute-Provence":"Alpes da Alta Provença",
"France_Provence-Alpes-Cote dAzur_Bouches-du-Rhone":"Bocas do Ródano",
"France_Provence-Alpes-Cote dAzur_Hautes-Alpes":"Altos Alpes",
"France_Provence-Alpes-Cote dAzur_Maritime Alps":"Alpes Marítimos",
"France_Provence-Alpes-Cote dAzur_Var":"Var",
"France_Provence-Alpes-Cote dAzur_Vaucluse":"Vaucluse",
"France_Rhone-Alpes":"Ródano-Alpes",
"France_Rhone-Alpes_Ain":"Ain",
"France_Rhone-Alpes_Ardeche":"Ardèche",
"France_Rhone-Alpes_Drome":"Drôme",
"France_Rhone-Alpes_Haute-Savoie":"Alta Saboia",
"France_Rhone-Alpes_Isere":"Isère",
"France_Rhone-Alpes_Loire":"Loire",
"France_Rhone-Alpes_Rhone":"Ródano",
"France_Rhone-Alpes_Savoie":"Saboia",
"France_Southern Islands":"Terras Austrais e Antárticas Francesas",
"France_Upper Normandy":"Alta Normandia",
"French Polynesia":"Polinésia Francesa",
"Gabon":"Gabão",
"Georgia":"Geórgia",
"Germany":"Alemanha",
"Germany_Baden-Wurttemberg":"Baden-Württemberg",
"Germany_Baden-Wurttemberg_Regierungsbezirk Freiburg":"Freiburg im Breisgau",
"Germany_Baden-Wurttemberg_Regierungsbezirk Karlsruhe":"Karlsruhe",
"Germany_Baden-Wurttemberg_Regierungsbezirk Stuttgart_Heilbronn":"Estugarda — Heilbronn",
"Germany_Baden-Wurttemberg_Regierungsbezirk Stuttgart_Stuttgart":"Estugarda — Estugarda",
"Germany_Baden-Wurttemberg_Regierungsbezirk Tubingen":"Tubinga",
"Germany_Berlin":"Berlim",
"Germany_Brandenburg_North":"Brandemburgo — Norte",
"Germany_Brandenburg_South":"Brandemburgo — Sul",
"Germany_Free State of Bavaria":"Baviera",
"Germany_Free State of Bavaria_Lower Bavaria":"Baixa Baviera",
"Germany_Free State of Bavaria_Lower Franconia":"Baixa Francónia",
"Germany_Free State of Bavaria_Middle Franconia":"Média Francónia",
"Germany_Free State of Bavaria_Swabia":"Suábia",
"Germany_Free State of Bavaria_Upper Bavaria_East":"Alta Baviera — Leste",
"Germany_Free State of Bavaria_Upper Bavaria_Ingolstadt":"Alta Baviera — Ingolstadt",
"Germany_Free State of Bavaria_Upper Bavaria_Munchen":"Alta Baviera — Munique",
"Germany_Free State of Bavaria_Upper Franconia":"Alta Francónia",
"Germany_Free State of Bavaria_Upper Palatinate":"Alto Palatinado",
"Germany_Hamburg_main":"Hamburgo",
"Germany_Hesse":"Hesse",
"Germany_Hesse_Regierungsbezirk Darmstadt":"Darmstadt",
"Germany_Hesse_Regierungsbezirk Giessen":"Gießen",
"Germany_Hesse_Regierungsbezirk Kassel":"Kassel",
"Germany_Lower Saxony":"Baixa Saxônia",
"Germany_Lower Saxony_Bremen_Bremen":"Bremen",
"Germany_Lower Saxony_Bremen_Munster":"Lüneburg",
"Germany_Lower Saxony_Hannover":"Hanover",
"Germany_Lower Saxony_Oldenburg":"Oldemburgo",
"Germany_Mecklenburg-Vorpommern":"Mecklemburgo-Pomerânia Ocidental",
"Germany_North Rhine-Westphalia":"Renânia do Norte-Vestfália",
"Germany_North Rhine-Westphalia_Regierungsbezirk Arnsberg_Arnsberg":"Arnsberg — Arnsberg",
"Germany_North Rhine-Westphalia_Regierungsbezirk Arnsberg_Dortmund":"Arnsberg — Dortmund",
"Germany_North Rhine-Westphalia_Regierungsbezirk Detmold":"Detmold",
"Germany_North Rhine-Westphalia_Regierungsbezirk Dusseldorf_Dusseldorf":"Düsseldorf — Düsseldorf",
"Germany_North Rhine-Westphalia_Regierungsbezirk Dusseldorf_Mulheim":"Düsseldorf — Mülheim",
"Germany_North Rhine-Westphalia_Regierungsbezirk Dusseldorf_Wesel":"Düsseldorf — Wesel",
"Germany_North Rhine-Westphalia_Regierungsbezirk Koln_Aachen":"Colônia — Aquisgrano",
"Germany_North Rhine-Westphalia_Regierungsbezirk Koln_Koln":"Colônia — Colônia",
"Germany_North Rhine-Westphalia_Regierungsbezirk Munster_Munster":"Münster — Münster",
"Germany_North Rhine-Westphalia_Regierungsbezirk Munster_Recklinghausen":"Münster — Recklinghausen",
"Germany_Rhineland-Palatinate_Koblenz":"Renânia-Palatinado — Coblença",
"Germany_Rhineland-Palatinate_South":"Renânia-Palatinado — Mainz",
"Germany_Saarland":"Sarre",
"Germany_Saxony-Anhalt":"Saxônia-Anhalt",
"Germany_Saxony_Dresden":"Saxônia — Dresden",
"Germany_Saxony_Leipzig":"Saxônia — Leipzig",
"Germany_Schleswig-Holstein":"Schleswig-Holstein",
"Germany_Thuringia":"Turíngia",
"Ghana":"Gana",
"Gibraltar":"Gibraltar",
"Greece":"Grécia",
"Greece_Decentralized Administration of Aegean":"Egeu",
"Greece_Decentralized Administration of Attica":"Ática",
"Greece_Decentralized Administration of Crete":"Creta",
"Greece_Decentralized Administration of Epirus - Western Macedonia":"Épiro e Macedônia Ocidental",
"Greece_Decentralized Administration of Macedonia and Thrace":"Macedônia e Trácia",
"Greece_Decentralized Administration of Thessaly - Central Greece":"Tessália e Grécia Central",
"Greece_Decentralized Administration of West Greece":"Peloponeso",
"Greenland":"Gronelândia",
"Grenada":"Granada",
"Guadeloupe":"Guadalupe",
"Guatemala":"Guatemala",
"Guernsey":"Guernsey",
"Guinea":"Guiné",
"Guinea-Bissau":"Guiné-Bissau",
"Guyana":"Guiana",
"Haiti":"Haiti",
"Honduras":"Honduras",
"Hungary":"Hungria",
"Hungary_Kozep-Magyarorszag":"Hungria Central",
"Hungary_Northern Great Plain":"Hungria — Leste",
"Hungary_Transdanubia":"Hungria — Oeste",
"Iceland":"Islândia",
"Illinois":"Illinois",
"India":"Índia",
"India_Andaman and Nicobar Islands":"Andamão e Nicobar",
"India_Andhra Pradesh":"Andhra Pradesh",
"India_Arunachal Pradesh":"Arunachal Pradesh",
"India_Assam":"Assam",
"India_Bihar":"Bihar",
"India_Chandigarh":"Chandigarh",
"India_Chhattisgarh":"Chhattisgarh",
"India_Delhi":"Deli",
"India_Goa":"Goa",
"India_Gujarat":"Gujarate",
"India_Haryana":"Haryana",
"India_Himachal Pradesh":"Himachal Pradesh",
"India_Jammu and Kashmir":"Jammu e Caxemira",
"India_Jharkhand":"Jharkhand",
"India_Karnataka":"Karnataka",
"India_Kerala":"Kerala",
"India_Lakshadweep":"Laquedivas",
"India_Madhya Pradesh":"Madhya Pradesh",
"India_Maharashtra":"Maharashtra",
"India_Manipur":"Manipur",
"India_Meghalaya":"Meghalaya",
"India_Mizoram":"Mizoram",
"India_Nagaland":"Nagaland",
"India_Odisha":"Orissa",
"India_Punjab":"Punjab",
"India_Rajasthan":"Rajastão",
"India_Sikkim":"Siquim",
"India_Tamil Nadu":"Tamil Nadu",
"India_Telangana":"Telangana",
"India_Tripura":"Tripura",
"India_Uttar Pradesh":"Uttar Pradesh",
"India_Uttarakhand":"Uttarakhand",
"India_West Bengal":"Bengala Ocidental",
"Indiana":"Indiana",
"Indonesia":"Indonésia",
"Indonesia_Central":"Celebes, Kalimantan",
"Indonesia_East":"Indonésia — Leste",
"Indonesia_Jawa Barat":"Java Ocidental",
"Indonesia_Jawa Tengah":"Java Central",
"Indonesia_Jawa Timur":"Java Oriental",
"Indonesia_Nusa Tenggara":"Pequenas Ilhas da Sonda",
"Indonesia_West":"Sumatra",
"Iowa":"Iowa",
"Iran":"Irão",
"Iran_North":"Irão — Norte",
"Iran_South":"Irão — Sul",
"Iraq":"Iraque",
"Ireland":"República da Irlanda",
"Ireland_Connacht":"Connacht",
"Ireland_Leinster":"Leinster",
"Ireland_Munster":"Munster",
"Ireland_Northern Counties":"Ulster",
"Isle of Man":"Ilha de Man",
"Israel":"Israel",
"Israel Region":"Israel",
"Italy":"Itália",
"Italy_Abruzzo":"Abruzos",
"Italy_Aosta Valley":"Vale de Aosta",
"Italy_Apulia":"Apúlia",
"Italy_Basilicata":"Basilicata",
"Italy_Calabria":"Calábria",
"Italy_Campania":"Campânia",
"Italy_Emilia":"Emília-Romanha",
"Italy_Emilia-Romagna_Bologna":"Bolonha",
"Italy_Emilia-Romagna_Ferrara":"Ferrara",
"Italy_Emilia-Romagna_Forli-Cesena":"Forlì-Cesena",
"Italy_Emilia-Romagna_Modena":"Módena",
"Italy_Emilia-Romagna_Parma":"Parma",
"Italy_Emilia-Romagna_Piacenza":"Placência",
"Italy_Emilia-Romagna_Ravenna":"Ravena",
"Italy_Emilia-Romagna_Reggio Emilia":"Reggio Emilia",
"Italy_Emilia-Romagna_Rimini":"Rimini",
"Italy_Friuli":"Friul-Veneza Júlia",
"Italy_Friuli-Venezia Giulia_Gorizia":"Gorizia",
"Italy_Friuli-Venezia Giulia_Pordenone":"Pordenone",
"Italy_Friuli-Venezia Giulia_Trieste":"Trieste",
"Italy_Friuli-Venezia Giulia_Udine":"Udine",
"Italy_Lazio":"Lácio",
"Italy_Liguria":"Ligúria",
"Italy_Lombardy":"Lombardia",
"Italy_Lombardy_Bergamo":"Bérgamo",
"Italy_Lombardy_Brescia":"Bréscia",
"Italy_Lombardy_Como":"Como",
"Italy_Lombardy_Cremona":"Cremona",
"Italy_Lombardy_Lecco":"Lecco",
"Italy_Lombardy_Lodi":"Lodi",
"Italy_Lombardy_Mantua":"Mântua (província)",
"Italy_Lombardy_Milan":"Milão",
"Italy_Lombardy_Monza and Brianza":"Província de Monza e Brianza",
"Italy_Lombardy_Pavia":"Pavia",
"Italy_Lombardy_Sondrio":"Sondrio",
"Italy_Lombardy_Varese":"Varese",
"Italy_Marche":"Marcas",
"Italy_Molise":"Molise",
"Italy_Piemont":"Piemonte",
"Italy_Piemont_Alessandria":"Alexandria (província)",
"Italy_Piemont_Asti":"Asti",
"Italy_Piemont_Biella":"Biella",
"Italy_Piemont_Cuneo":"Cuneo",
"Italy_Piemont_Novara":"Novara",
"Italy_Piemont_Torino":"Turim",
"Italy_Piemont_Verbano-Cusio-Ossola":"Verbano Cusio Ossola",
"Italy_Piemont_Vercelli":"Vercelli",
"Italy_Sardinia":"Sardenha",
"Italy_Sicily":"Sicília",
"Italy_Trentino-Alto Adige Sudtirol":"Trentino-Alto Ádige",
"Italy_Tuscany_Grosseto":"Toscana — Grosseto",
"Italy_Tuscany_Massa e Carrara":"Toscana — Massa-Carrara",
"Italy_Umbria":"Úmbria",
"Italy_Veneto":"Véneto",
"Italy_Veneto_Belluno":"Belluno",
"Italy_Veneto_Padova":"Pádua",
"Italy_Veneto_Rovigo":"Rovigo",
"Italy_Veneto_Treviso":"Treviso",
"Italy_Veneto_Venezia":"Veneza",
"Italy_Veneto_Verona":"Verona",
"Italy_Veneto_Vicenza":"Vicenza",
"Jamaica":"Jamaica",
"Japan":"Japão",
"Japan_Chubu Region":"Região de Chubu",
"Japan_Chubu Region_Aichi":"Aichi",
"Japan_Chubu Region_Fukui":"Fukui",
"Japan_Chubu Region_Gifu":"Gifu",
"Japan_Chubu Region_Ishikawa":"Ishikawa",
"Japan_Chubu Region_Nagano":"Nagano",
"Japan_Chubu Region_Niigata":"Niigata",
"Japan_Chubu Region_Shizuoka":"Shizuoka",
"Japan_Chubu Region_Toyama":"Toyama",
"Japan_Chubu Region_Yamanashi":"Yamanashi",
"Japan_Chugoku Region":"Região de Chugoku",
"Japan_Chugoku Region_Hiroshima":"Província de Hiroshima",
"Japan_Chugoku Region_Okayama":"Okayama",
"Japan_Chugoku Region_Shimane":"Shimane",
"Japan_Chugoku Region_Tottori":"Tottori",
"Japan_Chugoku Region_Yamaguchi":"Yamaguchi",
"Japan_Hokkaido Region":"Hokkaido",
"Japan_Hokkaido Region_East":"Hokkaido — Leste",
"Japan_Hokkaido Region_North":"Hokkaido — Norte",
"Japan_Hokkaido Region_West":"Hokkaido — Oeste",
"Japan_Kanto":"Região de Kanto",
"Japan_Kanto_Chiba":"Chiba",
"Japan_Kanto_Gunma":"Gunma",
"Japan_Kanto_Ibaraki":"Ibaraki",
"Japan_Kanto_Kanagawa":"Kanagawa",
"Japan_Kanto_Saitama":"Saitama",
"Japan_Kanto_Tochigi":"Tochigi",
"Japan_Kanto_Tokyo":"Tóquio",
"Japan_Kinki Region":"Região de Kansai",
"Japan_Kinki Region_Mie":"Mie",
"Japan_Kinki Region_Nara":"Nara",
"Japan_Kinki Region_Osaka":"Osaka",
"Japan_Kinki Region_Wakayama":"Wakayama",
"Japan_Kyushu Region":"Kyushu",
"Japan_Kyushu Region_Fukuoka":"Fukuoka",
"Japan_Kyushu Region_Kagoshima":"Kagoshima",
"Japan_Kyushu Region_Kumamoto":"Kumamoto",
"Japan_Kyushu Region_Miyazaki":"Miyazaki",
"Japan_Kyushu Region_Nagasaki":"Nagasaki",
"Japan_Kyushu Region_Oita":"Oita",
"Japan_Kyushu Region_Okinawa":"Okinawa",
"Japan_Kyushu Region_Saga":"Saga",
"Japan_Shikoku Region":"Shikoku",
"Japan_Shikoku Region_Ehime":"Ehime",
"Japan_Shikoku Region_Kagawa":"Kagawa",
"Japan_Shikoku Region_Kochi":"Kochi",
"Japan_Shikoku Region_Kyoto":"Quioto",
"Japan_Shikoku Region_Tokushima":"Tokushima",
"Japan_Tohoku":"Região de Tohoku",
"Japan_Tohoku_Akita":"Akita",
"Japan_Tohoku_Aomori":"Aomori",
"Japan_Tohoku_Fukushima":"Fukushima",
"Japan_Tohoku_Iwate":"Iwate",
"Japan_Tohoku_Miyagi":"Miyagi",
"Japan_Tohoku_Yamagata":"Yamagata",
"Jersey":"Jersey",
"Jerusalem":"Jerusalém",
"Jordan":"Jordânia",
"Kansas":"Kansas",
"Kazakhstan":"Cazaquistão",
"Kentucky":"Kentucky",
"Kenya":"Quénia",
"Kingdom of Lesotho":"Lesoto",
"Kiribati":"Kiribati",
"Kuwait":"Kuwait",
"Kyrgyzstan":"Quirguistão",
"Laos":"Laos",
"Latvia":"Letónia",
"Lebanon":"Líbano",
"Liberia":"Libéria",
"Libya":"Líbia",
"Liechtenstein":"Liechtenstein",
"Lithuania":"Lituânia",
"Louisiana":"Luisiana",
"Luxembourg":"Luxemburgo",
"Macedonia":"República da Macedónia",
"Madagascar":"Madagáscar",
"Malawi":"Malawi",
"Malaysia":"Malásia",
"Maldives":"Maldivas",
"Mali":"Mali",
"Malta":"Malta",
"Marshall Islands":"Ilhas Marshall",
"Martinique":"Martinica",
"Maryland":"Maryland",
"Massachusetts":"Massachusetts",
"Mauritania":"Mauritânia",
"Mauritius":"Maurícia",
"Mexico":"México",
"Mexico_California":"Baja California",
"Mexico_Central_East":"Nuevo León",
"Mexico_Central_West":"Nayarit",
"Mexico_East":"México — Leste",
"Mexico_Mexico":"Cidade do México",
"Mexico_North":"México — Norte",
"Mexico_South":"México — Sul",
"Michigan":"Michigan",
"Minnesota":"Minnesota",
"Missouri":"Missouri",
"Moldova":"Moldávia",
"Monaco":"Mónaco",
"Mongolia":"Mongólia",
"Montenegro":"Montenegro",
"Montserrat":"Montserrat",
"Morocco":"Marrocos",
"Morocco_Doukkala-Abda":"Doukkala-Abda",
"Morocco_Rabat-Sale-Zemmour-Zaer":"Rabat-Salé-Zemmour-Zaer",
"Morocco_Southern":"Marrocos — Sul",
"Morocco_Western Sahara":"Saara Ocidental",
"Mozambique":"Moçambique",
"Myanmar":"Myanmar",
"Nagorno-Karabakh":"Nagorno-Karabakh",
"Namibia":"Namíbia",
"Nauru":"Nauru",
"Nepal":"Nepal",
"Nepal_East":"Nepal — Leste",
"Nepal_West":"Nepal — Oeste",
"Netherlands":"Países Baixos",
"Netherlands_Drenthe":"Drente",
"Netherlands_Flevoland":"Flevolândia",
"Netherlands_Friesland":"Frísia",
"Netherlands_Gelderland_Nijmegen":"Guéldria — Nimegue",
"Netherlands_Gelderland_North":"Guéldria — Apeldoorn",
"Netherlands_Gelderland_Zutphen":"Guéldria — Zutphen",
"Netherlands_Groningen":"Groninga",
"Netherlands_Limburg":"Limburgo",
"Netherlands_North Brabant_Eindhoven":"Brabante do Norte — Eindhoven",
"Netherlands_North Brabant_Roosendaal":"Brabante do Norte — Roosendaal",
"Netherlands_North Brabant_Tiburg":"Brabante do Norte — Tilburgo",
"Netherlands_North Brabant_Uden":"Norte de Brabant — Uden",
"Netherlands_North Holland_Alkmaar":"Holanda do Norte — Alkmaar",
"Netherlands_North Holland_Amsterdam":"Holanda do Norte — Amesterdão",
"Netherlands_North Holland_Zaandam":"Norte da Holanda — Zaanstad",
"Netherlands_Overijssel_Enschede":"Overissel — Enschede",
"Netherlands_Overijssel_Zwolle":"Overissel — Zwolle",
"Netherlands_South Holland_Brielle":"Sul da Holanda — Brielle",
"Netherlands_South Holland_Den Haag":"Holanda do Sul — Haia",
"Netherlands_South Holland_Leiden":"Holanda do Sul — Leida",
"Netherlands_South Holland_Rotterdam":"Holanda do Sul — Roterdão",
"Netherlands_Utrecht_Amersfoort":"Utrecht — Amersfoort",
"Netherlands_Utrecht_Utrecht":"Utrecht — Utrecht",
"Netherlands_Zeeland":"Zelândia",
"New Jersey":"Nova Jérsei",
"New York":"Nova Iorque",
"New Zealand":"Nova Zelândia",
"New Zealand North_Auckland":"Norte — Auckland",
"New Zealand North_Wellington":"Norte — Wellington",
"New Zealand South_Canterbury":"Sul — Canterbury",
"New Zealand South_Southland":"Sul — Região Sul",
"Nicaragua":"Nicarágua",
"Niger":"Níger",
"Nigeria":"Nigéria",
"Niue":"Niue",
"North Carolina":"Carolina do Norte",
"North Dakota":"Dakota do Norte",
"North Korea":"Coreia do Norte",
"Norway":"Noruega",
"Norway_Bouvet Island":"Ilha Bouvet",
"Norway_Central":"Oslo",
"Norway_Hedmark":"Hedmark",
"Norway_Jan Mayen":"Jan Mayen",
"Norway_Northern":"Nord-Norge",
"Norway_Oppland":"Oppland",
"Norway_Southern":"Sørlandet",
"Norway_Svalbard":"Svalbard",
"Norway_Trondelag":"Trøndelag",
"Norway_Western":"Vestlandet",
"Ohio":"Ohio",
"Oklahoma":"Oklahoma",
"Oman":"Omã",
"Oregon":"Oregon",
"Pakistan":"Paquistão",
"Palau":"Palau",
"Palestine":"Estado da Palestina",
"Palestine Region":"Estado da Palestina",
"Panama":"Panamá",
"Papua New Guinea":"Papua-Nova Guiné",
"Paraguay":"Paraguai",
"Pennsylvania":"Pensilvânia",
"People's Republic of China":"China",
"Peru":"Peru",
"Peru_North":"Peru — Norte",
"Peru_South":"Peru — Sul",
"Philippines":"Filipinas",
"Philippines_Luzon_Manila":"Grande Manila",
"Philippines_Luzon_North":"Luzon — Norte",
"Philippines_Luzon_South":"Luzon — Sul",
"Philippines_Mindanao":"Mindanau",
"Philippines_Visayas":"Visayas",
"Pitcairn Islands":"Ilhas Pitcairn",
"Poland":"Polónia",
"Poland_Greater Poland Voivodeship":"Voivodia da Grande Polônia",
"Poland_Kuyavian-Pomeranian Voivodeship":"Voivodia da Cujávia-Pomerânia",
"Poland_Lesser Poland Voivodeship":"Voivodia da Pequena Polónia",
"Poland_Lodz Voivodeship":"Voivodia de Łódź",
"Poland_Lower Silesian Voivodeship":"Voivodia da Baixa Silésia",
"Poland_Lublin Voivodeship":"Voivodia de Lublin",
"Poland_Lubusz Voivodeship":"Voivodia da Lubúsquia",
"Poland_Masovian Voivodeship":"Voivodia da Mazóvia",
"Poland_Opole Voivodeship":"Voivodia de Opole",
"Poland_Podlaskie Voivodeship":"Voivodia da Podláquia",
"Poland_Pomeranian Voivodeship":"Voivodia da Pomerânia",
"Poland_Silesian Voivodeship":"Voivodia da Silésia",
"Poland_Subcarpathian Voivodeship":"Voivodia da Subcarpácia",
"Poland_Swietokrzyskie Voivodeship":"Voivodia de Santa Cruz",
"Poland_Warmian-Masurian Voivodeship":"Voivodia da Vármia-Masúria",
"Poland_West Pomeranian Voivodeship":"Voivodia da Pomerânia Ocidental",
"Portugal":"Portugal",
"Portugal_North":"Portugal — Norte",
"Portugal_South":"Portugal — Sul",
"Qatar":"Catar",
"Republic of Kosovo":"Kosovo",
"Romania":"Roménia",
"Romania_Centre":"Centro",
"Romania_North_East":"Nordeste",
"Romania_North_West":"Noroeste",
"Romania_South":"Sul",
"Romania_South_East":"Sudeste",
"Romania_South_West":"Sudoeste",
"Romania_West":"Oeste",
"Russia_Altai Krai":"Krai de Altai",
"Russia_Altai Republic":"Altai (república)",
"Russia_Amur Oblast":"Oblast de Amur",
"Russia_Arkhangelsk Oblast_Central":"Oblast de Arkhangelsk — Centro",
"Russia_Arkhangelsk Oblast_North":"Oblast de Arkhangelsk — Norte",
"Russia_Astrakhan Oblast":"Oblast de Astracã",
"Russia_Bashkortostan":"Bascortostão",
"Russia_Belgorod Oblast":"Oblast de Belgorod",
"Russia_Bryansk Oblast":"Oblast de Briansk",
"Russia_Buryatia":"Buriácia",
"Russia_Chechen Republic":"Chechênia",
"Russia_Chelyabinsk Oblast":"Oblast de Cheliabinsk",
"Russia_Chukotka Autonomous Okrug":"Chukotka",
"Russia_Chuvashia":"Chuváchia",
"Russia_Ingushetia":"Inguchétia",
"Russia_Irkutsk Oblast":"Oblast de Irkutsk",
"Russia_Ivanovo Oblast":"Oblast de Ivanovo",
"Russia_Jewish Autonomous Oblast":"Oblast Autônomo Judaico",
"Russia_Kabardino-Balkaria":"Cabárdia-Balcária",
"Russia_Kaliningrad Oblast":"Oblast de Kaliningrado",
"Russia_Kaluga Oblast":"Oblast de Kaluga",
"Russia_Kamchatka Krai":"Krai de Kamtchatka",
"Russia_Karachay-Cherkessia":"Carachai-Circássia",
"Russia_Kemerov Oblast":"Oblast de Kemerovo",
"Russia_Khabarovsk Krai":"Krai de Khabarovsk",
"Russia_Khakassia":"Cacássia",
"Russia_Kirov Oblast":"Oblast de Kirov",
"Russia_Komi Republic":"República de Komi",
"Russia_Kostroma Oblast":"Oblast de Kostroma",
"Russia_Krasnodar Krai":"Krai de Krasnodar — Norte",
"Russia_Krasnodar Krai_Adygeya":"Krai de Krasnodar, Adiguésia",
"Russia_Krasnoyarsk Krai":"Krai de Krasnoiarsk",
"Russia_Kurgan Oblast":"Oblast de Kurgan",
"Russia_Kursk Oblast":"Oblast de Kursk",
"Russia_Leningradskaya Oblast_Karelsky":"Oblast de Leningrado — Norte",
"Russia_Leningradskaya Oblast_Southeast":"Oblast de Leningrado — Sul",
"Russia_Lipetsk Oblast":"Oblast de Lipetsk",
"Russia_Magadan Oblast":"Oblast de Magadan",
"Russia_Mari El":"Mari El",
"Russia_Moscow":"Moscovo",
"Russia_Moscow Oblast":"Oblast de Moscou",
"Russia_Murmansk Oblast":"Oblast de Murmansk",
"Russia_Nenets Autonomous Okrug":"Nenetsia",
"Russia_Nizhny Novgorod Oblast":"Oblast de Níjni Novgorod",
"Russia_North Ossetia-Alania":"Ossétia do Norte-Alânia",
"Russia_Novgorod Oblast":"Oblast de Novgorod",
"Russia_Novosibirsk Oblast":"Oblast de Novosibirsk",
"Russia_Omsk Oblast":"Oblast de Omsk",
"Russia_Orenburg Oblast":"Oblast de Oremburgo",
"Russia_Oryol Oblast":"Oblast de Oriol",
"Russia_Penza Oblast":"Oblast de Penza",
"Russia_Perm Krai":"Krai de Perm",
"Russia_Primorsky Krai":"Krai do Litoral",
"Russia_Pskov Oblast":"Oblast de Pskov",
"Russia_Republic of Dagestan":"Daguestão",
"Russia_Republic of Kalmykia":"Calmúquia",
"Russia_Republic of Karelia":"República da Carélia",
"Russia_Republic of Mordovia":"Mordóvia",
"Russia_Rostov Oblast":"Oblast de Rostov",
"Russia_Ryazan Oblast":"Oblast de Riazan",
"Russia_Saint Petersburg":"São Petersburgo",
"Russia_Sakha Republic":"Iacútia",
"Russia_Sakhalin Oblast":"Oblast de Sacalina",
"Russia_Samara Oblast":"Oblast de Samara",
"Russia_Saratov Oblast":"Oblast de Saratov",
"Russia_Smolensk Oblast":"Oblast de Smolensk",
"Russia_Stavropol Krai":"Krai de Stavropol",
"Russia_Sverdlovsk Oblast":"Oblast de Sverdlovsk",
"Russia_Tambov Oblast":"Oblast de Tambov",
"Russia_Tatarstan":"Tartaristão",
"Russia_Tomsk Oblast":"Oblast de Tomsk",
"Russia_Tula Oblast":"Oblast de Tula",
"Russia_Tuva":"Tuva",
"Russia_Tver Oblast":"Oblast de Tver",
"Russia_Tyumen Oblast":"Oblast de Tiumen",
"Russia_Udmurt Republic":"Udmúrtia",
"Russia_Ulyanovsk Oblast":"Oblast de Ulianovsk",
"Russia_Vladimir Oblast":"Oblast de Vladimir",
"Russia_Volgograd Oblast":"Oblast de Volgogrado",
"Russia_Vologda Oblast":"Oblast de Vologda",
"Russia_Voronezh Oblast":"Oblast de Voronej",
"Russia_Yamalo-Nenets Autonomous Okrug":"Iamália",
"Russia_Yaroslavl Oblast":"Oblast de Iaroslavl",
"Russia_Yugra":"Khantia-Mansia",
"Russia_Zabaykalsky Krai":"Krai de Zabaykalsky",
"Russian Federation":"Rússia",
"Rwanda":"Ruanda",
"Sahrawi Arab Democratic Republic":"República Árabe Saaraui Democrática",
"Saint Barthelemy":"Coletividade de São Bartolomeu",
"Saint Helena Ascension and Tristan da Cunha":"Santa Helena, Ascensão e Tristão da Cunha",
"Saint Kitts and Nevis":"São Cristóvão e Nevis",
"Saint Lucia":"Santa Lúcia",
"Saint Martin":"São Martinho",
"Saint Vincent and the Grenadines":"São Vicente e Granadinas",
"Samoa":"Samoa",
"San Marino":"San Marino",
"Sao Tome and Principe":"São Tomé e Príncipe",
"Saudi Arabia":"Arábia Saudita",
"Senegal":"Senegal",
"Serbia":"Sérvia",
"Seychelles":"Seychelles",
"Sierra Leone":"Serra Leoa",
"Singapore":"Singapura",
"Slovakia":"Eslováquia",
"Slovakia_Region of Banska Bystrica":"Banská Bystrica",
"Slovakia_Region of Bratislava":"Bratislava",
"Slovakia_Region of Kosice":"Košice",
"Slovakia_Region of Nitra":"Nitra",
"Slovakia_Region of Presov":"Prešov",
"Slovakia_Region of Trencin":"Trenčín",
"Slovakia_Region of Trnava":"Trnava",
"Slovakia_Region of Zilina":"Žilina",
"Slovenia":"Eslovénia",
"Solomon Islands":"Ilhas Salomão",
"Somalia":"Somália",
"South Africa":"África do Sul",
"South Africa_Eastern Cape":"Cabo Oriental",
"South Africa_Free State":"Estado Livre",
"South Africa_Gauteng":"Gauteng",
"South Africa_KwaZulu-Natal":"KwaZulu-Natal",
"South Africa_Limpopo":"Limpopo",
"South Africa_Mpumalanga":"Mpumalanga",
"South Africa_North West":"Noroeste",
"South Africa_Northern Cape":"Cabo Setentrional",
"South Africa_Western Cape":"Cabo Ocidental",
"South Carolina":"Carolina do Sul",
"South Georgia and the South Sandwich Islands":"Ilhas Geórgia do Sul e Sandwich do Sul",
"South Korea":"Coreia do Sul",
"South Korea_North":"Coreia do Sul — Norte",
"South Korea_South":"Coreia do Sul — Sul",
"South Ossetia":"Ossétia do Sul",
"South Sudan":"Sudão do Sul",
"Spain":"Espanha",
"Spain_Andalusia":"Andaluzia",
"Spain_Aragon":"Aragão",
"Spain_Balearic Islands":"Baleares",
"Spain_Basque Country":"Comunidade autónoma do País Basco",
"Spain_Canary Islands":"Canárias",
"Spain_Cantabria":"Cantábria",
"Spain_Castile and Leon":"Castela e Leão",
"Spain_Castile-La Mancha":"Castela-Mancha",
"Spain_Catalonia_Provincia de Barcelona":"Barcelona",
"Spain_Catalonia_Provincia de Girona":"Girona",
"Spain_Catalonia_Provincia de Lleida":"Província de Lérida",
"Spain_Catalonia_Provincia de Tarragona":"Tarragona",
"Spain_Ceuta":"Ceuta",
"Spain_Community of Madrid":"Comunidade autónoma de Madrid",
"Spain_Comunidad Foral de Navarra":"Navarra",
"Spain_Extremadura":"Estremadura (Espanha)",
"Spain_Galicia":"Galiza",
"Spain_La Rioja":"La Rioja",
"Spain_Melilla":"Melilla",
"Spain_Principado de Asturias":"Astúrias",
"Spain_Region de Murcia":"Região de Múrcia",
"Spain_Valencian Community":"Comunidade Valenciana",
"Sri Lanka":"Sri Lanka",
"Sudan":"Sudão",
"Suriname":"Suriname",
"Swaziland":"Suazilândia",
"Sweden":"Suécia",
"Sweden_Bergslagen":"Bergslagen",
"Sweden_Malardalen":"Mälardalen",
"Sweden_Mellannorrland":"Mellannorrland",
"Sweden_Norra Sverige":"Norra Sverige",
"Sweden_Ostra Gotaland":"Ostra Götaland",
"Sweden_Sodra Gotaland":"Södra Götaland",
"Sweden_Vastra Gotaland":"Västra Götaland",
"Switzerland":"Suíça",
"Switzerland_Central":"Suíça Central",
"Switzerland_Eastern":"Suíça Ocidental",
"Switzerland_Espace Mittelland":"Espaço Mittelland",
"Switzerland_Lake Geneva region":"Região Lemánica",
"Switzerland_Northwestern":"Noroeste da Suíça",
"Switzerland_Ticino":"Ticino",
"Switzerland_Zurich":"Área Metropolitana de Zurique",
"Syria":"Síria",
"Taiwan":"República da China",
"Tajikistan":"Tajiquistão",
"Tanzania":"Tanzânia",
"Tennessee":"Tennessee",
"Texas":"Texas",
"Thailand":"Tailândia",
"Thailand_North":"Tailândia — Norte",
"Thailand_South":"Tailândia — Sul",
"The Bahamas":"Bahamas",
"The Gambia":"Gâmbia",
"Togo":"Togo",
"Tokelau":"Tokelau",
"Tonga":"Tonga",
"Trinidad and Tobago":"Trinidad e Tobago",
"Tunisia":"Tunísia",
"Turkey":"Turquia",
"Turkey_Aegean Region":"Região do Egeu",
"Turkey_Black Sea Region":"Região do Mar Negro",
"Turkey_Eastern Anatolia Region":"Região da Anatólia Oriental",
"Turkey_Marmara Region":"Região de Mármara",
"Turkey_Mediterranean Region":"Região do Mediterrâneo",
"Turkey_Southeastern Anatolia Region":"Região do Sudeste da Anatólia",
"Turkmenistan":"Turquemenistão",
"Turks and Caicos Islands":"Turks e Caicos",
"Tuvalu":"Tuvalu",
"UK_England_East Midlands":"Midlands Orientais",
"UK_England_East of England_Essex":"Leste da Inglaterra — Essex",
"UK_England_East of England_Norfolk":"Leste da Inglaterra — Norfolk",
"UK_England_Greater London":"Grande Londres",
"UK_England_North East England":"Nordeste da Inglaterra",
"UK_England_North West England":"Noroeste da Inglaterra",
"UK_England_South East_Brighton":"Sudeste da Inglaterra — Brighton",
"UK_England_South East_Oxford":"Sudeste da Inglaterra — Oxford",
"UK_England_South West England_Bristol":"Sudoeste da Inglaterra — Bristol",
"UK_England_South West England_Cornwall":"Sudoeste da Inglaterra — Cornualha",
"UK_England_West Midlands":"Midlands Ocidentais",
"UK_England_Yorkshire and the Humber":"Yorkshire e Humber",
"UK_Northern Ireland":"Irlanda do Norte",
"UK_Scotland_North":"Escócia — Norte",
"UK_Scotland_South":"Escócia — Sul",
"UK_Wales":"País de Gales",
"US_Alabama_Birmingham":"Birmingham",
"US_Alabama_Montgomery":"Montgomery",
"US_Alaska":"Alasca",
"US_Arizona_Flagstaff":"Flagstaff",
"US_Arizona_Phoenix":"Phoenix",
"US_Arizona_Tucson":"Tucson",
"US_Arkansas":"Arkansas",
"US_California_Bakersfield_Bakersfield":"Bakersfield",
"US_California_Bakersfield_Lancaster":"Lancaster",
"US_California_Chico":"Chico",
"US_California_LA":"Los Angeles",
"US_California_LA North":"Los Angeles — Norte",
"US_California_Redding":"Redding",
"US_California_Sacramento_Fresno":"Fresno",
"US_California_Sacramento_Sacramento":"Sacramento",
"US_California_Sacramento_Stockton":"Stockton",
"US_California_San Diego":"San Diego",
"US_California_Santa_Clara_Palo Alto":"São Francisco",
"US_California_Santa_Clara_Santa Cruz":"Santa Cruz",
"US_Colorado_Aspen":"Aspen",
"US_Colorado_Denver":"Denver",
"US_Colorado_South":"Colorado — Sul",
"US_Connecticut":"Connecticut",
"US_Delaware":"Delaware",
"US_Florida_Jacksonville":"Jacksonville",
"US_Florida_Miami":"Miami",
"US_Florida_Orlando":"Orlando",
"US_Florida_Tampa":"Tampa",
"US_Georgia":"Geórgia",
"US_Georgia_Atlanta":"Atlanta",
"US_Georgia_Macon":"Macon",
"US_Georgia_North":"Geórgia — Norte",
"US_Georgia_South":"Geórgia — Sul",
"US_Guam":"Guam",
"US_Hawaii":"Havaí",
"US_Idaho":"Idaho",
"US_Illinois_Chickago":"Chicago",
"US_Illinois_Elgin":"Elgin",
"US_Illinois_Rockford":"Rockford",
"US_Illinois_South":"Illinois — Sul",
"US_Illinois_Springfield":"Springfield",
"US_Indiana_North":"Indiana — Norte",
"US_Indiana_South":"Indiana — Sul",
"US_Iowa_Des Moines":"Des Moines",
"US_Iowa_Waterloo":"Waterloo",
"US_Iowa_West":"Iowa — Oeste",
"US_Kansas_East":"Kansas — Leste",
"US_Kansas_West":"Kansas — Oeste",
"US_Kentucky_East":"Kentucky — Leste",
"US_Kentucky_West":"Kentucky — Oeste",
"US_Louisiana_Central":"Luisiana — Oeste",
"US_Louisiana_New Orleans":"Nova Orleães",
"US_Maine":"Maine",
"US_Maryland_Baltimore":"Baltimore",
"US_Maryland_and_DC":"Oeste, Washington",
"US_Massachusetts_Boston":"Boston",
"US_Massachusetts_Central":"Worcester",
"US_Massachusetts_Plymouth":"Plymouth",
"US_Massachusetts_Southeastern":"Barnstable (Massachusetts)",
"US_Massachusetts_West":"Springfield",
"US_Michigan_Detroit":"Detroit",
"US_Michigan_North":"Michigan — Norte",
"US_Michigan_South":"Michigan — Sul",
"US_Minnesota_Minneapolis":"Minneapolis",
"US_Minnesota_North":"Minnesota — Norte",
"US_Minnesota_Rochester":"Rochester",
"US_Minnesota_Saint Cloud":"St. Cloud",
"US_Mississippi":"Mississippi",
"US_Missouri_East":"Missouri — Leste",
"US_Missouri_West":"Missouri — Oeste",
"US_Montana":"Montana",
"US_Nebraska":"Nebraska",
"US_Nevada":"Nevada",
"US_New Hampshire":"Nova Hampshire",
"US_New Jersey_North":"Nova Jérsei — Norte",
"US_New Jersey_South":"Nova Jérsei — Sul",
"US_New Mexico":"Novo México",
"US_New York_East":"Nova Iorque — Leste",
"US_New York_New York":"Nova Iorque — Nova Iorque",
"US_New York_North":"Nova Iorque — Norte",
"US_New York_West":"Nova Iorque — Oeste",
"US_North Carolina_Asheville":"Asheville",
"US_North Carolina_Charlotte":"Charlotte",
"US_North Carolina_Greensboro":"Greensboro",
"US_North Carolina_Raleigh":"Raleigh",
"US_North Carolina_Wilmington":"Wilmington",
"US_North Carolina_Wilson":"Wilson",
"US_North Dakota_Bismarck":"Bismarck",
"US_North Dakota_East":"Fargo",
"US_North Dakota_Minot":"Minot",
"US_Ohio_Cleveland":"Cleveland",
"US_Ohio_Dayton":"Dayton",
"US_Oklahoma_East":"Oklahoma — Leste",
"US_Oklahoma_West":"Oklahoma — Oeste",
"US_Oregon_Eugene":"Eugene",
"US_Oregon_Portland":"Portland",
"US_Oregon_West":"Oregon — Oeste",
"US_Pennsylvania_Central":"Altoona (Pensilvânia)",
"US_Pennsylvania_Pittsburgh":"Pittsburgh",
"US_Pennsylvania_Reading":"Reading",
"US_Pennsylvania_Scranton":"Scranton",
"US_Puerto Rico":"Porto Rico",
"US_Rhode Island":"Rhode Island",
"US_South Carolina_Columbia":"Colúmbia",
"US_South Carolina_Florence":"Florence",
"US_South Dakota":"Dakota do Sul",
"US_Tennessee_East":"Tennessee — Leste",
"US_Tennessee_West":"Tennessee — Oeste",
"US_Texas_Austin":"Austin",
"US_Texas_Dallas":"Dallas",
"US_Texas_Houston":"Houston",
"US_Texas_Northwest":"Amarillo",
"US_Texas_San Antonio":"San Antonio",
"US_Texas_Southwest":"Laredo",
"US_Texas_Tyler":"Tyler",
"US_Texas_Wako":"Waco",
"US_Texas_West":"Odessa",
"US_United States Minor Outlying Islands":"Ilhas Menores Distantes dos Estados Unidos",
"US_Utah":"Utah",
"US_Vermont":"Vermont",
"US_Virginia_Chesapeake":"Chesapeake",
"US_Virginia_Lynchburg":"Lynchburg",
"US_Virginia_Richmond":"Richmond",
"US_Virginia_Roanoke":"Roanoke",
"US_Washington_Coast":"Tacoma",
"US_Washington_Seattle":"Seattle",
"US_Washington_Yakima":"Yakima",
"US_West Virginia":"Virgínia Ocidental",
"US_Wisconsin_Milwaukee":"Milwaukee",
"US_Wisconsin_North":"Eau Claire",
"US_Wyoming":"Wyoming",
"Uganda":"Uganda",
"Ukraine":"Ucrânia",
"Ukraine_Cherkasy Oblast":"Oblast de Tcherkássi",
"Ukraine_Chernihiv Oblast":"Oblast de Chernigov",
"Ukraine_Chernivtsi Oblast":"Oblast de Chernivtsi",
"Ukraine_Dnipropetrovsk Oblast":"Oblast de Dnipropetrovsk",
"Ukraine_Donetsk Oblast":"Oblast de Donetsk",
"Ukraine_Ivano-Frankivsk Oblast":"Oblast de Ivano-Frankivsk",
"Ukraine_Kharkiv Oblast":"Oblast de Kharkiv",
"Ukraine_Kherson Oblast":"Oblast de Kherson",
"Ukraine_Khmelnytskyi Oblast":"Oblast de Khmelnitski",
"Ukraine_Kirovohrad Oblast":"Oblast de Kirovogrado",
"Ukraine_Kyiv Oblast":"Oblast de Kiev",
"Ukraine_Luhansk Oblast":"Oblast de Lugansk",
"Ukraine_Lviv Oblast":"Oblast de Lviv",
"Ukraine_Mykolaiv Oblast":"Oblast de Mikolaiv",
"Ukraine_Odessa Oblast":"Oblast de Odessa",
"Ukraine_Poltava Oblast":"oblast de Poltava",
"Ukraine_Rivne Oblast":"Oblast de Rivne",
"Ukraine_Sumy Oblast":"Oblast de Sumi",
"Ukraine_Ternopil Oblast":"Oblast de Ternopil",
"Ukraine_Vinnytsia Oblast":"Oblast de Vinnitsa",
"Ukraine_Volyn Oblast":"Oblast de Volínia",
"Ukraine_Zakarpattia Oblast":"Oblast da Transcarpátia",
"Ukraine_Zaporizhia Oblast":"Oblast de Zaporíjia",
"Ukraine_Zhytomyr Oblast":"Oblast de Jitomir",
"United Arab Emirates":"Emirados Árabes Unidos",
"United Kingdom":"Reino Unido",
"United States Virgin Islands":"Ilhas Virgens Americanas",
"United States of America":"Estados Unidos",
"Uruguay":"Uruguai",
"Uzbekistan":"Uzbequistão",
"Vanuatu":"Vanuatu",
"Venezuela":"Venezuela",
"Vietnam":"Vietname",
"Virginia":"Virgínia",
"Wallis and Futuna":"Wallis e Futuna",
"Washington":"Washington",
"Willis Island":"Ilha Willis",
"Wisconsin":"Wisconsin",
"Yemen":"Iémen",
"Zambia":"Zâmbia",
"Zimbabwe":"Zimbábue",
"Australia_Brisbane":"Brisbane",
"Australia_Sydney":"Sydney",
"Austria_Styria_Graz":"Estíria — Graz",
"Austria_Styria_Leoben":"Estíria — Leoben",
"Austria_Upper Austria_Linz":"Alta Áustria — Linz",
"Austria_Upper Austria_Wels":"Alta Áustria — Wels",
"Bolivia_North":"Bolívia — Norte",
"Bolivia_South":"Bolívia — Sul",
"Brazil_Goias_Brasilia":"Goiás — Brasília",
"Brazil_Goias_North":"Goiás — Norte",
"Brazil_North Region_East":"Região Norte do Brasil — Leste",
"Brazil_North Region_West":"Região Norte do Brasil — Oeste",
"Brazil_Northeast Region_East":"Região Nordeste do Brasil — Leste",
"Brazil_Northeast Region_West":"Região Nordeste do Brasil — Oeste",
"Brazil_Parana_East":"Paraná — Leste",
"Brazil_Parana_West":"Paraná — Oeste",
"Brazil_South Region_East":"Região Sul do Brasil — Leste",
"Brazil_South Region_West":"Região Sul do Brasil — Oeste",
"Bulgaria_East":"Bulgária — Leste",
"Bulgaria_West":"Bulgária — Oeste",
"Canada_Ontario_Northeastern_W":"Wawa",
"Chile_Central":"Chile — Centro",
"Congo-Kinshasa_Kivu":"Kivu",
"Congo-Kinshasa_West":"República Democrática do Congo — Oeste",
"Croatia_Central":"Croácia — Centro",
"Croatia_West":"Croácia — Oeste",
"Ecuador_East":"Equador — Leste",
"Ecuador_West":"Equador — Oeste",
"Finland_Eastern Finland_North":"Finlândia Oriental — Norte",
"Finland_Eastern Finland_South":"Finlândia Oriental — Sul",
"Finland_Western Finland_Jyvaskyla":"Finlândia Ocidental — Jyväskylä",
"Finland_Western Finland_Tampere":"Finlândia Ocidental — Tampere",
"France_Free County_North":"Franco-Condado — Norte",
"France_Free County_South":"Franco-Condado — Sul",
"France_Pays de la Loire_Loire-Atlantique_Nantes":"Loire-Atlantique — Nantes",
"France_Pays de la Loire_Loire-Atlantique_Saint-Nazaire":"Loire-Atlantique — Saint-Nazaire",
"Germany_Free State of Bavaria_Upper Bavaria_South":"Alta Baviera — Sul",
"India_Karnataka_North":"Karnataka — Norte",
"India_Karnataka_South":"Karnataka — Sul",
"Iran_East":"Irão — Leste",
"Iraq_North":"Iraque — Norte",
"Iraq_South":"Iraque — Sul",
"Japan_Chubu Region_Aichi_Nagoya":"Aichi — Nagoia",
"Japan_Chubu Region_Aichi_Toyohashi":"Aichi — Toyohashi",
"Japan_Hokkaido Region_Sapporo":"Sapporo",
"Japan_Kinki Region_Osaka_Osaka":"Osaka",
"Japan_Kinki Region_Osaka_West":"Osaka — Oeste",
"Kazakhstan_North":"Cazaquistão — Norte",
"Kazakhstan_South":"Cazaquistão — Sul",
"Lithuania_East":"Lituânia — Leste",
"Lithuania_West":"Lituânia — Oeste",
"Mexico_Chihuahua":"Chihuahua",
"Mexico_Sonora":"Sonora",
"Nepal_Kathmandu":"Catmandu",
"Nepal_Madhyamanchal":"Centro",
"Nepal_Purwanchal":"Região Leste",
"Nigeria_North":"Nigéria — Norte",
"Nigeria_South":"Nigéria — Sul",
"Norway_Hordaland":"Hordaland",
"Norway_Nordland":"Nordland",
"Norway_North Trondelag":"Nord-Trøndelag",
"Norway_Rogaland":"Rogaland",
"Norway_South Trondelag":"Sør-Trøndelag",
"Peru_Lima":"Lima",
"Portugal_Islands":"Ilhas de Portugal",
"Portugal_Viseu":"Viseu",
"Russia_Krasnoyarsk Krai_North":"Krai de Krasnoiarsk — Norte",
"Russia_Krasnoyarsk Krai_South":"Krai de Krasnoiarsk — Sul",
"Russia_Moscow Oblast_East":"Oblast de Moscou — Leste",
"Russia_Moscow Oblast_West":"Oblast de Moscou — Oeste",
"Russia_Perm Krai_North":"Krai de Perm — Norte",
"Russia_Perm Krai_South":"Krai de Perm — Sul",
"Russia_Republic of Karelia_North":"República da Carélia — Norte",
"Russia_Republic of Karelia_South":"República da Carélia — Sul",
"Russia_Sverdlovsk Oblast_North":"Oblast de Sverdlovsk — Norte",
"Russia_Sverdlovsk Oblast_Ekaterinburg":"Oblast de Sverdlovsk — Ecaterimburgo",
"Russia_Yugra_Khanty":"Khantia-Mansia — Khanty-Mansiysk",
"Russia_Yugra_Surgut":"Yugra - Surgut",
"Saudi Arabia_North":"Arábia Saudita — Norte",
"Saudi Arabia_South":"Arábia Saudita — Sul",
"Slovenia_East":"Eslovénia — Leste",
"Slovenia_West":"Eslovénia — Oeste",
"Spain_Andalusia_Granada":"Andaluzia — Granada",
"Spain_Andalusia_Sevilla":"Andaluzia — Sevilha",
"Spain_Castile and Leon_East":"Castela e Leão — Leste",
"Spain_Castile and Leon_West":"Castela e Leão — Oeste",
"Spain_Galicia_North":"Galiza — Norte",
"Spain_Galicia_South":"Galiza — Sul",
"Sudan_East":"Sudão — Leste",
"Sudan_West":"Sudão — Oeste",
"Sweden_Stockholm":"Estocolmo",
"Switzerland_Espace Mittelland_Bern":"Espace Mittelland - Bern",
"Switzerland_Espace Mittelland_East":"Espace Mittelland - East",
"Taiwan_North":"República da China — Norte",
"Taiwan_South":"República da China — Sul",
"Thailand_Central":"Tailândia — Centro",
"Turkey_Central Anatolia Region_Ankara":"Região da Anatólia Central — Ancara",
"Turkey_Central Anatolia Region_Kayseri":"Região da Anatólia Central — Kayseri",
"Turkey_Marmara Region_Bursa":"Região de Mármara — Bursa",
"Turkey_Marmara Region_Istanbul":"Região de Mármara — Istambul",
"US_Arkansas_North":"Arkansas — Norte",
"US_Arkansas_South":"Arkansas — Sul",
"US_Florida_Gainesvile":"Gainesville",
"US_Idaho_North":"Idaho — Norte",
"US_Idaho_South":"Idaho — Sul",
"US_Indiana_Evansville":"Evansville",
"US_Indiana_Indianapolis":"Indianápolis",
"US_Kansas_Wichita":"Wichita",
"US_Kentucky_Louisville":"Louisville",
"US_Michigan_Grand Rapids":"Grand Rapids",
"US_Michigan_Lansing":"Lansing",
"US_Mississippi_Gulfport":"Gulfport",
"US_Mississippi_North":"Mississippi — Norte",
"US_Missouri_Kansas":"Kansas City",
"US_Missouri_Springfield":"Springfield",
"US_Missouri_St Louis":"St. Louis",
"US_Montana_East":"Montana — Leste",
"US_Montana_West":"Montana — Oeste",
"US_Nebraska_East":"Nebraska — Leste",
"US_Nebraska_West":"Nebraska — Oeste",
"US_New Mexico_Albuquerque":"Albuquerque",
"US_New Mexico_Roswell":"Roswell",
"US_Ohio_Cincinnati":"Cincinnati",
"US_Ohio_Columbus":"Columbus",
"US_Ohio_Toledo":"Toledo",
"US_Oklahoma_Oklahoma":"Oklahoma City",
"US_Oklahoma_Tulsa":"Tulsa",
"US_South Carolina_Charleston":"Charleston",
"US_Texas_Amarillo":"Amarillo",
"US_Texas_Lubbock":"Lubbock",
"US_Utah_North":"Utah — Norte",
"US_Utah_South":"Utah — Sul",
"US_Virginia_Alexandria":"Alexandria (Virgínia)",
"US_Wisconsin_Eau Claire":"Eau Claire",
"US_Wisconsin_Madison":"Madison",
"Venezuela_North":"Venezuela — Norte",
"Venezuela_South":"Venezuela — Sul",
"Argentina_Buenos Aires_Buenos Aires":"Buenos Aires",
"Canada_Quebek_Lachute":"Lachute",
"Canada_Saskatchewan_Regina":"Regina",
"Canada_Saskatchewan_Saskatoon":"Saskatoon",
"Germany_Lower Saxony_Braunschweig":"Brunsvique",
"Germany_Saxony-Anhalt_Halle":"Saxônia-Anhalt — Halle an der Saale",
"Germany_Saxony-Anhalt_Magdeburg":"Saxônia-Anhalt — Magdeburgo",
"Germany_Schleswig-Holstein_Flensburg":"Schleswig-Holstein — Flensburg",
"Germany_Schleswig-Holstein_Kiel":"Schleswig-Holstein — Kiel",
"Portugal_Porto":"Porto",
"UK_England_North West England_Lancaster":"Noroeste da Inglaterra — Lancaster",
"UK_England_North West England_Manchester":"Noroeste da Inglaterra — Manchester",
"US_Florida_Gainesville":"Gainesville",
"US_Texas_Victoria":"Victoria",
"US_Virginia_Norfolk":"Norfolk"
}
