{
"Abkhazia":"อับฮาเซีย",
"Afghanistan":"ประเทศอัฟกานิสถาน",
"Alabama":"รัฐแอละแบมา",
"Albania":"ประเทศแอลเบเนีย",
"Algeria":"ประเทศแอลจีเรีย",
"Algeria_Central":"ประเทศแอลจีเรีย — กลาง",
"Algeria_Coast":"ประเทศแอลจีเรีย — เหนือ",
"Andorra":"ประเทศอันดอร์รา",
"Angola":"ประเทศแองโกลา",
"Anguilla":"แองกวิลลา",
"Antarctica":"ทวีปแอนตาร์กติกา",
"Antigua and Barbuda":"ประเทศแอนติกาและบาร์บูดา",
"Argentina":"อาร์เจนตินา",
"Argentina_Buenos Aires_North":"รัฐบัวโนสไอเรส — เหนือ",
"Argentina_Buenos Aires_South":"รัฐบัวโนสไอเรส — ใต้",
"Argentina_Cuyo":"คูโย",
"Argentina_Mesopotamia":"เมโสโปเตเมีย",
"Argentina_Northwest":"ตะวันตกเฉียงเหนือของอาร์เจนตินา",
"Argentina_Pampas":"ปัมปัส",
"Argentina_Patagonia":"ปาตาโกเนีย",
"Arizona":"รัฐแอริโซนา",
"Armenia":"ประเทศอาร์มีเนีย",
"Australia":"ประเทศออสเตรเลีย",
"Australia_Melbourne":"เมลเบิร์น",
"Australia_New South Wales":"รัฐนิวเซาท์เวลส์",
"Australia_Northern Territory":"นอร์เทิร์นเทร์ริทอรี",
"Australia_Queensland":"รัฐควีนส์แลนด์",
"Australia_South Australia":"รัฐเซาท์ออสเตรเลีย",
"Australia_Tasmania":"รัฐแทสเมเนีย",
"Australia_Victoria":"รัฐวิกตอเรีย",
"Australia_Western Australia":"รัฐเวสเทิร์นออสเตรเลีย",
"Austria":"ประเทศออสเตรีย",
"Austria_Burgenland":"รัฐบูร์เกนลันด์",
"Austria_Carinthia":"รัฐคารินเทีย",
"Austria_Lower Austria_West":"รัฐโลว์เออร์ออสเตรีย — ตะวันตก",
"Austria_Lower Austria_Wien":"เวียนนา",
"Austria_Salzburg":"รัฐซาลซ์บูร์ก",
"Austria_Styria":"รัฐสติเรีย",
"Austria_Tyrol":"รัฐทิโรล",
"Austria_Upper Austria":"รัฐอัปเปอร์ออสเตรีย",
"Austria_Vorarlberg":"รัฐโฟราร์ลแบร์ก",
"Azerbaijan":"ประเทศอาเซอร์ไบจาน",
"Azerbaijan Region":"ประเทศอาเซอร์ไบจาน",
"Bahrain":"ประเทศบาห์เรน",
"Bangladesh":"ประเทศบังกลาเทศ",
"Barbados":"ประเทศบาร์เบโดส",
"Belarus":"ประเทศเบลารุส",
"Belarus_Brest Region":"ภูมิภาคเบรสท์",
"Belarus_Homiel Region":"ภูมิภาคโกเมล",
"Belarus_Hrodna Region":"ภูมิภาคกรอดโน",
"Belarus_Maglieu Region":"ภูมิภาคโมลิเกฟ",
"Belarus_Minsk Region":"ภูมิภาคมิสก์",
"Belarus_Vitebsk Region":"ภูมิภาควีเซียบสค์",
"Belgium":"ประเทศเบลเยียม",
"Belgium_Antwerp":"มณฑลแอนต์เวิร์ป",
"Belgium_East Flanders":"จังหวัดฟลานเดอร์ตะวันออก",
"Belgium_Flemish Brabant":"มณฑลเฟลมิชบราบันต์",
"Belgium_Hainaut":"มณฑลแอโน",
"Belgium_Liege":"มณฑลลีแยฌ",
"Belgium_Limburg":"มณฑลลิมเบิร์ก",
"Belgium_Luxembourg":"มณฑลลักเซมเบิร์ก",
"Belgium_Namur":"มณฑลนามูร์",
"Belgium_Walloon Brabant":"มณฑลวัลลูนบราบันต์",
"Belgium_West Flanders":"จังหวัดฟลานเดอร์ตะวันตก",
"Belize":"ประเทศเบลีซ",
"Benin":"ประเทศเบนิน",
"Bermuda":"เบอร์มิวดา",
"Bhutan":"ประเทศภูฏาน",
"Bolivia":"ประเทศโบลิเวีย",
"Bosnia and Herzegovina":"ประเทศบอสเนียและเฮอร์เซโกวีนา",
"Bosnia and Herzegovina_Brcko district of Bosnia and Herzegowina":"เขตเบิตช์โค",
"Bosnia and Herzegovina_Entity Federation of Bosnia and Herzegovina":"สหพันธรัฐบอสเนียและเฮอร์เซโกวีนา",
"Bosnia and Herzegovina_Republic of Srpska":"สาธารณรัฐเซิร์ปสกา",
"Botswana":"ประเทศบอตสวานา",
"Brazil":"ประเทศบราซิล",
"Brazil_Bahia":"รัฐบาเยีย",
"Brazil_Goias":"รัฐโกยาส",
"Brazil_Mato Grosso":"รัฐมาตูโกรสซู",
"Brazil_Mato Grosso Do Sul":"รัฐมาตูโกรสซูโดซูล",
"Brazil_North Region":"ภูมิภาคเหนือ บราซิล",
"Brazil_Northeast Region":"ภูมิภาคตะวันออกเฉียงเหนือ",
"Brazil_Paraiba":"รัฐปาราอีบา",
"Brazil_Parana":"รัฐปารานา",
"Brazil_Rio Grande do Norte":"รัฐรีโอกรันดีโดนอร์เต",
"Brazil_Santa Catarina":"รัฐซันตากาตารีนา",
"Brazil_South Region":"บราซิลใต้",
"Brazil_Southeast Region_Espirito Santo":"รัฐเอสปีรีตูซานตู",
"Brazil_Southeast Region_Minas Gerais_Contagem":"มีนัสเชไรส์ — คอนทาเจม",
"Brazil_Southeast Region_Minas Gerais_North":"รัฐมีนัสเชไรส์ — เหนือ",
"Brazil_Southeast Region_Rio de Janeiro":"รัฐรีโอเดจาเนโร",
"Brazil_Southeast Region_Sao Paulo_Campinas":"ซาวเปาโล — แคมปินาส",
"Brazil_Southeast Region_Sao Paulo_City":"รัฐเซาเปาลู — ซังตูส",
"Brazil_Southeast Region_Sao Paulo_West":"ซาวเปาโล — ริเบราว เพรโต",
"British Indian Ocean Territory":"บริติชอินเดียนโอเชียนเทร์ริทอรี",
"British Virgin Islands":"หมู่เกาะบริติชเวอร์จิน",
"Brunei":"ประเทศบรูไน",
"Bulgaria":"ประเทศบัลแกเรีย",
"Burkina Faso":"ประเทศบูร์กินาฟาโซ",
"Burundi":"ประเทศบุรุนดี",
"California":"รัฐแคลิฟอร์เนีย",
"Cambodia":"ประเทศกัมพูชา",
"Cameroon":"ประเทศแคเมอรูน",
"Cameroon_Central":"ประเทศแคเมอรูน — กลาง",
"Cameroon_West":"ประเทศแคเมอรูน — ตะวันตก",
"Campo de Hielo Sur":"ลานน้ำแข็งพาตาโกเนียนใต้",
"Canada":"ประเทศแคนาดา",
"Canada_Alberta":"รัฐแอลเบอร์ตา",
"Canada_Alberta_Edmonton":"เอดมันตัน",
"Canada_Alberta_North":"รัฐแอลเบอร์ตา — เหนือ",
"Canada_Alberta_South":"รัฐแอลเบอร์ตา — ใต้",
"Canada_British Columbia":"รัฐบริติชโคลัมเบีย",
"Canada_British Columbia_Central":"รัฐบริติชโคลัมเบีย — กลาง",
"Canada_British Columbia_Far_North":"รัฐบริติชโคลัมเบีย — ตะวันออก",
"Canada_British Columbia_Islands":"เกาะแวนคูเวอร์",
"Canada_British Columbia_North":"รัฐบริติชโคลัมเบีย — ตะวันตก",
"Canada_British Columbia_Northeast":"รัฐบริติชโคลัมเบีย — เหนือ",
"Canada_British Columbia_Southeast":"เคโลนา",
"Canada_British Columbia_Vancouver":"แวนคูเวอร์",
"Canada_Labrador":"ลาบราดอร์",
"Canada_Labrador_North":"ลาบราดอร์ — เหนือ",
"Canada_Labrador_South":"ลาบราดอร์ — ใต้",
"Canada_Labrador_West":"ลาบราดอร์ — ตะวันตก",
"Canada_Manitoba":"รัฐแมนิโทบา",
"Canada_Manitoba_Northeast":"รัฐแมนิโทบา — เหนือ",
"Canada_Manitoba_Northwest":"รัฐแมนิโทบา — ตะวันตก",
"Canada_Manitoba_South":"แบรนดอน",
"Canada_Manitoba_Winnipeg":"วินนิเพก",
"Canada_New Brunswick":"รัฐนิวบรันสวิก",
"Canada_Newfoundland":"เกาะนิวฟันด์แลนด์",
"Canada_Newfoundland_East":"เกาะนิวฟันด์แลนด์ — ตะวันออก",
"Canada_Newfoundland_North":"เกาะนิวฟันด์แลนด์ — เหนือ",
"Canada_Newfoundland_South":"เกาะนิวฟันด์แลนด์ — ใต้",
"Canada_Newfoundland_West":"เกาะนิวฟันด์แลนด์ — ตะวันตก",
"Canada_Northwest Territories":"นอร์ทเวสต์เทร์ริทอรีส์",
"Canada_Northwest Territories_East":"นอร์ทเวสต์เทร์ริทอรีส์ — ตะวันออก",
"Canada_Northwest Territories_North":"นอร์ทเวสต์เทร์ริทอรีส์ — เหนือ",
"Canada_Northwest Territories_Yellowknife":"เยลโลวไนฟ์",
"Canada_Nova Scotia":"รัฐโนวาสโกเชีย",
"Canada_Nova Scotia_Halifax":"ฮาลิแฟกซ์",
"Canada_Nova Scotia_Sydney":"ซิดนีย์",
"Canada_Nunavut":"นูนาวุต",
"Canada_Nunavut_North":"นูนาวุต — เหนือ",
"Canada_Nunavut_South":"นูนาวุต — ใต้",
"Canada_Ontario":"รัฐออนแทรีโอ",
"Canada_Ontario_Bame":"แบรรีย์",
"Canada_Ontario_Kingston":"คิงสตัน",
"Canada_Ontario_London":"ลอนดอน",
"Canada_Ontario_Northeastern_Central":"ทิมมินส์",
"Canada_Ontario_Northeastern_North":"มูส แฟกตอรี",
"Canada_Ontario_Northeastern_S":"เกรตเตอร์ ซัดบูรี",
"Canada_Ontario_Northeastern_SE":"อ่าวเหนือ",
"Canada_Ontario_Northeastern_SW":"ซูเซนต์มารี",
"Canada_Ontario_Northeastern_Wawa":"วาวา",
"Canada_Ontario_Northern":"ธันเดอร์เบย์",
"Canada_Ontario_Northwestern":"รัฐออนแทรีโอ — เหนือ",
"Canada_Ontario_Toronto":"โทรอนโต",
"Canada_Prince Edward Island":"รัฐปรินซ์เอ็ดเวิร์ดไอแลนด์",
"Canada_Quebec":"รัฐควิเบก",
"Canada_Quebec_Quebec":"ควิเบก",
"Canada_Quebek_Far North":"รัฐควิเบก — เหนือ",
"Canada_Quebek_Montreal":"มอนทรีออล",
"Canada_Quebek_North":"เซอิล",
"Canada_Quebek_Southeast_Rimouski":"ริมูสกี",
"Canada_Quebek_Southeast_Saguenay":"ซากีเนย์",
"Canada_Quebek_West_Chibougamau":"ชิโบกาเมา",
"Canada_Quebek_West_Rouyn-Noranda":"โรน-นอรันดา",
"Canada_Saskatchewan":"รัฐซัสแคตเชวัน",
"Canada_Saskatchewan_North":"รัฐซัสแคตเชวัน — เหนือ",
"Canada_Saskatchewan_South":"รัฐซัสแคตเชวัน — ใต้",
"Canada_Yukon":"ยูคอน",
"Canada_Yukon_North":"ยูคอน — เหนือ",
"Canada_Yukon_Whitehorse":"ไวท์ฮอร์ส",
"Cape Verde":"ประเทศกาบูเวร์ดี",
"Caribees":"เลสเซอร์แอนทิลลีส",
"Caribisch Nederland":"แคริเบียน เนเธอร์แลนด์",
"Cayman Islands":"หมู่เกาะเคย์แมน",
"Central African Republic":"สาธารณรัฐแอฟริกากลาง",
"Central Anatolia Region":"ภูมิภาคแอนาโตเลียกลาง",
"Chad":"ประเทศชาด",
"Chile":"ประเทศชิลี",
"Chile_North":"ประเทศชิลี — เหนือ",
"Chile_South":"ประเทศชิลี — ใต้",
"China_Anhui":"มณฑลอานฮุย",
"China_Chongqing":"ฉงชิ่ง",
"China_Fujian":"มณฑลฝูเจี้ยน",
"China_Gansu":"มณฑลกานซู",
"China_Guangdong":"มณฑลกวางตุ้ง",
"China_Guangxi":"เขตปกครองตนเองกว่างซีจ้วง",
"China_Guizhou":"มณฑลกุ้ยโจว",
"China_Hebei":"มณฑลเหอเป่ย์",
"China_Heilongjiang":"มณฑลเฮย์หลงเจียง",
"China_Henan":"มณฑลเหอหนาน",
"China_Hubei":"มณฑลหูเป่ย์",
"China_Hunan":"มณฑลหูหนาน",
"China_Inner Mongolia":"เขตปกครองตนเองมองโกเลียใน",
"China_Jiangsu":"มณฑลเจียงซู",
"China_Jiangxi":"มณฑลเจียงซี",
"China_Jilin":"มณฑลจี๋หลิน",
"China_Liaoning":"มณฑลเหลียวหนิง",
"China_Ningxia Hui":"เขตปกครองตนเองหนิงเซี่ยหุย",
"China_Qinghai":"มณฑลชิงไห่",
"China_Shaanxi":"มณฑลส่านซี",
"China_Shandong":"มณฑลซานตง",
"China_Shanghai":"เซี่ยงไฮ้",
"China_Shanxi":"มณฑลซานซี",
"China_Sichuan":"มณฑลเสฉวน",
"China_Tibet Autonomous Region":"เขตปกครองตนเองทิเบต",
"China_Xinjiang":"เขตปกครองตนเองซินเจียงอุยกูร์",
"China_Yunnan":"มณฑลยูนนาน",
"China_Zhejiang":"มณฑลเจ้อเจียง",
"Colombia":"ประเทศโคลอมเบีย",
"Colombia_East":"ประเทศโคลอมเบีย — ตะวันออก",
"Colombia_North":"ประเทศโคลอมเบีย — เหนือ",
"Colombia_West":"ประเทศโคลอมเบีย — ตะวันตก",
"Colorado":"รัฐโคโลราโด",
"Comoros":"ประเทศคอโมโรส",
"Congo-Brazzaville":"สาธารณรัฐคองโก",
"Congo-Kinshasa":"สาธารณรัฐประชาธิปไตยคองโก",
"Cook Islands":"หมู่เกาะคุก",
"Costa Rica":"ประเทศคอสตาริกา",
"Cote dIvoire":"ประเทศโกตดิวัวร์",
"Crimea":"คาบสมุทรไครเมีย",
"Croatia":"ประเทศโครเอเชีย",
"Cuba":"ประเทศคิวบา",
"Cyprus":"ประเทศไซปรัส",
"Czech Republic":"สาธารณรัฐเช็ก",
"Czech_Jihovychod_Jihomoravsky kraj":"ภูมิภาคโมราเวียนใต้",
"Czech_Jihovychod_Kraj Vysocina":"ภูมิภาควิซอชินา",
"Czech_Jihozapad_Jihocesky kraj":"ภูมิภาคโบฮีเมียนใต้",
"Czech_Jihozapad_Plzensky kraj":"ภูมิภาคพัลเซน",
"Czech_Karlovasky kraj":"ภูมิภาคาร์โลวีแวรี",
"Czech_Moravskoslezsko":"ภูมิภาคโมราเวียน-ซิเลเซียน",
"Czech_Olomoucky kraj":"ภูมิภาคโอโลโมก",
"Czech_Praha":"ปราก",
"Czech_Severovychod_Kralovehradecky kraj":"ภูมิภาคฮราเดก คราโลวี",
"Czech_Severovychod_Liberecky kraj":"ภูมิภาคลิเบอเรก",
"Czech_Severovychod_Pardubicky kraj":"ภูมิภาคพาร์ดูไบซ์",
"Czech_Stredni Cechy_East":"ภูมิภาคโบฮีเมียนกลาง — ตะวันออก",
"Czech_Stredni Cechy_West":"ภูมิภาคโบฮีเมียนกลาง — ตะวันตก",
"Czech_Ustecky kraj":"ภูมิภาคอูซชิ นาด ลาเบม",
"Czech_Zlinsky Kraj":"ภูมิภาคซิน",
"Denmark":"ประเทศเดนมาร์ก",
"Denmark_Capital Region of Denmark":"ภูมิภาคกลางของเดนมาร์ก",
"Denmark_Central Denmark Region":"ภูมิภาคเดนมาร์กกลาง",
"Denmark_North Denmark Region":"ภูมิภาคเดนมาร์กเหนือ",
"Denmark_Region Zealand":"ภูมิภาคซีย์แลนด์",
"Denmark_Region of Southern Denmark":"ภูมิภาคใต้ของเดนมาร์ก",
"Djibouti":"ประเทศจิบูตี",
"Dominica":"ประเทศดอมินีกา",
"Dominican Republic":"สาธารณรัฐโดมินิกัน",
"East Timor":"ประเทศติมอร์-เลสเต",
"Ecuador":"ประเทศเอกวาดอร์",
"Egypt":"ประเทศอียิปต์",
"El Salvador":"ประเทศเอลซัลวาดอร์",
"Equatorial Guinea":"ประเทศอิเควทอเรียลกินี",
"Eritrea":"ประเทศเอริเทรีย",
"Estonia":"ประเทศเอสโตเนีย",
"Estonia_East":"ประเทศเอสโตเนีย — ตะวันออก",
"Estonia_West":"ประเทศเอสโตเนีย — ตะวันตก",
"Ethiopia":"ประเทศเอธิโอเปีย",
"Falkland Islands":"หมู่เกาะฟอล์กแลนด์",
"Faroe Islands":"หมู่เกาะแฟโร",
"Federated States of Micronesia":"ประเทศไมโครนีเซีย",
"Fiji":"ประเทศฟิจิ",
"Finland":"ประเทศฟินแลนด์",
"Finland_Eastern Finland":"จังหวัดทางตะวันออกของฟินแลนด์",
"Finland_Northern Finland":"ฟินแลนด์เหนือ",
"Finland_Southern Finland_Helsinki":"จังหวัดทางใต้ของฟินแลนด์ — เฮลซินกิ",
"Finland_Southern Finland_Lappeenranta":"จังหวัดทางใต้ของฟินแลนด์ — แลปพีนรันดา",
"Finland_Southern Finland_West":"ตะวันตกเฉียงใต้ของฟินแลนด์",
"Finland_Western Finland":"จังหวัดทางตะวันตกของฟินแลนด์",
"Florida":"รัฐฟลอริดา",
"France":"ประเทศฝรั่งเศส",
"France_Alsace":"แคว้นอาลซัส",
"France_Alsace_Bas-Rhin":"จังหวัดบา-แร็ง",
"France_Alsace_Haut-Rhin":"จังหวัดโอ-แร็ง",
"France_Aquitaine":"แคว้นอากีแตน",
"France_Aquitaine_Dordogne":"จังหวัดดอร์ดอญ",
"France_Aquitaine_Gironde":"จังหวัดฌีรงด์",
"France_Aquitaine_Landes":"จังหวัดล็องด์",
"France_Aquitaine_Lot-et-Garonne":"จังหวัดลอเตการอน",
"France_Aquitaine_Pyrenees-Atlantiques":"จังหวัดปีเรเน-อัตล็องติก",
"France_Auvergne":"แคว้นโอแวร์ญ",
"France_Auvergne_Allier":"จังหวัดอาลีเย",
"France_Auvergne_Cantal":"จังหวัดก็องตาล",
"France_Auvergne_Haute-Loire":"จังหวัดโอต-ลัวร์",
"France_Auvergne_Puy-de-Dome":"จังหวัดปุย-เดอ-โดม",
"France_Brittany":"บริตานี",
"France_Brittany_Cotes-dArmor":"จังหวัดโกต-ดาร์มอร์",
"France_Brittany_Finistere":"จังหวัดฟีนิสแตร์",
"France_Brittany_Ille-et-Vilaine":"จังหวัดอีเลวีแลน",
"France_Brittany_Morbihan":"จังหวัดมอร์บีอ็อง",
"France_Burgundy":"แคว้นบูร์กอญ",
"France_Burgundy_Cote-dOr":"จังหวัดโกต-ดอร์",
"France_Burgundy_Nievre":"จังหวัดเนียฟวร์",
"France_Burgundy_Saone-et-Loire":"จังหวัดโซเนลัวร์",
"France_Burgundy_Yonne":"จังหวัดอียอน",
"France_Centre-Val de Loire":"แคว้นซ็องทร์",
"France_Centre-Val de Loire_Cher":"จังหวัดแชร์",
"France_Centre-Val de Loire_Eure-et-Loir":"จังหวัดเออเรลัวร์",
"France_Centre-Val de Loire_Indre":"จังหวัดแอ็งดร์",
"France_Centre-Val de Loire_Indre-et-Loire":"จังหวัดแอ็งเดรลัวร์",
"France_Centre-Val de Loire_Loir-et-Cher":"จังหวัดลัวเรแชร์",
"France_Centre-Val de Loire_Loiret":"จังหวัดลัวแร",
"France_Champagne-Ardenne":"แคว้นช็องปาญาร์แดน",
"France_Corsica":"คอร์ซิกา",
"France_Free County":"แคว้นฟร็องช์-กงเต",
"France_French Guiana":"เฟรนช์เกียนา",
"France_Ile-de-France":"แคว้นอีล-เดอ-ฟร็องส์",
"France_Ile-de-France_Essonne":"จังหวัดเอซอน",
"France_Ile-de-France_Hauts-de-Seine":"จังหวัดโอดแซน",
"France_Ile-de-France_Paris":"ปารีส",
"France_Ile-de-France_Seine-Saint-Denis":"จังหวัดแซน-แซ็ง-เดอนี",
"France_Ile-de-France_Seine-et-Marne":"จังหวัดแซเนมาร์น",
"France_Ile-de-France_Val-dOise":"จังหวัดวาล-ดวซ",
"France_Ile-de-France_Val-de-Marne":"จังหวัดวาล-เดอ-มาร์น",
"France_Ile-de-France_Yvelines":"จังหวัดอีฟว์ลีน",
"France_Languedoc-Roussillon":"แคว้นล็องก์ด็อก-รูซียง",
"France_Languedoc-Roussillon_Aude":"จังหวัดโอด",
"France_Languedoc-Roussillon_Gard":"จังหวัดการ์",
"France_Languedoc-Roussillon_Herault":"จังหวัดเอโร",
"France_Languedoc-Roussillon_Lozere":"จังหวัดลอแซร์",
"France_Languedoc-Roussillon_Pyrenees-Orientales":"จังหวัดปีเรเน-ออรีย็องตาล",
"France_Limousin":"แคว้นลีมูแซ็ง",
"France_Lorraine":"แคว้นลอแรน",
"France_Lorraine_Meurthe-et-Moselle":"จังหวัดเมอร์เตมอแซล",
"France_Lorraine_Meuse":"จังหวัดเมิซ",
"France_Lorraine_Moselle":"จังหวัดมอแซล",
"France_Lorraine_Vosges":"จังหวัดโวฌ",
"France_Lower Normandy":"แคว้นบัส-นอร์ม็องดี",
"France_Lower Normandy_Calvados":"จังหวัดกาลวาโดส",
"France_Lower Normandy_Manche":"จังหวัดม็องช์",
"France_Lower Normandy_Orne":"จังหวัดออร์น",
"France_Midi-Pyrenees":"แคว้นมีดี-ปีเรเน",
"France_Midi-Pyrenees_Ariege":"จังหวัดอาเรียฌ",
"France_Midi-Pyrenees_Aveyron":"จังหวัดอาแวรง",
"France_Midi-Pyrenees_Gers":"จังหวัดแฌร์",
"France_Midi-Pyrenees_Haute-Garonne":"จังหวัดโอต-การอน",
"France_Midi-Pyrenees_Hautes-Pyrenees":"จังหวัดโอต-ปีเรเน",
"France_Midi-Pyrenees_Lot":"จังหวัดล็อต",
"France_Midi-Pyrenees_Tarn":"จังหวัดตาร์น",
"France_Midi-Pyrenees_Tarn-et-Garonne":"จังหวัดตาร์เนการอน",
"France_New Caledonia":"นิวแคลิโดเนีย",
"France_Nord-Pas-de-Calais":"แคว้นนอร์-ปาดกาแล",
"France_Nord-Pas-de-Calais_Lille":"ลีล",
"France_Nord-Pas-de-Calais_Nord":"จังหวัดนอร์",
"France_Nord-Pas-de-Calais_Pas-de-Calais":"จังหวัดปาดกาแล",
"France_Pays de la Loire":"แคว้นเปอีเดอลาลัวร์",
"France_Pays de la Loire_Loire-Atlantique":"จังหวัดลัวรัตล็องติก",
"France_Pays de la Loire_Maine-et-Loire":"จังหวัดแมเนลัวร์",
"France_Pays de la Loire_Mayenne":"จังหวัดมาแยน",
"France_Pays de la Loire_Sarthe":"จังหวัดซาร์ต",
"France_Pays de la Loire_Vendee":"จังหวัดว็องเด",
"France_Picardy":"แคว้นปีการ์ดี",
"France_Picardy_Aisne":"จังหวัดแอน",
"France_Picardy_Oise":"จังหวัดอวซ",
"France_Picardy_Somme":"จังหวัดซอม",
"France_Poitou-Charentes":"แคว้นปัวตู-ชาร็องต์",
"France_Poitou-Charentes_Charente":"จังหวัดชาร็องต์",
"France_Poitou-Charentes_Charente-Maritime":"จังหวัดชาร็องต์-มารีตีม",
"France_Poitou-Charentes_Deux-Sevres":"จังหวัดเดอ-แซฟวร์",
"France_Poitou-Charentes_Vienne":"จังหวัดเวียน",
"France_Provence-Alpes-Cote dAzur":"แคว้นพรอว็องซาลป์โกตดาซูร์",
"France_Provence-Alpes-Cote dAzur_Alpes-de-Haute-Provence":"จังหวัดอาลป์-เดอ-โอต-พรอว็องส์",
"France_Provence-Alpes-Cote dAzur_Bouches-du-Rhone":"จังหวัดบุช-ดูว์-โรน",
"France_Provence-Alpes-Cote dAzur_Hautes-Alpes":"จังหวัดโอตซาลป์",
"France_Provence-Alpes-Cote dAzur_Maritime Alps":"จังหวัดอาลป์-มารีตีม",
"France_Provence-Alpes-Cote dAzur_Var":"จังหวัดวาร์",
"France_Provence-Alpes-Cote dAzur_Vaucluse":"จังหวัดโวกลูซ",
"France_Rhone-Alpes":"แคว้นโรนาลป์",
"France_Rhone-Alpes_Ain":"จังหวัดแอ็ง",
"France_Rhone-Alpes_Ardeche":"จังหวัดอาร์แด็ช",
"France_Rhone-Alpes_Drome":"จังหวัดโดรม",
"France_Rhone-Alpes_Haute-Savoie":"จังหวัดโอต-ซาวัว",
"France_Rhone-Alpes_Isere":"จังหวัดอีแซร์",
"France_Rhone-Alpes_Loire":"จังหวัดลัวร์",
"France_Rhone-Alpes_Rhone":"จังหวัดโรน",
"France_Rhone-Alpes_Savoie":"จังหวัดซาวัว",
"France_Southern Islands":"เฟรนช์เซาเทิร์นและแอนตาร์กติกแลนส์",
"France_Upper Normandy":"แคว้นโอต-นอร์ม็องดี",
"French Polynesia":"เฟรนช์โปลินีเซีย",
"Gabon":"ประเทศกาบอง",
"Georgia":"ประเทศจอร์เจีย",
"Germany":"ประเทศเยอรมนี",
"Germany_Baden-Wurttemberg":"รัฐบาเดิน-เวือร์ทเทมแบร์ก",
"Germany_Baden-Wurttemberg_Regierungsbezirk Freiburg":"ไฟรบูร์กอิมไบรส์เกา",
"Germany_Baden-Wurttemberg_Regierungsbezirk Karlsruhe":"ภูมิภาครัฐบาลคาร์ลูช",
"Germany_Baden-Wurttemberg_Regierungsbezirk Stuttgart_Heilbronn":"ภูมิภาครัฐบาลชตุทท์การ์ท — เฮลบรอน",
"Germany_Baden-Wurttemberg_Regierungsbezirk Stuttgart_Stuttgart":"ภูมิภาครัฐบาลชตุทท์การ์ท — ชตุทท์การ์ท",
"Germany_Baden-Wurttemberg_Regierungsbezirk Tubingen":"ทีบิเงน",
"Germany_Berlin":"เบอร์ลิน",
"Germany_Brandenburg_North":"รัฐบรันเดนบูร์ก — เหนือ",
"Germany_Brandenburg_South":"รัฐบรันเดนบูร์ก — ใต้",
"Germany_Free State of Bavaria":"รัฐบาวาเรีย",
"Germany_Free State of Bavaria_Lower Bavaria":"โลว์เออร์บาวาเรีย",
"Germany_Free State of Bavaria_Lower Franconia":"แฟรงโคเนียใต้",
"Germany_Free State of Bavaria_Middle Franconia":"แฟรงโคเนียกลาง",
"Germany_Free State of Bavaria_Swabia":"สวาเบีย",
"Germany_Free State of Bavaria_Upper Bavaria_East":"อัปเปอร์บาวาเรีย — ตะวันออก",
"Germany_Free State of Bavaria_Upper Bavaria_Ingolstadt":"อัปเปอร์บาวาเรีย — อิงโกลชตัดท์",
"Germany_Free State of Bavaria_Upper Bavaria_Munchen":"อัปเปอร์บาวาเรีย — มิวนิก",
"Germany_Free State of Bavaria_Upper Franconia":"แฟรงโคเนียเหนือ",
"Germany_Free State of Bavaria_Upper Palatinate":"พาลาทิเนตเหนือ",
"Germany_Hamburg_main":"ฮัมบูร์ก",
"Germany_Hesse":"รัฐเฮสเซิน",
"Germany_Hesse_Regierungsbezirk Darmstadt":"ภูมิภาครัฐบาลแดมสตาต",
"Germany_Hesse_Regierungsbezirk Giessen":"ภูมิภาครัฐบาลกิซเซน",
"Germany_Hesse_Regierungsbezirk Kassel":"ภูมิภาครัฐบาล คาซเซล",
"Germany_Lower Saxony":"รัฐโลว์เออร์แซกโซนี",
"Germany_Lower Saxony_Bremen_Bremen":"รัฐเบรเมิน",
"Germany_Lower Saxony_Bremen_Munster":"ลิเนอร์เบิร์ก",
"Germany_Lower Saxony_Hannover":"ฮันโนเวอร์",
"Germany_Lower Saxony_Oldenburg":"โอเดนเบิร์ก",
"Germany_Mecklenburg-Vorpommern":"รัฐเมคเลนบูร์ก-ฟอร์พอมเมิร์น",
"Germany_North Rhine-Westphalia":"รัฐนอร์ดไรน์-เวสท์ฟาเลิน",
"Germany_North Rhine-Westphalia_Regierungsbezirk Arnsberg_Arnsberg":"ภูมิภาครัฐบาลอันส์เบิร์ก — อันส์เบิร์ก",
"Germany_North Rhine-Westphalia_Regierungsbezirk Arnsberg_Dortmund":"ภูมิภาครัฐบาลอันส์เบิร์ก — ดอร์ทมุนด์",
"Germany_North Rhine-Westphalia_Regierungsbezirk Detmold":"ภูมิภาครัฐบาลเดทโมล์ด",
"Germany_North Rhine-Westphalia_Regierungsbezirk Dusseldorf_Dusseldorf":"ภูมิภาครัฐบาลดัซเซลดอร์ฟ — ดัซเซลดอร์ฟ",
"Germany_North Rhine-Westphalia_Regierungsbezirk Dusseldorf_Mulheim":"ภูมิภาครัฐบาลดัซเซลดอร์ฟ — มิลเลียม อัน เดอร์ เรอร์",
"Germany_North Rhine-Westphalia_Regierungsbezirk Dusseldorf_Wesel":"ภูมิภาครัฐบาลดัซเซลดอร์ฟ — วีเซล",
"Germany_North Rhine-Westphalia_Regierungsbezirk Koln_Aachen":"ภูมิภาครัฐบาลโคโลน — อาเชน",
"Germany_North Rhine-Westphalia_Regierungsbezirk Koln_Koln":"ภูมิภาครัฐบาลโคโลน — โคโลน",
"Germany_North Rhine-Westphalia_Regierungsbezirk Munster_Munster":"ภูมิภาครัฐบาลมุนสเตอร์ — มุนสเตอร์",
"Germany_North Rhine-Westphalia_Regierungsbezirk Munster_Recklinghausen":"ภูมิภาครัฐบาลมุนสเตอร์ — เร็กลิงเฮาเซน",
"Germany_Rhineland-Palatinate_Koblenz":"ไรน์แลนด์-พาลาติเนต — โคเบลนซ์",
"Germany_Rhineland-Palatinate_South":"รัฐไรน์ลันด์-พฟัลซ์ — ไมนซ์",
"Germany_Saarland":"รัฐซาร์ลันด์",
"Germany_Saxony-Anhalt":"รัฐแซกโซนี-อันฮัลต์",
"Germany_Saxony_Dresden":"รัฐซัคเซิน — เดรสเดิน",
"Germany_Saxony_Leipzig":"รัฐซัคเซิน — ไลพ์ซิก",
"Germany_Schleswig-Holstein":"รัฐชเลสวิก-โฮลชไตน์",
"Germany_Thuringia":"รัฐเทือริงเงิน",
"Ghana":"ประเทศกานา",
"Gibraltar":"ยิบรอลตาร์",
"Greece":"ประเทศกรีซ",
"Greece_Decentralized Administration of Aegean":"แอเจียน",
"Greece_Decentralized Administration of Attica":"แอตติกา",
"Greece_Decentralized Administration of Crete":"ครีต",
"Greece_Decentralized Administration of Epirus - Western Macedonia":"อีพิรุสและมาซิโดเนียตะวันตก",
"Greece_Decentralized Administration of Macedonia and Thrace":"มาซิโดเนียและเทรซ",
"Greece_Decentralized Administration of Thessaly - Central Greece":"เทซซาลีและกรีซกลาง",
"Greece_Decentralized Administration of West Greece":"เพโลปอนนีส",
"Greenland":"กรีนแลนด์",
"Grenada":"ประเทศเกรเนดา",
"Guadeloupe":"กัวเดอลุป",
"Guatemala":"ประเทศกัวเตมาลา",
"Guernsey":"เกิร์นซีย์",
"Guinea":"ประเทศกินี",
"Guinea-Bissau":"ประเทศกินี-บิสเซา",
"Guyana":"ประเทศกายอานา",
"Haiti":"ประเทศเฮติ",
"Honduras":"ประเทศฮอนดูรัส",
"Hungary":"ประเทศฮังการี",
"Hungary_Kozep-Magyarorszag":"ฮังการีกลาง",
"Hungary_Northern Great Plain":"ประเทศฮังการี — ตะวันออก",
"Hungary_Transdanubia":"ประเทศฮังการี — ตะวันตก",
"Iceland":"ประเทศไอซ์แลนด์",
"Illinois":"รัฐอิลลินอยส์",
"India":"ประเทศอินเดีย",
"India_Andaman and Nicobar Islands":"หมู่เกาะอันดามันและนิโคบาร์",
"India_Andhra Pradesh":"รัฐอานธรประเทศ",
"India_Arunachal Pradesh":"รัฐอรุณาจัลประเทศ",
"India_Assam":"รัฐอัสสัม",
"India_Bihar":"รัฐพิหาร",
"India_Chandigarh":"จัณฑีครห์",
"India_Chhattisgarh":"รัฐฉัตติสครห์",
"India_Delhi":"เดลี",
"India_Goa":"รัฐกัว",
"India_Gujarat":"รัฐคุชราต",
"India_Haryana":"รัฐหรยาณา",
"India_Himachal Pradesh":"รัฐหิมาจัลประเทศ",
"India_Jammu and Kashmir":"รัฐชัมมูและกัศมีร์",
"India_Jharkhand":"รัฐฌารขัณฑ์",
"India_Karnataka":"รัฐกรณาฏกะ",
"India_Kerala":"รัฐเกรละ",
"India_Lakshadweep":"ลักษทวีป",
"India_Madhya Pradesh":"รัฐมัธยประเทศ",
"India_Maharashtra":"รัฐมหาราษฏระ",
"India_Manipur":"รัฐมณีปุระ",
"India_Meghalaya":"รัฐเมฆาลัย",
"India_Mizoram":"รัฐมิโซรัม",
"India_Nagaland":"รัฐนาคาแลนด์",
"India_Odisha":"รัฐโอริสสา",
"India_Punjab":"รัฐปัญจาบ",
"India_Rajasthan":"รัฐราชสถาน",
"India_Sikkim":"รัฐสิกขิม",
"India_Tamil Nadu":"รัฐทมิฬนาฑู",
"India_Telangana":"รัฐเตลันกานา",
"India_Tripura":"รัฐตริปุระ",
"India_Uttar Pradesh":"รัฐอุตตรประเทศ",
"India_Uttarakhand":"รัฐอุตตราขัณฑ์",
"India_West Bengal":"รัฐเบงกอลตะวันตก",
"Indiana":"รัฐอินดีแอนา",
"Indonesia":"ประเทศอินโดนีเซีย",
"Indonesia_Central":"สุลาเวสี กะลิมันตัน",
"Indonesia_East":"ประเทศอินโดนีเซีย — ตะวันออก",
"Indonesia_Jawa Barat":"จังหวัดชวาตะวันตก",
"Indonesia_Jawa Tengah":"จังหวัดชวากลาง",
"Indonesia_Jawa Timur":"จังหวัดจาวาตะวันออก",
"Indonesia_Nusa Tenggara":"หมู่เกาะซุนดาน้อย",
"Indonesia_West":"เกาะสุมาตรา",
"Iowa":"รัฐไอโอวา",
"Iran":"ประเทศอิหร่าน",
"Iran_North":"ประเทศอิหร่าน — เหนือ",
"Iran_South":"ประเทศอิหร่าน — ใต้",
"Iraq":"ประเทศอิรัก",
"Ireland":"ประเทศไอร์แลนด์",
"Ireland_Connacht":"คอนนัก",
"Ireland_Leinster":"ไลน์สเตอร์",
"Ireland_Munster":"มุนสเตอร์",
"Ireland_Northern Counties":"อัลสเตอร์",
"Isle of Man":"เกาะแมน",
"Israel":"ประเทศอิสราเอล",
"Israel Region":"ประเทศอิสราเอล",
"Italy":"ประเทศอิตาลี",
"Italy_Abruzzo":"แคว้นอาบรุซโซ",
"Italy_Aosta Valley":"แคว้นปกครองตนเองวัลเลดาออสตา",
"Italy_Apulia":"แคว้นปูลยา",
"Italy_Basilicata":"แคว้นบาซีลีกาตา",
"Italy_Calabria":"แคว้นกาลาเบรีย",
"Italy_Campania":"แคว้นกัมปาเนีย",
"Italy_Emilia":"แคว้นเอมีเลีย-โรมัญญา",
"Italy_Emilia-Romagna_Bologna":"จังหวัดโบโลนา",
"Italy_Emilia-Romagna_Ferrara":"จังหวัดเฟอร์รารา",
"Italy_Emilia-Romagna_Forli-Cesena":"จังหวัดฟอร์ซี-เซเซนา",
"Italy_Emilia-Romagna_Modena":"จังหวัดโมเดนา",
"Italy_Emilia-Romagna_Parma":"จังหวัดพาร์มา",
"Italy_Emilia-Romagna_Piacenza":"จังหวัดพิอาเซนซา",
"Italy_Emilia-Romagna_Ravenna":"จังหวัดราเวนนา",
"Italy_Emilia-Romagna_Reggio Emilia":"จังหวัดเรกกิโอ เอมิเลีย",
"Italy_Emilia-Romagna_Rimini":"จังหวัดริมินิ",
"Italy_Friuli":"แคว้นปกครองตนเองฟรีอูลี-เวเนเซียจูเลีย",
"Italy_Friuli-Venezia Giulia_Gorizia":"จังหวัดกอริเซีย",
"Italy_Friuli-Venezia Giulia_Pordenone":"จังหวัดพอร์เดโนเน",
"Italy_Friuli-Venezia Giulia_Trieste":"จังหวัดทริสที",
"Italy_Friuli-Venezia Giulia_Udine":"จังหวัดอูดีน",
"Italy_Lazio":"แคว้นลาซีโอ",
"Italy_Liguria":"แคว้นลิกูเรีย",
"Italy_Lombardy":"แคว้นลอมบาร์เดีย",
"Italy_Lombardy_Bergamo":"จังหวัดเบอร์กาโม",
"Italy_Lombardy_Brescia":"จังหวัดเบรเซีย",
"Italy_Lombardy_Como":"จังหวัดโคโม",
"Italy_Lombardy_Cremona":"จังหวัดครีโมนา",
"Italy_Lombardy_Lecco":"จังหวัดเลคโค",
"Italy_Lombardy_Lodi":"จังหวัดโลดี",
"Italy_Lombardy_Mantua":"จังหวัดมาตูอา",
"Italy_Lombardy_Milan":"จังหวัดมิลาน",
"Italy_Lombardy_Monza and Brianza":"จังหวัดมอนซาและบริอันซา",
"Italy_Lombardy_Pavia":"จังหวัดพาเวีย",
"Italy_Lombardy_Sondrio":"จังหวัดซอนดริโอ",
"Italy_Lombardy_Varese":"จังหวัดวาราซี",
"Italy_Marche":"แคว้นมาร์เก",
"Italy_Molise":"แคว้นโมลีเซ",
"Italy_Piemont":"แคว้นปีเอมอนเต",
"Italy_Piemont_Alessandria":"จังหวัดอเลสซันเดรีย",
"Italy_Piemont_Asti":"จังหวัดแอสตี",
"Italy_Piemont_Biella":"จังหวัดบิเอลลา",
"Italy_Piemont_Cuneo":"จังหวัดคูเนโน",
"Italy_Piemont_Novara":"จังหวัดโนวารา",
"Italy_Piemont_Torino":"จังหวัดตูริน",
"Italy_Piemont_Verbano-Cusio-Ossola":"เวอร์บาโน-คูซิโอ-ออสโซลา",
"Italy_Piemont_Vercelli":"จังหวัดเวอร์เซลลี",
"Italy_Sardinia":"แคว้นปกครองตนเองซาร์ดิเนีย",
"Italy_Sicily":"แคว้นปกครองตนเองซิซิลี",
"Italy_Trentino-Alto Adige Sudtirol":"แคว้นปกครองตนเองเตรนตีโน-อัลโตอาดีเจ",
"Italy_Tuscany_Grosseto":"ทัสคานี — จังหวัดกรอสเซโต",
"Italy_Tuscany_Massa e Carrara":"ทัสคานี — จังหวัดมัสซาและคาร์รารา",
"Italy_Umbria":"แคว้นอุมเบรีย",
"Italy_Veneto":"แคว้นเวเนโต",
"Italy_Veneto_Belluno":"จังหวัดเบลลูโน",
"Italy_Veneto_Padova":"จังหวัดพาดูอา",
"Italy_Veneto_Rovigo":"จังหวัดโรวิโก",
"Italy_Veneto_Treviso":"จังหวัดเทรวิโซ",
"Italy_Veneto_Venezia":"จังหวัดเวนิส",
"Italy_Veneto_Verona":"จังหวัดเวโรนา",
"Italy_Veneto_Vicenza":"จังหวัดวิเซนซา",
"Jamaica":"ประเทศจาเมกา",
"Japan":"ประเทศญี่ปุ่น",
"Japan_Chubu Region":"ชูบุ",
"Japan_Chubu Region_Aichi":"จังหวัดไอชิ",
"Japan_Chubu Region_Fukui":"จังหวัดฟุกุอิ",
"Japan_Chubu Region_Gifu":"จังหวัดกิฟุ",
"Japan_Chubu Region_Ishikawa":"จังหวัดอิชิกะวะ",
"Japan_Chubu Region_Nagano":"จังหวัดนะงะโนะ",
"Japan_Chubu Region_Niigata":"จังหวัดนีงะตะ",
"Japan_Chubu Region_Shizuoka":"จังหวัดชิซุโอะกะ",
"Japan_Chubu Region_Toyama":"จังหวัดโทะยะมะ",
"Japan_Chubu Region_Yamanashi":"จังหวัดยะมะนะชิ",
"Japan_Chugoku Region":"ชูโงะกุ",
"Japan_Chugoku Region_Hiroshima":"จังหวัดฮิโระชิมะ",
"Japan_Chugoku Region_Okayama":"จังหวัดโอะกะยะมะ",
"Japan_Chugoku Region_Shimane":"จังหวัดชิมะเนะ",
"Japan_Chugoku Region_Tottori":"จังหวัดทตโตะริ",
"Japan_Chugoku Region_Yamaguchi":"จังหวัดยะมะงุชิ",
"Japan_Hokkaido Region":"จังหวัดฮกไกโด",
"Japan_Hokkaido Region_East":"จังหวัดฮกไกโด — ตะวันออก",
"Japan_Hokkaido Region_North":"จังหวัดฮกไกโด — เหนือ",
"Japan_Hokkaido Region_West":"จังหวัดฮกไกโด — ตะวันตก",
"Japan_Kanto":"คันโต",
"Japan_Kanto_Chiba":"จังหวัดชิบะ",
"Japan_Kanto_Gunma":"จังหวัดกุมมะ",
"Japan_Kanto_Ibaraki":"จังหวัดอิบะระกิ",
"Japan_Kanto_Kanagawa":"จังหวัดคะนะงะวะ",
"Japan_Kanto_Saitama":"จังหวัดไซตะมะ",
"Japan_Kanto_Tochigi":"จังหวัดโทะชิงิ",
"Japan_Kanto_Tokyo":"โตเกียว",
"Japan_Kinki Region":"คันไซ",
"Japan_Kinki Region_Mie":"จังหวัดมิเอะ",
"Japan_Kinki Region_Nara":"จังหวัดนะระ",
"Japan_Kinki Region_Osaka":"จังหวัดโอซะกะ",
"Japan_Kinki Region_Wakayama":"จังหวัดวะกะยะมะ",
"Japan_Kyushu Region":"เกาะคีวชู",
"Japan_Kyushu Region_Fukuoka":"จังหวัดฟุกุโอะกะ",
"Japan_Kyushu Region_Kagoshima":"จังหวัดคะโงะชิมะ",
"Japan_Kyushu Region_Kumamoto":"จังหวัดคุมะโมะโตะ",
"Japan_Kyushu Region_Miyazaki":"จังหวัดมิยะซะกิ",
"Japan_Kyushu Region_Nagasaki":"จังหวัดนะงะซะกิ",
"Japan_Kyushu Region_Oita":"จังหวัดโออิตะ",
"Japan_Kyushu Region_Okinawa":"จังหวัดโอะกินะวะ",
"Japan_Kyushu Region_Saga":"จังหวัดซะงะ",
"Japan_Shikoku Region":"เกาะชิโกะกุ",
"Japan_Shikoku Region_Ehime":"จังหวัดเอะฮิเมะ",
"Japan_Shikoku Region_Kagawa":"จังหวัดคะงะวะ",
"Japan_Shikoku Region_Kochi":"จังหวัดโคชิ",
"Japan_Shikoku Region_Kyoto":"จังหวัดเคียวโตะ",
"Japan_Shikoku Region_Tokushima":"จังหวัดโทะกุชิมะ",
"Japan_Tohoku":"โทโฮะกุ",
"Japan_Tohoku_Akita":"จังหวัดอะกิตะ",
"Japan_Tohoku_Aomori":"จังหวัดอะโอะโมะริ",
"Japan_Tohoku_Fukushima":"จังหวัดฟุกุชิมะ",
"Japan_Tohoku_Iwate":"จังหวัดอิวะเตะ",
"Japan_Tohoku_Miyagi":"จังหวัดมิยะงิ",
"Japan_Tohoku_Yamagata":"จังหวัดยะมะงะตะ",
"Jersey":"เจอร์ซีย์",
"Jerusalem":"เยรูซาเลม",
"Jordan":"ประเทศจอร์แดน",
"Kansas":"รัฐแคนซัส",
"Kazakhstan":"ประเทศคาซัคสถาน",
"Kentucky":"รัฐเคนทักกี",
"Kenya":"ประเทศเคนยา",
"Kingdom of Lesotho":"ประเทศเลโซโท",
"Kiribati":"ประเทศคิริบาส",
"Kuwait":"ประเทศคูเวต",
"Kyrgyzstan":"ประเทศคีร์กีซสถาน",
"Laos":"ประเทศลาว",
"Latvia":"ประเทศลัตเวีย",
"Lebanon":"ประเทศเลบานอน",
"Liberia":"ประเทศไลบีเรีย",
"Libya":"ประเทศลิเบีย",
"Liechtenstein":"ประเทศลิกเตนสไตน์",
"Lithuania":"ประเทศลิทัวเนีย",
"Louisiana":"รัฐลุยเซียนา",
"Luxembourg":"ประเทศลักเซมเบิร์ก",
"Macedonia":"ประเทศมาซิโดเนีย",
"Madagascar":"ประเทศมาดากัสการ์",
"Malawi":"ประเทศมาลาวี",
"Malaysia":"ประเทศมาเลเซีย",
"Maldives":"ประเทศมัลดีฟส์",
"Mali":"ประเทศมาลี",
"Malta":"ประเทศมอลตา",
"Marshall Islands":"สาธารณรัฐหมู่เกาะมาร์แชลล์",
"Martinique":"มาร์ตีนิก",
"Maryland":"รัฐแมริแลนด์",
"Massachusetts":"รัฐแมสซาชูเซตส์",
"Mauritania":"ประเทศมอริเตเนีย",
"Mauritius":"ประเทศมอริเชียส",
"Mexico":"ประเทศเม็กซิโก",
"Mexico_California":"รัฐบาฮากาลิฟอร์เนีย",
"Mexico_Central_East":"รัฐนวยโวเลออง",
"Mexico_Central_West":"รัฐนายาริต",
"Mexico_East":"ประเทศเม็กซิโก — ตะวันออก",
"Mexico_Mexico":"เม็กซิโกซิตี",
"Mexico_North":"ประเทศเม็กซิโก — เหนือ",
"Mexico_South":"ประเทศเม็กซิโก — ใต้",
"Michigan":"รัฐมิชิแกน",
"Minnesota":"รัฐมินนิโซตา",
"Missouri":"รัฐมิสซูรี",
"Moldova":"ประเทศมอลโดวา",
"Monaco":"ประเทศโมนาโก",
"Mongolia":"ประเทศมองโกเลีย",
"Montenegro":"ประเทศมอนเตเนโกร",
"Montserrat":"มอนต์เซอร์รัต",
"Morocco":"ประเทศโมร็อกโก",
"Morocco_Doukkala-Abda":"ดูกกาลา-แอบดา",
"Morocco_Rabat-Sale-Zemmour-Zaer":"ราบัด-เซล-เซมมัวร์-แซร์",
"Morocco_Southern":"ประเทศโมร็อกโก — ใต้",
"Morocco_Western Sahara":"เวสเทิร์นสะฮารา",
"Mozambique":"ประเทศโมซัมบิก",
"Myanmar":"ประเทศพม่า",
"Nagorno-Karabakh":"นากอร์โน-คาราบัค",
"Namibia":"ประเทศนามิเบีย",
"Nauru":"ประเทศนาอูรู",
"Nepal":"ประเทศเนปาล",
"Nepal_East":"ประเทศเนปาล — ตะวันออก",
"Nepal_West":"ประเทศเนปาล — ตะวันตก",
"Netherlands":"ประเทศเนเธอร์แลนด์",
"Netherlands_Drenthe":"จังหวัดเดรนเทอ",
"Netherlands_Flevoland":"จังหวัดเฟลโฟลันด์",
"Netherlands_Friesland":"จังหวัดฟรีสลันด์",
"Netherlands_Gelderland_Nijmegen":"จังหวัดเกลเดอร์ลันด์ — ไนเมเคิน",
"Netherlands_Gelderland_North":"จังหวัดเกลเดอร์ลันด์ — อาเพลโดร์น",
"Netherlands_Gelderland_Zutphen":"เกลเดอร์แลนด์ — ซิตเฟน",
"Netherlands_Groningen":"จังหวัดโกรนิงเงิน",
"Netherlands_Limburg":"จังหวัดลิมบูร์ก",
"Netherlands_North Brabant_Eindhoven":"จังหวัดนอร์ทบราแบนต์ — ไอนด์โฮเวน",
"Netherlands_North Brabant_Roosendaal":"จังหวัดนอร์ทบราแบนต์ — โรเซนดาล",
"Netherlands_North Brabant_Tiburg":"จังหวัดนอร์ทบราแบนต์ — ติลบืร์ค",
"Netherlands_North Brabant_Uden":"บราบันต์เหนือ — อูเดน",
"Netherlands_North Holland_Alkmaar":"ฮอลแลนด์เหนือ — อัลค์มาร์",
"Netherlands_North Holland_Amsterdam":"จังหวัดนอร์ทฮอลแลนด์ — อัมสเตอร์ดัม",
"Netherlands_North Holland_Zaandam":"จังหวัดนอร์ทฮอลแลนด์ — ซานสตัด",
"Netherlands_Overijssel_Enschede":"จังหวัดโอเฟอไรส์เซิล — แอ็นสเคอเด",
"Netherlands_Overijssel_Zwolle":"จังหวัดโอเฟอไรส์เซิล — ซโวลเลอ",
"Netherlands_South Holland_Brielle":"ฮอลแลนด์ใต้ — บริเอล",
"Netherlands_South Holland_Den Haag":"จังหวัดเซาท์ฮอลแลนด์ — เดอะเฮก",
"Netherlands_South Holland_Leiden":"จังหวัดเซาท์ฮอลแลนด์ — ไลเดิน",
"Netherlands_South Holland_Rotterdam":"จังหวัดเซาท์ฮอลแลนด์ — รอตเทอร์ดาม",
"Netherlands_Utrecht_Amersfoort":"จังหวัดยูเทรกต์ — อาเมอร์สโฟร์ต",
"Netherlands_Utrecht_Utrecht":"จังหวัดยูเทรกต์ — ยูเทรกต์",
"Netherlands_Zeeland":"จังหวัดเซลันด์",
"New Jersey":"รัฐนิวเจอร์ซีย์",
"New York":"รัฐนิวยอร์ก",
"New Zealand":"ประเทศนิวซีแลนด์",
"New Zealand North_Auckland":"เหนือ — ออกแลนด์",
"New Zealand North_Wellington":"เหนือ — เวลลิงตัน",
"New Zealand South_Canterbury":"ใต้ — ภูมิภาคแคนเทอร์เบอรรี",
"New Zealand South_Southland":"ใต้ — ภูมิภาคเซาต์แลนด์",
"Nicaragua":"ประเทศนิการากัว",
"Niger":"ประเทศไนเจอร์",
"Nigeria":"ประเทศไนจีเรีย",
"Niue":"นีอูเอ",
"North Carolina":"รัฐนอร์ทแคโรไลนา",
"North Dakota":"รัฐนอร์ทดาโคตา",
"North Korea":"ประเทศเกาหลีเหนือ",
"Norway":"ประเทศนอร์เวย์",
"Norway_Bouvet Island":"เกาะบูเว",
"Norway_Central":"ออสโล",
"Norway_Hedmark":"เฮดมาร์ก",
"Norway_Jan Mayen":"ยานไมเอน",
"Norway_Northern":"นอร์เวย์เหนือ",
"Norway_Oppland":"ออปแลนด์",
"Norway_Southern":"นอร์เวย์ใต้",
"Norway_Svalbard":"สฟาลบาร์",
"Norway_Trondelag":"ทรอนเดอลาก",
"Norway_Western":"นอร์เวย์ตะวันตก",
"Ohio":"รัฐโอไฮโอ",
"Oklahoma":"รัฐโอคลาโฮมา",
"Oman":"ประเทศโอมาน",
"Oregon":"รัฐออริกอน",
"Pakistan":"ประเทศปากีสถาน",
"Palau":"ประเทศปาเลา",
"Palestine":"รัฐปาเลสไตน์",
"Palestine Region":"รัฐปาเลสไตน์",
"Panama":"ประเทศปานามา",
"Papua New Guinea":"ประเทศปาปัวนิวกินี",
"Paraguay":"ประเทศปารากวัย",
"Pennsylvania":"รัฐเพนซิลเวเนีย",
"People's Republic of China":"ประเทศจีน",
"Peru":"ประเทศเปรู",
"Peru_North":"ประเทศเปรู — เหนือ",
"Peru_South":"ประเทศเปรู — ใต้",
"Philippines":"ประเทศฟิลิปปินส์",
"Philippines_Luzon_Manila":"เมโทรมะนิลา",
"Philippines_Luzon_North":"เกาะลูซอน — เหนือ",
"Philippines_Luzon_South":"เกาะลูซอน — ใต้",
"Philippines_Mindanao":"มินดาเนา",
"Philippines_Visayas":"วิซายาส",
"Pitcairn Islands":"หมู่เกาะพิตแคร์น",
"Poland":"ประเทศโปแลนด์",
"Poland_Greater Poland Voivodeship":"เขตการปกครองพิเศษเกรตเตอร์โปแลนด์",
"Poland_Kuyavian-Pomeranian Voivodeship":"เขตการปกครองพิเศษคูยาเวียน-โพเมราเนียน",
"Poland_Lesser Poland Voivodeship":"เขตการปกครองพิเศษเลสเซอร์โปแลนด์",
"Poland_Lodz Voivodeship":"เขตการปกครองพิเศษวูช",
"Poland_Lower Silesian Voivodeship":"จังหวัดดอลนือชล็องสก์",
"Poland_Lublin Voivodeship":"เขตการปกครองพิเศษลูบลิน",
"Poland_Lubusz Voivodeship":"เขตการปกครองพิเศษลูบัส",
"Poland_Masovian Voivodeship":"เขตการปกครองพิเศษมาโซเวียน",
"Poland_Opole Voivodeship":"เขตการปกครองพิเศษโอโปเล",
"Poland_Podlaskie Voivodeship":"เขตการปกครองพิเศษพอดลาสกี",
"Poland_Pomeranian Voivodeship":"จังหวัดปอมอแช",
"Poland_Silesian Voivodeship":"เขตการปกครองพิเศษซิเลเซียน",
"Poland_Subcarpathian Voivodeship":"เขตการปกครองพิเศษพอดคาพาคี",
"Poland_Swietokrzyskie Voivodeship":"เขตการปกครองพิเศษชวินโตคริสกี",
"Poland_Warmian-Masurian Voivodeship":"เขตการปกครองพิเศษวอร์เมียน-มาซูเรียน",
"Poland_West Pomeranian Voivodeship":"เขตการปกครองพิเศษโพเมราเนียนตะวันตก",
"Portugal":"ประเทศโปรตุเกส",
"Portugal_North":"ประเทศโปรตุเกส — เหนือ",
"Portugal_South":"ประเทศโปรตุเกส — ใต้",
"Qatar":"ประเทศกาตาร์",
"Republic of Kosovo":"ประเทศคอซอวอ",
"Romania":"ประเทศโรมาเนีย",
"Romania_Centre":"เซนทรู",
"Romania_North_East":"นอร์ดอีสต์",
"Romania_North_West":"นอร์ดเวสต์",
"Romania_South":"เซาต์",
"Romania_South_East":"เซาต์อีสต์",
"Romania_South_West":"เซาต์เวสต์",
"Romania_West":"เวสต์",
"Russia_Altai Krai":"อัลไต ไคร",
"Russia_Altai Republic":"สาธารณรัฐอัลไต",
"Russia_Amur Oblast":"แคว้นปกครองตนเองอาเมอร์",
"Russia_Arkhangelsk Oblast_Central":"แคว้นปกครองตนเองอาฮันเจล — กลาง",
"Russia_Arkhangelsk Oblast_North":"แคว้นปกครองตนเองอาฮันเจล— เหนือ",
"Russia_Astrakhan Oblast":"แคว้นปกครองตนเองแอสตราคาน",
"Russia_Bashkortostan":"สาธารณรัฐบาชคอร์โตสตาน",
"Russia_Belgorod Oblast":"เบลโกรอดโอบลาสต์",
"Russia_Bryansk Oblast":"แคว้นปกครองตนเองบริอันสก์",
"Russia_Buryatia":"สาธารณรัฐเบอร์ยัต",
"Russia_Chechen Republic":"สาธารณรัฐเชเชน",
"Russia_Chelyabinsk Oblast":"แคว้นปกครองตนเองเชลินอาบินสก์",
"Russia_Chukotka Autonomous Okrug":"เขตปกครองตนเองชูโคตกา",
"Russia_Chuvashia":"สาธารณรัฐชูวาช",
"Russia_Ingushetia":"สาธารณรัฐอินกูเชเทีย",
"Russia_Irkutsk Oblast":"แคว้นปกครองตนเองเออร์คุตสก์",
"Russia_Ivanovo Oblast":"แคว้นปกครองตนเองอิวาโนโว",
"Russia_Jewish Autonomous Oblast":"แคว้นปกครองตนเองชาวยิว",
"Russia_Kabardino-Balkaria":"สาธารณรัฐคาบาร์ดิโน-บัลการ์",
"Russia_Kaliningrad Oblast":"คาลินินกราดโอบลาสต์",
"Russia_Kaluga Oblast":"แคว้นปกครองตนเองคาลูกา",
"Russia_Kamchatka Krai":"เขตปกครองแคมชัดกา",
"Russia_Karachay-Cherkessia":"สาธารณรัฐคาราไช-เชอร์เคส",
"Russia_Kemerov Oblast":"แคว้นปกครองตนเองเคเมโรโว",
"Russia_Khabarovsk Krai":"เขตปกครองคาบาโรฟสก์",
"Russia_Khakassia":"สาธารณรัฐคาคาเซีย",
"Russia_Kirov Oblast":"แคว้นปกครองตนเองคิรอฟ",
"Russia_Komi Republic":"สาธารณรัฐโคมิ",
"Russia_Kostroma Oblast":"แคว้นปกครองตนเองคอสโตรมา",
"Russia_Krasnodar Krai":"เขตปกครองคราสโนดาร์ — เหนือ",
"Russia_Krasnodar Krai_Adygeya":"เขตปกครองคราสโนดาร์ สาธารณรัฐอดีเกีย",
"Russia_Krasnoyarsk Krai":"สาธารณรัฐคราสโนยาสก์",
"Russia_Kurgan Oblast":"แคว้นปกครองตนเองเคอร์กัน",
"Russia_Kursk Oblast":"แคว้นปกครองตนเองเคิรสก์",
"Russia_Leningradskaya Oblast_Karelsky":"แคว้นปกครองตนเองเลนินแกรด — เหนือ",
"Russia_Leningradskaya Oblast_Southeast":"แคว้นปกครองตนเองเลนินแกรด — ใต้",
"Russia_Lipetsk Oblast":"แคว้นปกครองตนเองลิเปตสก์",
"Russia_Magadan Oblast":"แคว้นปกครองตนเองมาดาดาน",
"Russia_Mari El":"สาธารณรัฐมาริ เอล",
"Russia_Moscow":"มอสโก",
"Russia_Moscow Oblast":"แคว้นปกครองตนเองมอสโกว",
"Russia_Murmansk Oblast":"แคว้นปกครองตนเองเมอร์มันสก์",
"Russia_Nenets Autonomous Okrug":"เขตปกครองตนเองเนเนต",
"Russia_Nizhny Novgorod Oblast":"แคว้นปกครองตนเองนิสนีย์ นอฟโกรอด",
"Russia_North Ossetia-Alania":"สาธารณรัฐออสเซเทีย-อะลาเนียเหนือ",
"Russia_Novgorod Oblast":"แคว้นปกครองตนเองนอฟโกรอด",
"Russia_Novosibirsk Oblast":"โนโวซีบีสค์โอบลาสต์",
"Russia_Omsk Oblast":"แคว้นปกครองตนเองออมสก์",
"Russia_Orenburg Oblast":"แคว้นปกครองตนเองโอเรนเบิร์ก",
"Russia_Oryol Oblast":"แคว้นปกครองตนเองออร์โยล",
"Russia_Penza Oblast":"แคว้นปกครองตนเองเพนซา",
"Russia_Perm Krai":"เขตปกครองเพิร์ม",
"Russia_Primorsky Krai":"เขตปกครองพริมอร์สกี",
"Russia_Pskov Oblast":"แคว้นปกครองตนเองพัสคอฟ",
"Russia_Republic of Dagestan":"สาธารณรัฐดาเกสถาน",
"Russia_Republic of Kalmykia":"สาธารณรัฐคัลมืยคียา",
"Russia_Republic of Karelia":"สาธารณรัฐคาเรลียา",
"Russia_Republic of Mordovia":"สาธารณรัฐมอร์โดเวีย",
"Russia_Rostov Oblast":"แคว้นปกครองตนเองรอสตอฟ",
"Russia_Ryazan Oblast":"แคว้นปกครองตนเองรยาซัน",
"Russia_Saint Petersburg":"เซนต์ปีเตอร์สเบิร์ก",
"Russia_Sakha Republic":"สาธารณรัฐซาฮา",
"Russia_Sakhalin Oblast":"แคว้นปกครองตนเองซาคาลิน",
"Russia_Samara Oblast":"แคว้นปกครองตนเองซามารา",
"Russia_Saratov Oblast":"แคว้นปกครองตนเองซาราทอฟ",
"Russia_Smolensk Oblast":"แคว้นปกครองตนเองสโมเลนสก์",
"Russia_Stavropol Krai":"แคว้นปกครองตนเองสตาฟโรพอล",
"Russia_Sverdlovsk Oblast":"แคว้นปกครองตนเองสเวอร์ดอฟสก์",
"Russia_Tambov Oblast":"แคว้นปกครองตนเองทัมบอฟ",
"Russia_Tatarstan":"สาธารณรัฐตาตาร์สถาน",
"Russia_Tomsk Oblast":"แคว้นปกครองตนเองทอมสก์",
"Russia_Tula Oblast":"แคว้นปกครองตนเองทูลา",
"Russia_Tuva":"สาธารณรัฐทูวา",
"Russia_Tver Oblast":"แคว้นปกครองตนเองเทวอร์",
"Russia_Tyumen Oblast":"ทยูเมน",
"Russia_Udmurt Republic":"สาธารณรัฐอุดเมิร์ต",
"Russia_Ulyanovsk Oblast":"แคว้นปกครองตนเองอูไลนอฟสก์",
"Russia_Vladimir Oblast":"แคว้นปกครองตนเองวลาดิเมีย",
"Russia_Volgograd Oblast":"แคว้นปกครองตนเองวอลโกกราด",
"Russia_Vologda Oblast":"แคว้นปกครองตนเองโวโลกดา",
"Russia_Voronezh Oblast":"แคว้นปกครองตนเองโวโรเนช",
"Russia_Yamalo-Nenets Autonomous Okrug":"เขตปกครองตนเองยามาโล-เนเนต",
"Russia_Yaroslavl Oblast":"แคว้นปกครองตนเองยาโรสลาฟ",
"Russia_Yugra":"เขตปกครองตนเองคานที-มานซี",
"Russia_Zabaykalsky Krai":"เขตปกครองซาบายคาลสกี",
"Russian Federation":"ประเทศรัสเซีย",
"Rwanda":"ประเทศรวันดา",
"Sahrawi Arab Democratic Republic":"สาธารณรัฐประชาธิปไตยอาหรับซาห์ราวี",
"Saint Barthelemy":"แซ็ง-บาร์เตเลมี",
"Saint Helena Ascension and Tristan da Cunha":"เซนต์เฮเลนา อัสเซนชัน และตริสตันดากูนยา",
"Saint Kitts and Nevis":"ประเทศเซนต์คิตส์และเนวิส",
"Saint Lucia":"ประเทศเซนต์ลูเซีย",
"Saint Martin":"เซนต์มาร์ติน",
"Saint Vincent and the Grenadines":"ประเทศเซนต์วินเซนต์และเกรนาดีนส์",
"Samoa":"ประเทศซามัว",
"San Marino":"ประเทศซานมารีโน",
"Sao Tome and Principe":"ประเทศเซาตูเมและปรินซิปี",
"Saudi Arabia":"ประเทศซาอุดีอาระเบีย",
"Senegal":"ประเทศเซเนกัล",
"Serbia":"ประเทศเซอร์เบีย",
"Seychelles":"ประเทศเซเชลส์",
"Sierra Leone":"ประเทศเซียร์ราลีโอน",
"Singapore":"ประเทศสิงคโปร์",
"Slovakia":"ประเทศสโลวาเกีย",
"Slovakia_Region of Banska Bystrica":"ภูมิภาคบันสกา บิสทริกา",
"Slovakia_Region of Bratislava":"ภูมิภาคบราทิสลาวา",
"Slovakia_Region of Kosice":"ภูมิภาคโคซิเซ",
"Slovakia_Region of Nitra":"ภูมิภาคนิตรา",
"Slovakia_Region of Presov":"ภูมิภาคเพรโช",
"Slovakia_Region of Trencin":"ภูมิภาคเทรนจิน",
"Slovakia_Region of Trnava":"ภูมิภาคทรนาวา",
"Slovakia_Region of Zilina":"ภูมิภาคซิลินา",
"Slovenia":"ประเทศสโลวีเนีย",
"Solomon Islands":"หมู่เกาะโซโลมอน",
"Somalia":"ประเทศโซมาเลีย",
"South Africa":"ประเทศแอฟริกาใต้",
"South Africa_Eastern Cape":"อีสเทิร์นเคป",
"South Africa_Free State":"ฟรีเสตท",
"South Africa_Gauteng":"เฮาเทง",
"South Africa_KwaZulu-Natal":"ควาซูลู-นาทาล",
"South Africa_Limpopo":"ลิมโปโป",
"South Africa_Mpumalanga":"มปูมาลังกา",
"South Africa_North West":"นอร์ธเวสต์",
"South Africa_Northern Cape":"นอร์ธเทิร์นเคป",
"South Africa_Western Cape":"เวสเทริ์นเคป",
"South Carolina":"รัฐเซาท์แคโรไลนา",
"South Georgia and the South Sandwich Islands":"เกาะเซาท์จอร์เจียและหมู่เกาะเซาท์แซนด์วิช",
"South Korea":"ประเทศเกาหลีใต้",
"South Korea_North":"ประเทศเกาหลีใต้ — เหนือ",
"South Korea_South":"ประเทศเกาหลีใต้ — ใต้",
"South Ossetia":"เซาท์ออสซีเชีย",
"South Sudan":"ประเทศเซาท์ซูดาน",
"Spain":"ประเทศสเปน",
"Spain_Andalusia":"แคว้นอันดาลูซีอา",
"Spain_Aragon":"แคว้นอารากอง",
"Spain_Balearic Islands":"หมู่เกาะแบลีแอริก",
"Spain_Basque Country":"แคว้นบาสก์",
"Spain_Canary Islands":"หมู่เกาะคะเนรี",
"Spain_Cantabria":"แคว้นกันตาเบรีย",
"Spain_Castile and Leon":"แคว้นคาสตีลและเลออน",
"Spain_Castile-La Mancha":"แคว้นคาสตีล-ลามันชา",
"Spain_Catalonia_Provincia de Barcelona":"จังหวัดบาร์เซโลนา",
"Spain_Catalonia_Provincia de Girona":"จังหวัดกิโรนา",
"Spain_Catalonia_Provincia de Lleida":"จังหวัดเลดา",
"Spain_Catalonia_Provincia de Tarragona":"จังหวัดทาร์ราโกนา",
"Spain_Ceuta":"เซวตา",
"Spain_Community of Madrid":"แคว้นมาดริด",
"Spain_Comunidad Foral de Navarra":"แคว้นนาวาร์",
"Spain_Extremadura":"แคว้นเอกซ์เตรมาดูรา",
"Spain_Galicia":"แคว้นกาลิเซีย",
"Spain_La Rioja":"แคว้นลารีโอคา",
"Spain_Melilla":"เมลียา",
"Spain_Principado de Asturias":"แคว้นอัสตูเรียส",
"Spain_Region de Murcia":"แคว้นมูร์เซีย",
"Spain_Valencian Community":"แคว้นบาเลนเซีย",
"Sri Lanka":"ประเทศศรีลังกา",
"Sudan":"ประเทศซูดาน",
"Suriname":"ประเทศซูรินาม",
"Swaziland":"ประเทศสวาซิแลนด์",
"Sweden":"ประเทศสวีเดน",
"Sweden_Bergslagen":"เบอร์สลาเกน",
"Sweden_Malardalen":"มาลาร์ดาเลน",
"Sweden_Mellannorrland":"เมลานอร์แลนด์",
"Sweden_Norra Sverige":"นอร์แลนด์",
"Sweden_Ostra Gotaland":"ออสตราโนตาลัน",
"Sweden_Sodra Gotaland":"โซดราโนตาลัน",
"Sweden_Vastra Gotaland":"วาสตราโนตาลัน",
"Switzerland":"ประเทศสวิตเซอร์แลนด์",
"Switzerland_Central":"สวิตเซอร์แลนด์กลาง",
"Switzerland_Eastern":"สวิตเซอร์แลนด์ตะวันออก",
"Switzerland_Espace Mittelland":"เอสเปส มิตเตลลัน",
"Switzerland_Lake Geneva region":"พื้นที่ทะเลสาบเจนีวา",
"Switzerland_Northwestern":"สวิตเซอร์แลนด์ตะวันตกเฉียงเหนือ",
"Switzerland_Ticino":"รัฐทีชีโน",
"Switzerland_Zurich":"มหานครซูริก",
"Syria":"ประเทศซีเรีย",
"Taiwan":"ประเทศไต้หวัน",
"Tajikistan":"ประเทศทาจิกิสถาน",
"Tanzania":"ประเทศแทนซาเนีย",
"Tennessee":"รัฐเทนเนสซี",
"Texas":"รัฐเทกซัส",
"Thailand":"ประเทศไทย",
"Thailand_North":"ประเทศไทย — เหนือ",
"Thailand_South":"ประเทศไทย — ใต้",
"The Bahamas":"ประเทศบาฮามาส",
"The Gambia":"ประเทศแกมเบีย",
"Togo":"ประเทศโตโก",
"Tokelau":"โตเกเลา",
"Tonga":"ประเทศตองกา",
"Trinidad and Tobago":"ประเทศตรินิแดดและโตเบโก",
"Tunisia":"ประเทศตูนิเซีย",
"Turkey":"ประเทศตุรกี",
"Turkey_Aegean Region":"ภูมิภาคแอเกียน",
"Turkey_Black Sea Region":"ภูมิภาคแบล็กซี",
"Turkey_Eastern Anatolia Region":"ภูมิภาคแอนาโตเลียตะวันออก",
"Turkey_Marmara Region":"ภูมิภาคมาร์มารา",
"Turkey_Mediterranean Region":"ภูมิภาคเมดิเตอร์เรเนียน",
"Turkey_Southeastern Anatolia Region":"ภูมิภาคแอนาโตเลียตะวันออกเฉียงใต้",
"Turkmenistan":"ประเทศเติร์กเมนิสถาน",
"Turks and Caicos Islands":"หมู่เกาะเติกส์และหมู่เกาะเคคอส",
"Tuvalu":"ประเทศตูวาลู",
"UK_England_East Midlands":"อีสต์มิดแลนส์",
"UK_England_East of England_Essex":"อีสต์ออฟอิงแลนด์ — เอสเซกซ์",
"UK_England_East of England_Norfolk":"อีสต์ออฟอิงแลนด์ — นอร์ฟอล์ก",
"UK_England_Greater London":"เกรเทอร์ลอนดอน",
"UK_England_North East England":"นอร์ทอีสต์อิงแลนด์",
"UK_England_North West England":"นอร์ทเวสต์อิงแลนด์",
"UK_England_South East_Brighton":"เซาท์อีสต์อิงแลนด์ — ไบรตัน",
"UK_England_South East_Oxford":"เซาท์อีสต์อิงแลนด์ — อ๊อกซฟอร์ด",
"UK_England_South West England_Bristol":"เซาท์เวสต์อิงแลนด์ — บริสตอล",
"UK_England_South West England_Cornwall":"เซาท์เวสต์อิงแลนด์ — คอร์นวอลล์",
"UK_England_West Midlands":"เวสต์มิดแลนส์",
"UK_England_Yorkshire and the Humber":"ยอร์กเชอร์และฮัมเบอร์",
"UK_Northern Ireland":"ไอร์แลนด์เหนือ",
"UK_Scotland_North":"ประเทศสกอตแลนด์ — เหนือ",
"UK_Scotland_South":"ประเทศสกอตแลนด์ — ใต้",
"UK_Wales":"ประเทศเวลส์",
"US_Alabama_Birmingham":"เบอร์มิงแฮม",
"US_Alabama_Montgomery":"มอนต์กอเมอรี",
"US_Alaska":"รัฐอะแลสกา",
"US_Arizona_Flagstaff":"แฟลกสแตฟฟ์",
"US_Arizona_Phoenix":"ฟีนิกซ์",
"US_Arizona_Tucson":"ทูซอน",
"US_Arkansas":"รัฐอาร์คันซอ",
"US_California_Bakersfield_Bakersfield":"เบเกอร์ฟิลด์",
"US_California_Bakersfield_Lancaster":"แลงคาสเตอร์",
"US_California_Chico":"ชิโค",
"US_California_LA":"ลอสแอนเจลิส",
"US_California_LA North":"ลอสแอนเจลิส — เหนือ",
"US_California_Redding":"เรดดิง",
"US_California_Sacramento_Fresno":"เฟรสโน",
"US_California_Sacramento_Sacramento":"แซคราเมนโต",
"US_California_Sacramento_Stockton":"สต็อกตัน",
"US_California_San Diego":"แซนดีเอโก",
"US_California_Santa_Clara_Palo Alto":"ซานฟรานซิสโก",
"US_California_Santa_Clara_Santa Cruz":"ซานตา ครูซ",
"US_Colorado_Aspen":"แอสเพน",
"US_Colorado_Denver":"เดนเวอร์",
"US_Colorado_South":"รัฐโคโลราโด — ใต้",
"US_Connecticut":"รัฐคอนเนตทิคัต",
"US_Delaware":"รัฐเดลาแวร์",
"US_Florida_Jacksonville":"แจ็กสันวิลล์",
"US_Florida_Miami":"ไมแอมี",
"US_Florida_Orlando":"ออร์แลนโด",
"US_Florida_Tampa":"แทมปา",
"US_Georgia":"รัฐจอร์เจีย",
"US_Georgia_Atlanta":"แอตแลนตา",
"US_Georgia_Macon":"มาคอน",
"US_Georgia_North":"รัฐจอร์เจีย — เหนือ",
"US_Georgia_South":"รัฐจอร์เจีย — ใต้",
"US_Guam":"กวม",
"US_Hawaii":"รัฐฮาวาย",
"US_Idaho":"รัฐไอดาโฮ",
"US_Illinois_Chickago":"ชิคาโก",
"US_Illinois_Elgin":"เอลจิน",
"US_Illinois_Rockford":"ร็อกฟอร์ด",
"US_Illinois_South":"รัฐอิลลินอยส์ — ใต้",
"US_Illinois_Springfield":"สปริงฟิลด์",
"US_Indiana_North":"รัฐอินดีแอนา — เหนือ",
"US_Indiana_South":"รัฐอินดีแอนา — ใต้",
"US_Iowa_Des Moines":"ดิมอยน์",
"US_Iowa_Waterloo":"วอเตอร์ลู",
"US_Iowa_West":"รัฐไอโอวา — ตะวันตก",
"US_Kansas_East":"รัฐแคนซัส — ตะวันออก",
"US_Kansas_West":"รัฐแคนซัส — ตะวันตก",
"US_Kentucky_East":"รัฐเคนทักกี — ตะวันออก",
"US_Kentucky_West":"รัฐเคนทักกี — ตะวันตก",
"US_Louisiana_Central":"รัฐลุยเซียนา — ตะวันตก",
"US_Louisiana_New Orleans":"นิวออร์ลีนส์",
"US_Maine":"รัฐเมน",
"US_Maryland_Baltimore":"บอลทิมอร์",
"US_Maryland_and_DC":"ตะวันตก, วอชิงตัน ดี.ซี.",
"US_Massachusetts_Boston":"บอสตัน",
"US_Massachusetts_Central":"วูสเตอร์",
"US_Massachusetts_Plymouth":"ไพลมัต",
"US_Massachusetts_Southeastern":"บาร์นสตาเบิล",
"US_Massachusetts_West":"สปริงฟิลด์",
"US_Michigan_Detroit":"ดีทรอยต์",
"US_Michigan_North":"รัฐมิชิแกน — เหนือ",
"US_Michigan_South":"รัฐมิชิแกน — ใต้",
"US_Minnesota_Minneapolis":"มินนีแอโพลิส",
"US_Minnesota_North":"รัฐมินนิโซตา — เหนือ",
"US_Minnesota_Rochester":"โรเชสเตอร์",
"US_Minnesota_Saint Cloud":"เซนต์ คลาวด์",
"US_Mississippi":"รัฐมิสซิสซิปปี",
"US_Missouri_East":"รัฐมิสซูรี — ตะวันออก",
"US_Missouri_West":"รัฐมิสซูรี — ตะวันตก",
"US_Montana":"รัฐมอนแทนา",
"US_Nebraska":"รัฐเนแบรสกา",
"US_Nevada":"รัฐเนวาดา",
"US_New Hampshire":"รัฐนิวแฮมป์เชียร์",
"US_New Jersey_North":"รัฐนิวเจอร์ซีย์ — เหนือ",
"US_New Jersey_South":"รัฐนิวเจอร์ซีย์ — ใต้",
"US_New Mexico":"รัฐนิวเม็กซิโก",
"US_New York_East":"รัฐนิวยอร์ก — ตะวันออก",
"US_New York_New York":"รัฐนิวยอร์ก — นครนิวยอร์ก",
"US_New York_North":"รัฐนิวยอร์ก — เหนือ",
"US_New York_West":"รัฐนิวยอร์ก — ตะวันตก",
"US_North Carolina_Asheville":"แอชวิลล์",
"US_North Carolina_Charlotte":"ชาร์ลอตต์",
"US_North Carolina_Greensboro":"กรีนส์โบโร",
"US_North Carolina_Raleigh":"ราลี",
"US_North Carolina_Wilmington":"วิลมิงตัน",
"US_North Carolina_Wilson":"วิลสัน",
"US_North Dakota_Bismarck":"บิสมาร์ก",
"US_North Dakota_East":"ฟาร์โก",
"US_North Dakota_Minot":"ไมนอต",
"US_Ohio_Cleveland":"คลีฟแลนด์",
"US_Ohio_Dayton":"เดย์ทัน",
"US_Oklahoma_East":"รัฐโอคลาโฮมา — ตะวันออก",
"US_Oklahoma_West":"รัฐโอคลาโฮมา — ตะวันตก",
"US_Oregon_Eugene":"ยูจีน",
"US_Oregon_Portland":"พอร์ตแลนด์",
"US_Oregon_West":"รัฐออริกอน — ตะวันตก",
"US_Pennsylvania_Central":"อัลทูนา",
"US_Pennsylvania_Pittsburgh":"พิตต์สเบิร์ก",
"US_Pennsylvania_Reading":"เรดดิง",
"US_Pennsylvania_Scranton":"สกรันตัน",
"US_Puerto Rico":"เปอร์โตริโก",
"US_Rhode Island":"รัฐโรดไอแลนด์",
"US_South Carolina_Columbia":"โคลัมเบีย",
"US_South Carolina_Florence":"ฟลอเรนซ์",
"US_South Dakota":"รัฐเซาท์ดาโคตา",
"US_Tennessee_East":"รัฐเทนเนสซี — ตะวันออก",
"US_Tennessee_West":"รัฐเทนเนสซี — ตะวันตก",
"US_Texas_Austin":"ออสติน",
"US_Texas_Dallas":"แดลลัส",
"US_Texas_Houston":"ฮิวสตัน",
"US_Texas_Northwest":"อะมาริลโล",
"US_Texas_San Antonio":"แซนแอนโทนีโอ",
"US_Texas_Southwest":"ลาเรโด",
"US_Texas_Tyler":"ไทเลอร์",
"US_Texas_Wako":"วาโค",
"US_Texas_West":"โอเดซซา",
"US_United States Minor Outlying Islands":"เกาะเล็กรอบนอกของสหรัฐอเมริกา",
"US_Utah":"รัฐยูทาห์",
"US_Vermont":"รัฐเวอร์มอนต์",
"US_Virginia_Chesapeake":"เชซาพีค",
"US_Virginia_Lynchburg":"ลินช์เบิร์ก",
"US_Virginia_Richmond":"ริชมอนด์",
"US_Virginia_Roanoke":"โรอันโนค",
"US_Washington_Coast":"ทาโคมา",
"US_Washington_Seattle":"ซีแอตเทิล",
"US_Washington_Yakima":"ยาคิมา",
"US_West Virginia":"รัฐเวสต์เวอร์จิเนีย",
"US_Wisconsin_Milwaukee":"มิลวอกี",
"US_Wisconsin_North":"โอแคลร์",
"US_Wyoming":"รัฐไวโอมิง",
"Uganda":"ประเทศยูกันดา",
"Ukraine":"ประเทศยูเครน",
"Ukraine_Cherkasy Oblast":"แคว้นปกครองตนเองเชอร์คาซี",
"Ukraine_Chernihiv Oblast":"แคว้นปกครองตนเองเชอร์นิฮิฟ",
"Ukraine_Chernivtsi Oblast":"แคว้นปกครองตนเองเชอร์นิฟซี",
"Ukraine_Dnipropetrovsk Oblast":"แคว้นปกครองตนเองดนิพรอเพโทรวสก์",
"Ukraine_Donetsk Oblast":"แคว้นปกครองตนเองโดเนตสก์",
"Ukraine_Ivano-Frankivsk Oblast":"แคว้นปกครองตนเองอิวาโน-แฟรงกิฟสก์",
"Ukraine_Kharkiv Oblast":"แคว้นปกครองตนเองคาร์คิฟ",
"Ukraine_Kherson Oblast":"แคว้นปกครองตนเองเคอร์ซัน",
"Ukraine_Khmelnytskyi Oblast":"แคว้นปกครองตนเองคเมลนิตสกี",
"Ukraine_Kirovohrad Oblast":"แคว้นปกครองตนเองคิโรโวราด",
"Ukraine_Kyiv Oblast":"แคว้นปกครองตนเองเคียฟ",
"Ukraine_Luhansk Oblast":"แคว้นปกครองตนเองลูฮันสก์",
"Ukraine_Lviv Oblast":"แคว้นปกครองตนเองลวิฟ",
"Ukraine_Mykolaiv Oblast":"แคว้นปกครองตนเองไมโคลาอิฟ",
"Ukraine_Odessa Oblast":"แคว้นปกครองตนเองโอเดสซา",
"Ukraine_Poltava Oblast":"แคว้นปกครองตนเองโพลตาวา",
"Ukraine_Rivne Oblast":"แคว้นปกครองตนเองไรฟวน์",
"Ukraine_Sumy Oblast":"แคว้นปกครองตนเองซูมี",
"Ukraine_Ternopil Oblast":"แคว้นปกครองตนเองเทอร์โนพิล",
"Ukraine_Vinnytsia Oblast":"แคว้นปกครองตนเองวินนีเซีย",
"Ukraine_Volyn Oblast":"แคว้นปกครองตนเองโวลิน",
"Ukraine_Zakarpattia Oblast":"แคว้นปกครองตนเองซาคาร์พาเทีย",
"Ukraine_Zaporizhia Oblast":"แคว้นปกครองตนเองซาพอริซาซา",
"Ukraine_Zhytomyr Oblast":"แคว้นปกครองตนเองไซโตไมร์",
"United Arab Emirates":"สหรัฐอาหรับเอมิเรตส์",
"United Kingdom":"สหราชอาณาจักร",
"United States Virgin Islands":"หมู่เกาะเวอร์จินของสหรัฐอเมริกา",
"United States of America":"สหรัฐอเมริกา",
"Uruguay":"ประเทศอุรุกวัย",
"Uzbekistan":"ประเทศอุซเบกิสถาน",
"Vanuatu":"ประเทศวานูอาตู",
"Venezuela":"ประเทศเวเนซุเอลา",
"Vietnam":"ประเทศเวียดนาม",
"Virginia":"รัฐเวอร์จิเนีย",
"Wallis and Futuna":"วาลลิสและฟุตูนา",
"Washington":"รัฐวอชิงตัน",
"Willis Island":"เกาะวิลลิส",
"Wisconsin":"รัฐวิสคอนซิน",
"Yemen":"ประเทศเยเมน",
"Zambia":"ประเทศแซมเบีย",
"Zimbabwe":"ประเทศซิมบับเว",
"Argentina_Santa Fe":"รัฐซานตาเฟ",
"Australia_Brisbane":"บริสเบน",
"Australia_Sydney":"ซิดนีย์",
"Austria_Styria_Graz":"รัฐสติเรีย — กราซ",
"Austria_Styria_Leoben":"สตีเรีย — ลีโอเบน",
"Austria_Upper Austria_Linz":"รัฐอัปเปอร์ออสเตรีย — ลินซ์",
"Austria_Upper Austria_Wels":"ออสเตรียรเหนือ — เวลส์",
"Bolivia_North":"ประเทศโบลิเวีย — เหนือ",
"Bolivia_South":"ประเทศโบลิเวีย — ใต้",
"Brazil_Goias_Brasilia":"รัฐโกยาส — บราซีเลีย",
"Brazil_Goias_North":"รัฐโกยาส — เหนือ",
"Brazil_North Region_East":"ภูมิภาคเหนือ — ตะวันออก",
"Brazil_North Region_West":"ภูมิภาคเหนือ — ตะวันตก",
"Brazil_Northeast Region_East":"ภูมิภาคตะวันออกเฉียงเหนือ — ตะวันออก",
"Brazil_Northeast Region_West":"ภูมิภาคตะวันออกเฉียงเหนือ — ตะวันตก",
"Brazil_Parana_East":"รัฐปารานา — ตะวันออก",
"Brazil_Parana_West":"รัฐปารานา — ตะวันตก",
"Brazil_South Region_East":"ภูมิภาคใต้ — ตะวันออก",
"Brazil_South Region_West":"ภูมิภาคใต้ — ตะวันตก",
"Bulgaria_East":"ประเทศบัลแกเรีย — ตะวันออก",
"Bulgaria_West":"ประเทศบัลแกเรีย — ตะวันตก",
"Canada_Ontario_Northeastern_W":"วาวา",
"Chile_Central":"ประเทศชิลี — กลาง",
"Congo-Kinshasa_Kivu":"กิวู",
"Congo-Kinshasa_West":"สาธารณรัฐประชาธิปไตยคองโก — ตะวันตก",
"Croatia_Central":"ประเทศโครเอเชีย — กลาง",
"Croatia_West":"ประเทศโครเอเชีย — ตะวันตก",
"Ecuador_East":"ประเทศเอกวาดอร์ — ตะวันออก",
"Ecuador_West":"ประเทศเอกวาดอร์ — ตะวันตก",
"Finland_Eastern Finland_North":"ฟินแลนด์ตะวันออก — เหนือ",
"Finland_Eastern Finland_South":"ฟินแลนด์ตะวันออก — ใต้",
"Finland_Western Finland_Jyvaskyla":"ฟินแลนด์ตะวันตก — วีแวสไคแล",
"Finland_Western Finland_Tampere":"ฟินแลนด์ตะวันตก — แทมเปเร",
"France_Free County_North":"แคว้นฟร็องช์-กงเต — เหนือ",
"France_Free County_South":"แคว้นฟร็องช์-กงเต — ใต้",
"France_Pays de la Loire_Loire-Atlantique_Nantes":"จังหวัดลัวรัตล็องติก — น็องต์",
"France_Pays de la Loire_Loire-Atlantique_Saint-Nazaire":"จังหวัดลัวรัตล็องติก — แซ็ง-นาแซร์",
"Germany_Free State of Bavaria_Upper Bavaria_South":"อัปเปอร์บาวาเรีย — ใต้",
"India_Karnataka_North":"รัฐกรณาฏกะ — เหนือ",
"India_Karnataka_South":"รัฐกรณาฏกะ — ใต้",
"Iran_East":"ประเทศอิหร่าน — ตะวันออก",
"Iraq_North":"ประเทศอิรัก — เหนือ",
"Iraq_South":"ประเทศอิรัก — ใต้",
"Japan_Chubu Region_Aichi_Nagoya":"จังหวัดไอชิ — นะโงะยะ",
"Japan_Chubu Region_Aichi_Toyohashi":"จังหวัดไอชิ — โทะโยะฮะชิ",
"Japan_Hokkaido Region_Sapporo":"ซัปโปะโระ",
"Japan_Kinki Region_Osaka_Osaka":"โอซะกะ",
"Japan_Kinki Region_Osaka_West":"จังหวัดโอซะกะ — ตะวันตก",
"Kazakhstan_North":"ประเทศคาซัคสถาน — เหนือ",
"Kazakhstan_South":"ประเทศคาซัคสถาน — ใต้",
"Lithuania_East":"ประเทศลิทัวเนีย — ตะวันออก",
"Lithuania_West":"ประเทศลิทัวเนีย — ตะวันตก",
"Mexico_Chihuahua":"รัฐชีวาวา",
"Mexico_Sonora":"รัฐโซโนรา",
"Nepal_Kathmandu":"กาฐมาณฑุ",
"Nepal_Madhyamanchal":"ภูมิภาคกลาง",
"Nepal_Purwanchal":"ภูมิภาคตะวันออก",
"Nigeria_North":"ประเทศไนจีเรีย — เหนือ",
"Nigeria_South":"ประเทศไนจีเรีย — ใต้",
"Norway_Hordaland":"ฮอร์ดาแลนด์",
"Norway_Nordland":"นอร์ดแลนด์",
"Norway_North Trondelag":"นอร์ด-ทรอนเดอลาก",
"Norway_Rogaland":"โรกาแลนด์",
"Norway_South Trondelag":"โซร์-ทรอนเดอลาก",
"Peru_Lima":"ลิมา",
"Portugal_Islands":"เกาะในประเทศโปรตุเกส",
"Portugal_Viseu":"วีเซว",
"Russia_Krasnoyarsk Krai_North":"สาธารณรัฐคราสโนยาสก์ — เหนือ",
"Russia_Krasnoyarsk Krai_South":"สาธารณรัฐคราสโนยาสก์ — ใต้",
"Russia_Moscow Oblast_East":"แคว้นปกครองตนเองมอสโกว — ตะวันออก",
"Russia_Moscow Oblast_West":"แคว้นปกครองตนเองมอสโกว — ตะวันตก",
"Russia_Perm Krai_North":"สาธารณรัฐเพิร์ม — เหนือ",
"Russia_Perm Krai_South":"สาธารณรัฐเพิร์ม — ใต้",
"Russia_Republic of Karelia_North":"สาธารณรัฐคาเรลียา — เหนือ",
"Russia_Republic of Karelia_South":"สาธารณรัฐคาเรลียา — ใต้",
"Russia_Sverdlovsk Oblast_North":"แคว้นปกครองตนเองสเวอร์ดอฟสก์ — เหนือ",
"Russia_Sverdlovsk Oblast_Ekaterinburg":"แคว้นปกครองตนเองสเวอร์ดอฟสก์ — เยไครตินเบิร์ก",
"Russia_Yugra_Khanty":"ยูกรา — คานตี-แมนสิสก์",
"Russia_Yugra_Surgut":"ยูกรา — เซอร์กุต",
"Saudi Arabia_North":"ประเทศซาอุดีอาระเบีย — เหนือ",
"Saudi Arabia_South":"ประเทศซาอุดีอาระเบีย — ใต้",
"Slovenia_East":"ประเทศสโลวีเนีย — ตะวันออก",
"Slovenia_West":"ประเทศสโลวีเนีย — ตะวันตก",
"Spain_Andalusia_Granada":"แคว้นอันดาลูซีอา — กรานาดา",
"Spain_Andalusia_Sevilla":"แคว้นอันดาลูซีอา — เซบียา",
"Spain_Castile and Leon_East":"แคว้นคาสตีลและเลออน — ตะวันออก",
"Spain_Castile and Leon_West":"แคว้นคาสตีลและเลออน — ตะวันตก",
"Spain_Galicia_North":"แคว้นกาลิเซีย — เหนือ",
"Spain_Galicia_South":"แคว้นกาลิเซีย — ใต้",
"Sudan_East":"ประเทศซูดาน — ตะวันออก",
"Sudan_West":"ประเทศซูดาน — ตะวันตก",
"Sweden_Stockholm":"สตอกโฮล์ม",
"Switzerland_Espace Mittelland_Bern":"เอสเปส มิตเตลลัน — เบิร์น",
"Switzerland_Espace Mittelland_East":"เอสเปส มิตเตลลัน — ตะวันออก",
"Taiwan_North":"ประเทศไต้หวัน — เหนือ",
"Taiwan_South":"ประเทศไต้หวัน — ใต้",
"Thailand_Central":"ประเทศไทย — กลาง",
"Turkey_Central Anatolia Region_Ankara":"อนาโตเลียกลาง — แอนการา",
"Turkey_Central Anatolia Region_Kayseri":"อนาโตเลียกลาง — เคย์เซรี",
"Turkey_Marmara Region_Bursa":"ภูมิภาคมาร์มารา — เบอร์ซา",
"Turkey_Marmara Region_Istanbul":"ภูมิภาคมาร์มารา — อิสตันบูล",
"US_Arkansas_North":"รัฐอาร์คันซอ — เหนือ",
"US_Arkansas_South":"รัฐอาร์คันซอ — ใต้",
"US_Florida_Gainesvile":"เกนสวิลล์",
"US_Idaho_North":"รัฐไอดาโฮ — เหนือ",
"US_Idaho_South":"รัฐไอดาโฮ — ใต้",
"US_Indiana_Evansville":"เอวันส์วิลล์",
"US_Indiana_Indianapolis":"อินเดียแนโพลิส",
"US_Kansas_Wichita":"วิชิทอ",
"US_Kentucky_Louisville":"ลุยส์วิลล์",
"US_Michigan_Grand Rapids":"แกรนด์แรปิดส์",
"US_Michigan_Lansing":"แลนซิง",
"US_Mississippi_Gulfport":"กัลฟ์พอร์ต",
"US_Mississippi_North":"รัฐมิสซิสซิปปี — เหนือ",
"US_Missouri_Kansas":"แคนซัสซิตี",
"US_Missouri_Springfield":"สปริงฟิลด์",
"US_Missouri_St Louis":"เซนต์หลุยส์",
"US_Montana_East":"รัฐมอนแทนา — ตะวันออก",
"US_Montana_West":"รัฐมอนแทนา — ตะวันตก",
"US_Nebraska_East":"รัฐเนแบรสกา — ตะวันออก",
"US_Nebraska_West":"รัฐเนแบรสกา — ตะวันตก",
"US_New Mexico_Albuquerque":"แอลบูเคอร์คี",
"US_New Mexico_Roswell":"รอสเวลล์",
"US_Ohio_Cincinnati":"ซินซินแนติ",
"US_Ohio_Columbus":"โคลัมบัส",
"US_Ohio_Toledo":"โทเลโด",
"US_Oklahoma_Oklahoma":"โอคลาโฮมาซิตี",
"US_Oklahoma_Tulsa":"ทัลซา",
"US_South Carolina_Charleston":"ชาร์ลสตัน",
"US_Texas_Amarillo":"อะมาริลโล",
"US_Texas_Lubbock":"ลับบอก",
"US_Utah_North":"รัฐยูทาห์ — เหนือ",
"US_Utah_South":"รัฐยูทาห์ — ใต้",
"US_Virginia_Alexandria":"อเล็กซานเดรีย",
"US_Wisconsin_Eau Claire":"โอแคลร์",
"US_Wisconsin_Madison":"เมดิสัน",
"Venezuela_North":"ประเทศเวเนซุเอลา — เหนือ",
"Venezuela_South":"ประเทศเวเนซุเอลา — ใต้",
"Argentina_Buenos Aires_Buenos Aires":"บัวโนสไอเรส",
"Canada_Quebek_Lachute":"ลาชูต",
"Canada_Saskatchewan_Regina":"เรจินา",
"Canada_Saskatchewan_Saskatoon":"ซาสคาตูน",
"Germany_Lower Saxony_Braunschweig":"เบราน์ชไวก์",
"Germany_Saxony-Anhalt_Halle":"แซกโซนี-แอนฮอลต์ — แฮล",
"Germany_Saxony-Anhalt_Magdeburg":"รัฐแซกโซนี-อันฮัลต์ — มักเดบูร์ก",
"Germany_Schleswig-Holstein_Flensburg":"รัฐชเลสวิก-โฮลชไตน์ — เฟลนส์บูร์ก",
"Germany_Schleswig-Holstein_Kiel":"รัฐชเลสวิก-โฮลชไตน์ — คีล",
"Portugal_Porto":"โปร์ตู",
"UK_England_North West England_Lancaster":"อังกฤษตะวันตกเฉียงเหนือ — แลงคาสเตอร์",
"UK_England_North West England_Manchester":"นอร์ทเวสต์อิงแลนด์ — แมนเชสเตอร์",
"US_Florida_Gainesville":"เกนสวิลล์",
"US_Texas_Victoria":"วิกตอเรีย",
"US_Virginia_Norfolk":"นอร์โฟล์ก"
}
