{
"Abkhazia":"Abházia",
"Afghanistan":"Afganisztán",
"Alabama":"Alabama",
"Albania":"Albánia",
"Algeria":"Algéria",
"Algeria_Central":"Algéria — Középpont",
"Algeria_Coast":"Algéria — Észak",
"Andorra":"Andorra",
"Angola":"Angola",
"Anguilla":"Anguilla",
"Antarctica":"Antarktika",
"Antigua and Barbuda":"Antigua és Barbuda",
"Argentina":"Argentína",
"Argentina_Buenos Aires_North":"Buenos Aires tartomány — Észak",
"Argentina_Buenos Aires_South":"Buenos Aires tartomány — Dél",
"Argentina_Cuyo":"Cuyo",
"Argentina_Mesopotamia":"Mesopotamia",
"Argentina_Northwest":"Argentína - Észak-nyugat",
"Argentina_Pampas":"Pampas",
"Argentina_Patagonia":"Patagónia",
"Arizona":"Arizona",
"Armenia":"Örményország",
"Australia":"Ausztrália",
"Australia_Melbourne":"Melbourne",
"Australia_New South Wales":"Új-Dél-Wales",
"Australia_Northern Territory":"Északi terület",
"Australia_Queensland":"Queensland",
"Australia_South Australia":"Dél-Ausztrália",
"Australia_Tasmania":"Tasmania",
"Australia_Victoria":"Victoria",
"Australia_Western Australia":"Nyugat-Ausztrália",
"Austria":"Ausztria",
"Austria_Burgenland":"Burgenland",
"Austria_Carinthia":"Karintia",
"Austria_Lower Austria_West":"Alsó-Ausztria — Nyugat",
"Austria_Lower Austria_Wien":"Bécs",
"Austria_Salzburg":"Salzburg",
"Austria_Styria":"Stájerország",
"Austria_Tyrol":"Tirol",
"Austria_Upper Austria":"Felső-Ausztria",
"Austria_Vorarlberg":"Vorarlberg",
"Azerbaijan":"Azerbajdzsán",
"Azerbaijan Region":"Azerbajdzsán",
"Bahrain":"Bahrein",
"Bangladesh":"Banglades",
"Barbados":"Barbados",
"Belarus":"Fehéroroszország",
"Belarus_Brest Region":"Breszti terület",
"Belarus_Homiel Region":"Homeli terület",
"Belarus_Hrodna Region":"Hrodnai terület",
"Belarus_Maglieu Region":"Mahiljovi terület",
"Belarus_Minsk Region":"Minszki terület",
"Belarus_Vitebsk Region":"Vicebszki terület",
"Belgium":"Belgium",
"Belgium_Antwerp":"Antwerpen",
"Belgium_East Flanders":"Kelet-Flandria",
"Belgium_Flemish Brabant":"Flamand-Brabant",
"Belgium_Hainaut":"Hainaut",
"Belgium_Liege":"Liège",
"Belgium_Limburg":"Limburg",
"Belgium_Luxembourg":"Luxembourg",
"Belgium_Namur":"Namur",
"Belgium_Walloon Brabant":"Vallon-Brabant",
"Belgium_West Flanders":"Nyugat-Flandria",
"Belize":"Belize",
"Benin":"Benin",
"Bermuda":"Bermuda",
"Bhutan":"Bhután",
"Bolivia":"Bolívia",
"Bosnia and Herzegovina":"Bosznia-Hercegovina",
"Bosnia and Herzegovina_Brcko district of Bosnia and Herzegowina":"Brčkói Körzet",
"Bosnia and Herzegovina_Entity Federation of Bosnia and Herzegovina":"Bosznia-hercegovinai Föderáció",
"Bosnia and Herzegovina_Republic of Srpska":"Boszniai Szerb Köztársaság",
"Botswana":"Botswana",
"Brazil":"Brazília",
"Brazil_Bahia":"Bahia",
"Brazil_Goias":"Goiás",
"Brazil_Mato Grosso":"Mato Grosso",
"Brazil_Mato Grosso Do Sul":"Mato Grosso do Sul",
"Brazil_North Region":"Brazília északi régiója",
"Brazil_Northeast Region":"Észak-keleti régió",
"Brazil_Paraiba":"Paraíba",
"Brazil_Parana":"Paraná",
"Brazil_Rio Grande do Norte":"Rio Grande do Norte",
"Brazil_Santa Catarina":"Santa Catarina",
"Brazil_South Region":"Dél-Brazília",
"Brazil_Southeast Region_Espirito Santo":"Espírito Santo",
"Brazil_Southeast Region_Minas Gerais_Contagem":"Minas Gerais — Contagem",
"Brazil_Southeast Region_Minas Gerais_North":"Minas Gerais — Észak",
"Brazil_Southeast Region_Rio de Janeiro":"Rio de Janeiro",
"Brazil_Southeast Region_Sao Paulo_Campinas":"São Paulo — Campinas",
"Brazil_Southeast Region_Sao Paulo_City":"São Paulo — Santos",
"Brazil_Southeast Region_Sao Paulo_West":"São Paulo — Ribeirão Preto",
"British Indian Ocean Territory":"Brit Indiai-óceáni Terület",
"British Virgin Islands":"Brit Virgin-szigetek",
"Brunei":"Brunei",
"Bulgaria":"Bulgária",
"Burkina Faso":"Burkina Faso",
"Burundi":"Burundi",
"California":"Kalifornia",
"Cambodia":"Kambodzsa",
"Cameroon":"Kamerun",
"Cameroon_Central":"Kamerun — Középpont",
"Cameroon_West":"Kamerun — Nyugat",
"Campo de Hielo Sur":"Dél-patagóniai-jégmező",
"Canada":"Kanada",
"Canada_Alberta":"Alberta",
"Canada_Alberta_Edmonton":"Edmonton",
"Canada_Alberta_North":"Alberta — Észak",
"Canada_Alberta_South":"Alberta — Dél",
"Canada_British Columbia":"Brit Columbia",
"Canada_British Columbia_Central":"Brit Columbia — Középpont",
"Canada_British Columbia_Far_North":"Brit Columbia — Kelet",
"Canada_British Columbia_Islands":"Vancouver-sziget",
"Canada_British Columbia_North":"Brit Columbia — Nyugat",
"Canada_British Columbia_Northeast":"Brit Columbia — Észak",
"Canada_British Columbia_Southeast":"Kelowna",
"Canada_British Columbia_Vancouver":"Vancouver",
"Canada_Labrador":"Labrador",
"Canada_Labrador_North":"Labrador — Észak",
"Canada_Labrador_South":"Labrador — Dél",
"Canada_Labrador_West":"Labrador — Nyugat",
"Canada_Manitoba":"Manitoba",
"Canada_Manitoba_Northeast":"Manitoba — Észak",
"Canada_Manitoba_Northwest":"Manitoba — Nyugat",
"Canada_Manitoba_South":"Brandon",
"Canada_Manitoba_Winnipeg":"Winnipeg",
"Canada_New Brunswick":"Új-Brunswick",
"Canada_Newfoundland":"Új-Fundland",
"Canada_Newfoundland_East":"Új-Fundland — Kelet",
"Canada_Newfoundland_North":"Új-Fundland — Észak",
"Canada_Newfoundland_South":"Új-Fundland — Dél",
"Canada_Newfoundland_West":"Új-Fundland — Nyugat",
"Canada_Northwest Territories":"Északnyugati területek",
"Canada_Northwest Territories_East":"Északnyugati területek — Kelet",
"Canada_Northwest Territories_North":"Északnyugati területek — Észak",
"Canada_Northwest Territories_Yellowknife":"Yellowknife",
"Canada_Nova Scotia":"Új-Skócia",
"Canada_Nova Scotia_Halifax":"Halifax",
"Canada_Nova Scotia_Sydney":"Sydney",
"Canada_Nunavut":"Nunavut",
"Canada_Nunavut_North":"Nunavut — Észak",
"Canada_Nunavut_South":"Nunavut — Dél",
"Canada_Ontario":"Ontario",
"Canada_Ontario_Bame":"Barrie",
"Canada_Ontario_Kingston":"Kingston",
"Canada_Ontario_London":"London",
"Canada_Ontario_Northeastern_Central":"Timmins",
"Canada_Ontario_Northeastern_North":"Moose Factory",
"Canada_Ontario_Northeastern_S":"Greater Sudbury",
"Canada_Ontario_Northeastern_SE":"North Bay",
"Canada_Ontario_Northeastern_SW":"Sault Ste.  Marie",
"Canada_Ontario_Northeastern_Wawa":"Wawa",
"Canada_Ontario_Northern":"Thunder Bay",
"Canada_Ontario_Northwestern":"Ontario — Észak",
"Canada_Ontario_Toronto":"Toronto",
"Canada_Prince Edward Island":"Prince Edward-sziget",
"Canada_Quebec":"Québec",
"Canada_Quebec_Quebec":"Québec",
"Canada_Quebek_Far North":"Québec — Észak",
"Canada_Quebek_Montreal":"Montréal",
"Canada_Quebek_North":"Sept-Îles",
"Canada_Quebek_Southeast_Rimouski":"Rimouski",
"Canada_Quebek_Southeast_Saguenay":"Saguenay",
"Canada_Quebek_West_Chibougamau":"Chibougamau",
"Canada_Quebek_West_Rouyn-Noranda":"Rouyn-Noranda",
"Canada_Saskatchewan":"Saskatchewan",
"Canada_Saskatchewan_North":"Saskatchewan — Észak",
"Canada_Saskatchewan_South":"Saskatchewan — Dél",
"Canada_Yukon":"Yukon",
"Canada_Yukon_North":"Yukon — Észak",
"Canada_Yukon_Whitehorse":"Whitehorse",
"Cape Verde":"Zöld-foki Köztársaság",
"Caribees":"Kis-Antillák",
"Caribisch Nederland":"Karibi Hollandia",
"Cayman Islands":"Kajmán-szigetek",
"Central African Republic":"Közép-afrikai Köztársaság",
"Central Anatolia Region":"Közép-anatóliai régió",
"Chad":"Csád",
"Chile":"Chile",
"Chile_North":"Chile — Észak",
"Chile_South":"Chile — Dél",
"China_Anhui":"Anhuj",
"China_Chongqing":"Csungking",
"China_Fujian":"Fucsien",
"China_Gansu":"Kanszu",
"China_Guangdong":"Kuangtung",
"China_Guangxi":"Kuanghszi",
"China_Guizhou":"Kujcsou",
"China_Hebei":"Hopej",
"China_Heilongjiang":"Hejlungcsiang",
"China_Henan":"Honan",
"China_Hubei":"Hupej",
"China_Hunan":"Hunan",
"China_Inner Mongolia":"Belső-Mongólia",
"China_Jiangsu":"Csiangszu",
"China_Jiangxi":"Csianghszi",
"China_Jilin":"Csilin",
"China_Liaoning":"Liaoning",
"China_Ningxia Hui":"Ninghszia",
"China_Qinghai":"Csinghaj",
"China_Shaanxi":"Senhszi",
"China_Shandong":"Santung",
"China_Shanghai":"Sanghaj",
"China_Shanxi":"Sanhszi",
"China_Sichuan":"Szecsuan",
"China_Tibet Autonomous Region":"Tibeti autonóm tartomány",
"China_Xinjiang":"Hszincsiang–Ujgur Autonóm Terület",
"China_Yunnan":"Jünnan",
"China_Zhejiang":"Csöcsiang",
"Colombia":"Kolumbia",
"Colombia_East":"Kolumbia — Kelet",
"Colombia_North":"Kolumbia — Észak",
"Colombia_West":"Kolumbia — Nyugat",
"Colorado":"Colorado",
"Comoros":"Comore-szigetek",
"Congo-Brazzaville":"Kongói Köztársaság",
"Congo-Kinshasa":"Kongói Demokratikus Köztársaság",
"Cook Islands":"Cook-szigetek",
"Costa Rica":"Costa Rica",
"Cote dIvoire":"Elefántcsontpart",
"Crimea":"Krím",
"Croatia":"Horvátország",
"Cuba":"Kuba",
"Cyprus":"Ciprus",
"Czech Republic":"Csehország",
"Czech_Jihovychod_Jihomoravsky kraj":"Dél-morva kerület",
"Czech_Jihovychod_Kraj Vysocina":"Vysočina kerület",
"Czech_Jihozapad_Jihocesky kraj":"Dél-csehországi kerület",
"Czech_Jihozapad_Plzensky kraj":"Plzeňi kerület",
"Czech_Karlovasky kraj":"Karlovy Vary-i kerület",
"Czech_Moravskoslezsko":"Morva–Sziléziai kerület",
"Czech_Olomoucky kraj":"Olomouci kerület",
"Czech_Praha":"Prága",
"Czech_Severovychod_Kralovehradecky kraj":"Hradec Králové-i kerület",
"Czech_Severovychod_Liberecky kraj":"Libereci kerület",
"Czech_Severovychod_Pardubicky kraj":"Pardubicei kerület",
"Czech_Stredni Cechy_East":"Közép-csehországi kerület — Kelet",
"Czech_Stredni Cechy_West":"Közép-csehországi kerület — Nyugat",
"Czech_Ustecky kraj":"Ústí nad Labem-i kerület",
"Czech_Zlinsky Kraj":"Zlíni kerület",
"Denmark":"Dánia",
"Denmark_Capital Region of Denmark":"Hovedstaden régió",
"Denmark_Central Denmark Region":"Midtjylland régió",
"Denmark_North Denmark Region":"Nordjylland régió",
"Denmark_Region Zealand":"Sjælland régió",
"Denmark_Region of Southern Denmark":"Syddanmark régió",
"Djibouti":"Dzsibuti",
"Dominica":"Dominikai Közösség",
"Dominican Republic":"Dominikai Köztársaság",
"East Timor":"Kelet-Timor",
"Ecuador":"Ecuador",
"Egypt":"Egyiptom",
"El Salvador":"El Salvador",
"Equatorial Guinea":"Egyenlítői-Guinea",
"Eritrea":"Eritrea",
"Estonia":"Észtország",
"Estonia_East":"Észtország — Kelet",
"Estonia_West":"Észtország — Nyugat",
"Ethiopia":"Etiópia",
"Falkland Islands":"Falkland-szigetek",
"Faroe Islands":"Feröer",
"Federated States of Micronesia":"Mikronéziai Szövetségi Államok",
"Fiji":"Fidzsi-szigetek",
"Finland":"Finnország",
"Finland_Eastern Finland":"Kelet-Finnország",
"Finland_Northern Finland":"Észak-Finnország",
"Finland_Southern Finland_Helsinki":"Dél-Finnország — Helsinki",
"Finland_Southern Finland_Lappeenranta":"Dél-Finnország — Lappeenranta",
"Finland_Southern Finland_West":"Dél.nyugat Finnország",
"Finland_Western Finland":"Nyugat-Finnország",
"Florida":"Florida",
"France":"Franciaország",
"France_Alsace":"Elzász",
"France_Alsace_Bas-Rhin":"Bas-Rhin",
"France_Alsace_Haut-Rhin":"Haut-Rhin",
"France_Aquitaine":"Aquitania",
"France_Aquitaine_Dordogne":"Dordogne",
"France_Aquitaine_Gironde":"Gironde",
"France_Aquitaine_Landes":"Landes",
"France_Aquitaine_Lot-et-Garonne":"Lot-et-Garonne",
"France_Aquitaine_Pyrenees-Atlantiques":"Pyrénées-Atlantiques",
"France_Auvergne":"Auvergne",
"France_Auvergne_Allier":"Allier",
"France_Auvergne_Cantal":"Cantal",
"France_Auvergne_Haute-Loire":"Haute-Loire",
"France_Auvergne_Puy-de-Dome":"Puy-de-Dôme",
"France_Brittany":"Bretagne",
"France_Brittany_Cotes-dArmor":"Côtes-d’Armor",
"France_Brittany_Finistere":"Finistère",
"France_Brittany_Ille-et-Vilaine":"Ille-et-Vilaine",
"France_Brittany_Morbihan":"Morbihan",
"France_Burgundy":"Burgundia",
"France_Burgundy_Cote-dOr":"Côte-d’Or",
"France_Burgundy_Nievre":"Nièvre",
"France_Burgundy_Saone-et-Loire":"Saône-et-Loire",
"France_Burgundy_Yonne":"Yonne",
"France_Centre-Val de Loire":"Centre",
"France_Centre-Val de Loire_Cher":"Cher",
"France_Centre-Val de Loire_Eure-et-Loir":"Eure-et-Loir",
"France_Centre-Val de Loire_Indre":"Indre",
"France_Centre-Val de Loire_Indre-et-Loire":"Indre-et-Loire",
"France_Centre-Val de Loire_Loir-et-Cher":"Loir-et-Cher",
"France_Centre-Val de Loire_Loiret":"Loiret",
"France_Champagne-Ardenne":"Champagne-Ardenne",
"France_Corsica":"Korzika",
"France_Free County":"Franche-Comté",
"France_French Guiana":"Francia Guyana",
"France_Ile-de-France":"Île-de-France",
"France_Ile-de-France_Essonne":"Essonne",
"France_Ile-de-France_Hauts-de-Seine":"Hauts-de-Seine",
"France_Ile-de-France_Paris":"Párizs",
"France_Ile-de-France_Seine-Saint-Denis":"Seine-Saint-Denis",
"France_Ile-de-France_Seine-et-Marne":"Seine-et-Marne",
"France_Ile-de-France_Val-dOise":"Val-d’Oise",
"France_Ile-de-France_Val-de-Marne":"Val-de-Marne",
"France_Ile-de-France_Yvelines":"Yvelines",
"France_Languedoc-Roussillon":"Languedoc-Roussillon",
"France_Languedoc-Roussillon_Aude":"Aude",
"France_Languedoc-Roussillon_Gard":"Gard",
"France_Languedoc-Roussillon_Herault":"Hérault",
"France_Languedoc-Roussillon_Lozere":"Lozère",
"France_Languedoc-Roussillon_Pyrenees-Orientales":"Pyrénées-Orientales",
"France_Limousin":"Limousin",
"France_Lorraine":"Lotaringia",
"France_Lorraine_Meurthe-et-Moselle":"Meurthe-et-Moselle",
"France_Lorraine_Meuse":"Meuse",
"France_Lorraine_Moselle":"Moselle",
"France_Lorraine_Vosges":"Vosges",
"France_Lower Normandy":"Alsó-Normandia",
"France_Lower Normandy_Calvados":"Calvados",
"France_Lower Normandy_Manche":"Manche",
"France_Lower Normandy_Orne":"Orne",
"France_Midi-Pyrenees":"Midi-Pyrénées",
"France_Midi-Pyrenees_Ariege":"Ariège",
"France_Midi-Pyrenees_Aveyron":"Aveyron",
"France_Midi-Pyrenees_Gers":"Gers",
"France_Midi-Pyrenees_Haute-Garonne":"Haute-Garonne",
"France_Midi-Pyrenees_Hautes-Pyrenees":"Hautes-Pyrénées",
"France_Midi-Pyrenees_Lot":"Lot",
"France_Midi-Pyrenees_Tarn":"Tarn",
"France_Midi-Pyrenees_Tarn-et-Garonne":"Tarn-et-Garonne",
"France_New Caledonia":"Új-Kaledónia",
"France_Nord-Pas-de-Calais":"Nord-Pas-de-Calais",
"France_Nord-Pas-de-Calais_Lille":"Lille",
"France_Nord-Pas-de-Calais_Nord":"Nord",
"France_Nord-Pas-de-Calais_Pas-de-Calais":"Pas-de-Calais",
"France_Pays de la Loire":"Loire-mente",
"France_Pays de la Loire_Loire-Atlantique":"Loire-Atlantique",
"France_Pays de la Loire_Maine-et-Loire":"Maine-et-Loire",
"France_Pays de la Loire_Mayenne":"Mayenne",
"France_Pays de la Loire_Sarthe":"Sarthe",
"France_Pays de la Loire_Vendee":"Vendée",
"France_Picardy":"Pikárdia",
"France_Picardy_Aisne":"Aisne",
"France_Picardy_Oise":"Oise",
"France_Picardy_Somme":"Somme",
"France_Poitou-Charentes":"Poitou-Charentes",
"France_Poitou-Charentes_Charente":"Charente",
"France_Poitou-Charentes_Charente-Maritime":"Charente-Maritime",
"France_Poitou-Charentes_Deux-Sevres":"Deux-Sèvres",
"France_Poitou-Charentes_Vienne":"Vienne",
"France_Provence-Alpes-Cote dAzur":"Provence-Alpes-Côte d’Azur",
"France_Provence-Alpes-Cote dAzur_Alpes-de-Haute-Provence":"Alpes-de-Haute-Provence",
"France_Provence-Alpes-Cote dAzur_Bouches-du-Rhone":"Bouches-du-Rhône",
"France_Provence-Alpes-Cote dAzur_Hautes-Alpes":"Hautes-Alpes",
"France_Provence-Alpes-Cote dAzur_Maritime Alps":"Alpes-Maritimes",
"France_Provence-Alpes-Cote dAzur_Var":"Var",
"France_Provence-Alpes-Cote dAzur_Vaucluse":"Vaucluse",
"France_Rhone-Alpes":"Rhône-Alpes",
"France_Rhone-Alpes_Ain":"Ain",
"France_Rhone-Alpes_Ardeche":"Ardèche",
"France_Rhone-Alpes_Drome":"Drôme",
"France_Rhone-Alpes_Haute-Savoie":"Haute-Savoie",
"France_Rhone-Alpes_Isere":"Isère",
"France_Rhone-Alpes_Loire":"Loire",
"France_Rhone-Alpes_Rhone":"Rhône",
"France_Rhone-Alpes_Savoie":"Savoie",
"France_Southern Islands":"Francia déli és antarktiszi területek",
"France_Upper Normandy":"Felső-Normandia",
"French Polynesia":"Francia Polinézia",
"Gabon":"Gabon",
"Georgia":"Grúzia",
"Germany":"Németország",
"Germany_Baden-Wurttemberg":"Baden-Württemberg",
"Germany_Baden-Wurttemberg_Regierungsbezirk Freiburg":"Freiburg im Breisgau",
"Germany_Baden-Wurttemberg_Regierungsbezirk Karlsruhe":"Regierungsbezirk Karlsruhe",
"Germany_Baden-Wurttemberg_Regierungsbezirk Stuttgart_Heilbronn":"Stuttgart, kormányzati régió — Heilbronn",
"Germany_Baden-Wurttemberg_Regierungsbezirk Stuttgart_Stuttgart":"Stuttgart kormányzati régió — Stuttgart",
"Germany_Baden-Wurttemberg_Regierungsbezirk Tubingen":"Tübingen",
"Germany_Berlin":"Berlin",
"Germany_Brandenburg_North":"Brandenburg — Észak",
"Germany_Brandenburg_South":"Brandenburg — Dél",
"Germany_Free State of Bavaria":"Bajorország",
"Germany_Free State of Bavaria_Lower Bavaria":"Alsó-Bajorország",
"Germany_Free State of Bavaria_Lower Franconia":"Alsó-Frankföld",
"Germany_Free State of Bavaria_Middle Franconia":"Közép-Frankónia",
"Germany_Free State of Bavaria_Swabia":"Svábföld",
"Germany_Free State of Bavaria_Upper Bavaria_East":"Felső-Bajorország — Kelet",
"Germany_Free State of Bavaria_Upper Bavaria_Ingolstadt":"Felső-Bajorország — Ingolstadt",
"Germany_Free State of Bavaria_Upper Bavaria_Munchen":"Felső-Bajorország — München",
"Germany_Free State of Bavaria_Upper Franconia":"Felső Framkónia",
"Germany_Free State of Bavaria_Upper Palatinate":"Oberpfalz",
"Germany_Hamburg_main":"Hamburg",
"Germany_Hesse":"Hessen",
"Germany_Hesse_Regierungsbezirk Darmstadt":"Darmstadt kormányzati régió",
"Germany_Hesse_Regierungsbezirk Giessen":"Giessen, kormányzati régió",
"Germany_Hesse_Regierungsbezirk Kassel":"Kassel",
"Germany_Lower Saxony":"Alsó-Szászország",
"Germany_Lower Saxony_Bremen_Bremen":"Bréma",
"Germany_Lower Saxony_Bremen_Munster":"Lüneburg",
"Germany_Lower Saxony_Hannover":"Hannover",
"Germany_Lower Saxony_Oldenburg":"Oldenburg",
"Germany_Mecklenburg-Vorpommern":"Mecklenburg–Elő-Pomeránia",
"Germany_North Rhine-Westphalia":"Észak-Rajna-Vesztfália",
"Germany_North Rhine-Westphalia_Regierungsbezirk Arnsberg_Arnsberg":"Arnsberg — Arnsberg",
"Germany_North Rhine-Westphalia_Regierungsbezirk Arnsberg_Dortmund":"Arnsberg — Dortmund",
"Germany_North Rhine-Westphalia_Regierungsbezirk Detmold":"Detmold",
"Germany_North Rhine-Westphalia_Regierungsbezirk Dusseldorf_Dusseldorf":"Düsseldorf — Düsseldorf",
"Germany_North Rhine-Westphalia_Regierungsbezirk Dusseldorf_Mulheim":"Düsseldorf — Mülheim an der Ruhr",
"Germany_North Rhine-Westphalia_Regierungsbezirk Dusseldorf_Wesel":"Düsseldorf — Düsseldorf",
"Germany_North Rhine-Westphalia_Regierungsbezirk Koln_Aachen":"Köln — Aachen",
"Germany_North Rhine-Westphalia_Regierungsbezirk Koln_Koln":"Köln — Köln",
"Germany_North Rhine-Westphalia_Regierungsbezirk Munster_Munster":"Münster — Münster",
"Germany_North Rhine-Westphalia_Regierungsbezirk Munster_Recklinghausen":"Münster — Recklinghausen",
"Germany_Rhineland-Palatinate_Koblenz":"Rajna-vidék–Pfalz — Koblenz",
"Germany_Rhineland-Palatinate_South":"Rajna-vidék–Pfalz — Mainz",
"Germany_Saarland":"Saar-vidék",
"Germany_Saxony-Anhalt":"Szász-Anhalt",
"Germany_Saxony_Dresden":"Szászország — Drezda",
"Germany_Saxony_Leipzig":"Szászország — Lipcse",
"Germany_Schleswig-Holstein":"Schleswig-Holstein",
"Germany_Thuringia":"Türingia",
"Ghana":"Ghána",
"Gibraltar":"Gibraltár",
"Greece":"Görögország",
"Greece_Decentralized Administration of Aegean":"Égei-tengeri közigazgatási régió",
"Greece_Decentralized Administration of Attica":"Attikai közigazgatási régió",
"Greece_Decentralized Administration of Crete":"Krétai közigazgatási régió",
"Greece_Decentralized Administration of Epirus - Western Macedonia":"Epirusz és Nyugat-Macedónia",
"Greece_Decentralized Administration of Macedonia and Thrace":"Macedóniai és trákiai közigazgatási régió",
"Greece_Decentralized Administration of Thessaly - Central Greece":"Szaloniki és Közép-Görögország",
"Greece_Decentralized Administration of West Greece":"Peloponnészoszi közigazgatási régió",
"Greenland":"Grönland",
"Grenada":"Grenada",
"Guadeloupe":"Guadeloupe",
"Guatemala":"Guatemala",
"Guernsey":"Guernsey",
"Guinea":"Guinea",
"Guinea-Bissau":"Bissau-Guinea",
"Guyana":"Guyana",
"Haiti":"Haiti",
"Honduras":"Honduras",
"Hungary":"Magyarország",
"Hungary_Kozep-Magyarorszag":"Közép-Magyarország",
"Hungary_Northern Great Plain":"Magyarország — Kelet",
"Hungary_Transdanubia":"Magyarország — Nyugat",
"Iceland":"Izland",
"Illinois":"Illinois",
"India":"India",
"India_Andaman and Nicobar Islands":"Andamán- és Nikobár-szigetek",
"India_Andhra Pradesh":"Ándhra Prades",
"India_Arunachal Pradesh":"Arunácsal Prades",
"India_Assam":"Asszám",
"India_Bihar":"Bihár",
"India_Chandigarh":"Csandígarh",
"India_Chhattisgarh":"Cshattíszgarh",
"India_Delhi":"Delhi",
"India_Goa":"Goa",
"India_Gujarat":"Gudzsarát",
"India_Haryana":"Harijána",
"India_Himachal Pradesh":"Himácsal Prades",
"India_Jammu and Kashmir":"Dzsammu és Kasmír",
"India_Jharkhand":"Dzshárkhand",
"India_Karnataka":"Karnátaka",
"India_Kerala":"Kerala",
"India_Lakshadweep":"Laksadíva",
"India_Madhya Pradesh":"Madhja Prades",
"India_Maharashtra":"Mahárástra",
"India_Manipur":"Manipur",
"India_Meghalaya":"Meghálaja",
"India_Mizoram":"Mizoram",
"India_Nagaland":"Nágaföld",
"India_Odisha":"Orisza",
"India_Punjab":"Pandzsáb",
"India_Rajasthan":"Rádzsasztán",
"India_Sikkim":"Szikkim",
"India_Tamil Nadu":"Tamilnádu",
"India_Telangana":"Telangána",
"India_Tripura":"Tripura",
"India_Uttar Pradesh":"Uttar Prades",
"India_Uttarakhand":"Uttarakhand",
"India_West Bengal":"Nyugat-Bengál",
"Indiana":"Indiana",
"Indonesia":"Indonézia",
"Indonesia_Central":"Sulawesi, Kalimantan",
"Indonesia_East":"Indonézia — Kelet",
"Indonesia_Jawa Barat":"Nyugat-Jávai tartomány",
"Indonesia_Jawa Tengah":"Közép-Jávai tartomány",
"Indonesia_Jawa Timur":"Kelet-Jávai tartomány",
"Indonesia_Nusa Tenggara":"Kis-Szunda-szigetek",
"Indonesia_West":"Szumátra",
"Iowa":"Iowa",
"Iran":"Irán",
"Iran_North":"Irán — Észak",
"Iran_South":"Irán — Dél",
"Iraq":"Irak",
"Ireland":"Írország",
"Ireland_Connacht":"Connacht",
"Ireland_Leinster":"Leinster",
"Ireland_Munster":"Munster",
"Ireland_Northern Counties":"Ulster",
"Isle of Man":"Man",
"Israel":"Izrael",
"Israel Region":"Izrael",
"Italy":"Olaszország",
"Italy_Abruzzo":"Abruzzo",
"Italy_Aosta Valley":"Valle d’Aosta",
"Italy_Apulia":"Puglia",
"Italy_Basilicata":"Basilicata",
"Italy_Calabria":"Calabria",
"Italy_Campania":"Campania",
"Italy_Emilia":"Emilia-Romagna",
"Italy_Emilia-Romagna_Bologna":"Bologna megye",
"Italy_Emilia-Romagna_Ferrara":"Ferrara megye",
"Italy_Emilia-Romagna_Forli-Cesena":"Forlì-Cesena megye",
"Italy_Emilia-Romagna_Modena":"Modena megye",
"Italy_Emilia-Romagna_Parma":"Parma megye",
"Italy_Emilia-Romagna_Piacenza":"Piacenza megye",
"Italy_Emilia-Romagna_Ravenna":"Ravenna megye",
"Italy_Emilia-Romagna_Reggio Emilia":"Reggio Emilia megye",
"Italy_Emilia-Romagna_Rimini":"Rimini megye",
"Italy_Friuli":"Friuli-Venezia Giulia",
"Italy_Friuli-Venezia Giulia_Gorizia":"Gorizia megye",
"Italy_Friuli-Venezia Giulia_Pordenone":"Pordenone megye",
"Italy_Friuli-Venezia Giulia_Trieste":"Trieszt megye",
"Italy_Friuli-Venezia Giulia_Udine":"Udine megye",
"Italy_Lazio":"Lazio",
"Italy_Liguria":"Liguria",
"Italy_Lombardy":"Lombardia",
"Italy_Lombardy_Bergamo":"Bergamo megye",
"Italy_Lombardy_Brescia":"Brescia megye",
"Italy_Lombardy_Como":"Como megye",
"Italy_Lombardy_Cremona":"Cremona megye",
"Italy_Lombardy_Lecco":"Lecco megye",
"Italy_Lombardy_Lodi":"Lodi megye",
"Italy_Lombardy_Mantua":"Mantua megye",
"Italy_Lombardy_Milan":"Milánó megye",
"Italy_Lombardy_Monza and Brianza":"Monza e Brianza megye",
"Italy_Lombardy_Pavia":"Pavia megye",
"Italy_Lombardy_Sondrio":"Sondrio megye",
"Italy_Lombardy_Varese":"Varese megye",
"Italy_Marche":"Marche",
"Italy_Molise":"Molise",
"Italy_Piemont":"Piemont",
"Italy_Piemont_Alessandria":"Alessandria megye",
"Italy_Piemont_Asti":"Asti megye",
"Italy_Piemont_Biella":"Biella megye",
"Italy_Piemont_Cuneo":"Cuneo megye",
"Italy_Piemont_Novara":"Novara megye",
"Italy_Piemont_Torino":"Torino megye",
"Italy_Piemont_Verbano-Cusio-Ossola":"Verbano-Cusio-Ossola megye",
"Italy_Piemont_Vercelli":"Vercelli megye",
"Italy_Sardinia":"Szardínia",
"Italy_Sicily":"Szicília",
"Italy_Trentino-Alto Adige Sudtirol":"Trentino-Alto Adige",
"Italy_Tuscany_Grosseto":"Toszkána — Grosseto megye",
"Italy_Tuscany_Massa e Carrara":"Toszkána — Massa-Carrara megye",
"Italy_Umbria":"Umbria",
"Italy_Veneto":"Veneto",
"Italy_Veneto_Belluno":"Belluno megye",
"Italy_Veneto_Padova":"Padova megye",
"Italy_Veneto_Rovigo":"Rovigo megye",
"Italy_Veneto_Treviso":"Treviso megye",
"Italy_Veneto_Venezia":"Velence megye",
"Italy_Veneto_Verona":"Verona megye",
"Italy_Veneto_Vicenza":"Vicenza megye",
"Jamaica":"Jamaica",
"Japan":"Japán",
"Japan_Chubu Region":"Csúbu",
"Japan_Chubu Region_Aichi":"Aicsi prefektúra",
"Japan_Chubu Region_Fukui":"Fukui prefektúra",
"Japan_Chubu Region_Gifu":"Gifu prefektúra",
"Japan_Chubu Region_Ishikawa":"Isikava prefektúra",
"Japan_Chubu Region_Nagano":"Nagano prefektúra",
"Japan_Chubu Region_Niigata":"Niigata prefektúra",
"Japan_Chubu Region_Shizuoka":"Sizuoka prefektúra",
"Japan_Chubu Region_Toyama":"Tojama prefektúra",
"Japan_Chubu Region_Yamanashi":"Jamanasi prefektúra",
"Japan_Chugoku Region":"Csúgoku",
"Japan_Chugoku Region_Hiroshima":"Hirosima prefektúra",
"Japan_Chugoku Region_Okayama":"Okajama prefektúra",
"Japan_Chugoku Region_Shimane":"Simane prefektúra",
"Japan_Chugoku Region_Tottori":"Tottori prefektúra",
"Japan_Chugoku Region_Yamaguchi":"Jamagucsi prefektúra",
"Japan_Hokkaido Region":"Hokkaidó",
"Japan_Hokkaido Region_East":"Hokkaidó — Kelet",
"Japan_Hokkaido Region_North":"Hokkaidó — Észak",
"Japan_Hokkaido Region_West":"Hokkaidó — Nyugat",
"Japan_Kanto":"Kantó",
"Japan_Kanto_Chiba":"Csiba prefektúra",
"Japan_Kanto_Gunma":"Gunma prefektúra",
"Japan_Kanto_Ibaraki":"Ibaraki prefektúra",
"Japan_Kanto_Kanagawa":"Kanagava prefektúra",
"Japan_Kanto_Saitama":"Szaitama prefektúra",
"Japan_Kanto_Tochigi":"Tocsigi prefektúra",
"Japan_Kanto_Tokyo":"Tokió",
"Japan_Kinki Region":"Kanszai",
"Japan_Kinki Region_Mie":"Mie prefektúra",
"Japan_Kinki Region_Nara":"Nara prefektúra",
"Japan_Kinki Region_Osaka":"Oszaka prefektúra",
"Japan_Kinki Region_Wakayama":"Vakajama prefektúra",
"Japan_Kyushu Region":"Kjúsú",
"Japan_Kyushu Region_Fukuoka":"Fukuoka prefektúra",
"Japan_Kyushu Region_Kagoshima":"Kagosima prefektúra",
"Japan_Kyushu Region_Kumamoto":"Kumamoto prefektúra",
"Japan_Kyushu Region_Miyazaki":"Mijazaki prefektúra",
"Japan_Kyushu Region_Nagasaki":"Nagaszaki prefektúra",
"Japan_Kyushu Region_Oita":"Óita prefektúra",
"Japan_Kyushu Region_Okinawa":"Okinava prefektúra",
"Japan_Kyushu Region_Saga":"Saga Prefektúra",
"Japan_Shikoku Region":"Sikoku",
"Japan_Shikoku Region_Ehime":"Ehime prefektúra",
"Japan_Shikoku Region_Kagawa":"Kagava prefektúra",
"Japan_Shikoku Region_Kochi":"Kócsi prefektúra",
"Japan_Shikoku Region_Kyoto":"Kiotó prefektúra",
"Japan_Shikoku Region_Tokushima":"Tokusima prefektúra",
"Japan_Tohoku":"Tóhoku",
"Japan_Tohoku_Akita":"Akita prefektúra",
"Japan_Tohoku_Aomori":"Aomori prefektúra",
"Japan_Tohoku_Fukushima":"Fukusima prefektúra",
"Japan_Tohoku_Iwate":"Ivate prefektúra",
"Japan_Tohoku_Miyagi":"Mijagi prefektúra",
"Japan_Tohoku_Yamagata":"Jamagata prefektúra",
"Jersey":"Jersey",
"Jerusalem":"Jeruzsálem",
"Jordan":"Jordánia",
"Kansas":"Kansas",
"Kazakhstan":"Kazahsztán",
"Kentucky":"Kentucky",
"Kenya":"Kenya",
"Kingdom of Lesotho":"Lesotho",
"Kiribati":"Kiribati",
"Kuwait":"Kuvait",
"Kyrgyzstan":"Kirgizisztán",
"Laos":"Laosz",
"Latvia":"Lettország",
"Lebanon":"Libanon",
"Liberia":"Libéria",
"Libya":"Líbia",
"Liechtenstein":"Liechtenstein",
"Lithuania":"Litvánia",
"Louisiana":"Louisiana",
"Luxembourg":"Luxemburg",
"Macedonia":"Macedónia",
"Madagascar":"Madagaszkár",
"Malawi":"Malawi",
"Malaysia":"Malajzia",
"Maldives":"Maldív-szigetek",
"Mali":"Mali",
"Malta":"Málta",
"Marshall Islands":"Marshall-szigetek",
"Martinique":"Martinique",
"Maryland":"Maryland",
"Massachusetts":"Massachusetts",
"Mauritania":"Mauritánia",
"Mauritius":"Mauritius",
"Mexico":"Mexikó",
"Mexico_California":"Alsó-Kalifornia",
"Mexico_Central_East":"Új-León",
"Mexico_Central_West":"Nayarit",
"Mexico_East":"Mexikó — Kelet",
"Mexico_Mexico":"Mexikóváros",
"Mexico_North":"Mexikó — Észak",
"Mexico_South":"Mexikó — Dél",
"Michigan":"Michigan",
"Minnesota":"Minnesota",
"Missouri":"Missouri",
"Moldova":"Moldova",
"Monaco":"Monaco",
"Mongolia":"Mongólia",
"Montenegro":"Montenegró",
"Montserrat":"Montserrat",
"Morocco":"Marokkó",
"Morocco_Doukkala-Abda":"Doukkala-Abda",
"Morocco_Rabat-Sale-Zemmour-Zaer":"Rabat-Salé-Zemmour-Zaer",
"Morocco_Southern":"Marokkó — Dél",
"Morocco_Western Sahara":"Nyugat-Szahara",
"Mozambique":"Mozambik",
"Myanmar":"Mianmar",
"Nagorno-Karabakh":"Hegyi-Karabah",
"Namibia":"Namíbia",
"Nauru":"Nauru",
"Nepal":"Nepál",
"Nepal_East":"Nepál — Kelet",
"Nepal_West":"Nepál — Nyugat",
"Netherlands":"Hollandia",
"Netherlands_Drenthe":"Drenthe",
"Netherlands_Flevoland":"Flevoland",
"Netherlands_Friesland":"Frízföld",
"Netherlands_Gelderland_Nijmegen":"Gelderland — Nijmegen",
"Netherlands_Gelderland_North":"Gelderland — Apeldoorn",
"Netherlands_Gelderland_Zutphen":"Gelderland — Zutphen",
"Netherlands_Groningen":"Groningen",
"Netherlands_Limburg":"Limburg",
"Netherlands_North Brabant_Eindhoven":"Észak-Brabant — Eindhoven",
"Netherlands_North Brabant_Roosendaal":"Észak-Brabant — Roosendaal",
"Netherlands_North Brabant_Tiburg":"Észak-Brabant — Tilburg",
"Netherlands_North Brabant_Uden":"Észak-Brabant — Uden",
"Netherlands_North Holland_Alkmaar":"Észak-Holland — Alkmaar",
"Netherlands_North Holland_Amsterdam":"Észak-Holland — Amszterdam",
"Netherlands_North Holland_Zaandam":"Észak-Hollandia — Zaanstad",
"Netherlands_Overijssel_Enschede":"Overijssel — Enschede",
"Netherlands_Overijssel_Zwolle":"Overijssel — Zwolle",
"Netherlands_South Holland_Brielle":"Dél-Hollandia — Brielle",
"Netherlands_South Holland_Den Haag":"Dél-Holland — Hága",
"Netherlands_South Holland_Leiden":"Dél-Holland — Leiden",
"Netherlands_South Holland_Rotterdam":"Dél-Holland — Rotterdam",
"Netherlands_Utrecht_Amersfoort":"Utrecht — Amersfoort",
"Netherlands_Utrecht_Utrecht":"Utrecht — Utrecht",
"Netherlands_Zeeland":"Zeeland",
"New Jersey":"New Jersey",
"New York":"New York",
"New Zealand":"Új-Zéland",
"New Zealand North_Auckland":"Észak — Auckland",
"New Zealand North_Wellington":"Észak — Wellington",
"New Zealand South_Canterbury":"Dél — Canterbury Régió",
"New Zealand South_Southland":"Dél — Southland Régió",
"Nicaragua":"Nicaragua",
"Niger":"Niger",
"Nigeria":"Nigéria",
"Niue":"Niue",
"North Carolina":"Észak-Karolina",
"North Dakota":"Észak-Dakota",
"North Korea":"Észak-Korea",
"Norway":"Norvégia",
"Norway_Bouvet Island":"Bouvet-sziget",
"Norway_Central":"Oslo",
"Norway_Hedmark":"Hedmark megye",
"Norway_Jan Mayen":"Jan Mayen-sziget",
"Norway_Northern":"Észak-Norvégia",
"Norway_Oppland":"Oppland megye",
"Norway_Southern":"Sørlandet",
"Norway_Svalbard":"Spitzbergák",
"Norway_Trondelag":"Trøndelag",
"Norway_Western":"Vestlandet",
"Ohio":"Ohio",
"Oklahoma":"Oklahoma",
"Oman":"Omán",
"Oregon":"Oregon",
"Pakistan":"Pakisztán",
"Palau":"Palau",
"Palestine":"Palesztina",
"Palestine Region":"Palesztina",
"Panama":"Panama",
"Papua New Guinea":"Pápua Új-Guinea",
"Paraguay":"Paraguay",
"Pennsylvania":"Pennsylvania",
"People's Republic of China":"Kína",
"Peru":"Peru",
"Peru_North":"Peru — Észak",
"Peru_South":"Peru — Dél",
"Philippines":"Fülöp-szigetek",
"Philippines_Luzon_Manila":"Manilai agglomeráció",
"Philippines_Luzon_North":"Luzon — Észak",
"Philippines_Luzon_South":"Luzon — Dél",
"Philippines_Mindanao":"Mindanao",
"Philippines_Visayas":"Visayan-szigetek",
"Pitcairn Islands":"Pitcairn-szigetek",
"Poland":"Lengyelország",
"Poland_Greater Poland Voivodeship":"Nagy-Lengyelországi vajdaság",
"Poland_Kuyavian-Pomeranian Voivodeship":"Kujávia-Pomerániai vajdaság",
"Poland_Lesser Poland Voivodeship":"Kis-Lengyelország",
"Poland_Lodz Voivodeship":"Łódźi vajdaság",
"Poland_Lower Silesian Voivodeship":"Alsó-sziléziai vajdaság",
"Poland_Lublin Voivodeship":"Lublini vajdaság",
"Poland_Lubusz Voivodeship":"Lubusi vajdaság",
"Poland_Masovian Voivodeship":"Mazóviai vajdaság",
"Poland_Opole Voivodeship":"Opolei vajdaság",
"Poland_Podlaskie Voivodeship":"Podlasiei vajdaság",
"Poland_Pomeranian Voivodeship":"Pomerániai vajdaság",
"Poland_Silesian Voivodeship":"Sziléziai vajdaság",
"Poland_Subcarpathian Voivodeship":"Kárpátaljai vajdaság",
"Poland_Swietokrzyskie Voivodeship":"Szentkereszt vajdaság",
"Poland_Warmian-Masurian Voivodeship":"Varmia-Mazúriai vajdaság",
"Poland_West Pomeranian Voivodeship":"Nyugat-Pomerániai vajdaság",
"Portugal":"Portugália",
"Portugal_North":"Portugália — Észak",
"Portugal_South":"Portugália — Dél",
"Qatar":"Katar",
"Republic of Kosovo":"Koszovó",
"Romania":"Románia",
"Romania_Centre":"Közép-romániai fejlesztési régió",
"Romania_North_East":"Északkelet-romániai fejlesztési régió",
"Romania_North_West":"Északnyugat-romániai fejlesztési régió",
"Romania_South":"Dél-romániai fejlesztési régió",
"Romania_South_East":"Délkelet-romániai fejlesztési régió",
"Romania_South_West":"Délnyugat-romániai fejlesztési régió",
"Romania_West":"Nyugat-romániai fejlesztési régió",
"Russia_Altai Krai":"Altaji határterület",
"Russia_Altai Republic":"Altaj Köztársaság",
"Russia_Amur Oblast":"Amuri terület",
"Russia_Arkhangelsk Oblast_Central":"Arhangelszki terület — Középpont",
"Russia_Arkhangelsk Oblast_North":"Arhangelszki terület — Észak",
"Russia_Astrakhan Oblast":"Asztraháni terület",
"Russia_Bashkortostan":"Baskíria",
"Russia_Belgorod Oblast":"Belgorodi terület",
"Russia_Bryansk Oblast":"Brjanszki terület",
"Russia_Buryatia":"Burjátföld",
"Russia_Chechen Republic":"Csecsenföld",
"Russia_Chelyabinsk Oblast":"Cseljabinszki terület",
"Russia_Chukotka Autonomous Okrug":"Csukcsföld",
"Russia_Chuvashia":"Csuvasföld",
"Russia_Ingushetia":"Ingusföld",
"Russia_Irkutsk Oblast":"Irkutszki terület",
"Russia_Ivanovo Oblast":"Ivanovói terület",
"Russia_Jewish Autonomous Oblast":"Zsidó autonóm terület",
"Russia_Kabardino-Balkaria":"Kabard- és Balkárföld",
"Russia_Kaliningrad Oblast":"Kalinyingrádi terület",
"Russia_Kaluga Oblast":"Kalugai terület",
"Russia_Kamchatka Krai":"Kamcsatkai határterület",
"Russia_Karachay-Cherkessia":"Karacsáj- és Cserkeszföld",
"Russia_Kemerov Oblast":"Kemerovói terület",
"Russia_Khabarovsk Krai":"Habarovszki határterület",
"Russia_Khakassia":"Hakaszföld",
"Russia_Kirov Oblast":"Kirovi terület",
"Russia_Komi Republic":"Komiföld",
"Russia_Kostroma Oblast":"Kosztromai terület",
"Russia_Krasnodar Krai":"Krasznodari határterület — Észak",
"Russia_Krasnodar Krai_Adygeya":"Krasznodari határterület, Adigeföld",
"Russia_Krasnoyarsk Krai":"Krasznojarszki határterület",
"Russia_Kurgan Oblast":"Kurgani terület",
"Russia_Kursk Oblast":"Kurszki terület",
"Russia_Leningradskaya Oblast_Karelsky":"Leningrádi terület — Észak",
"Russia_Leningradskaya Oblast_Southeast":"Leningrádi terület — Dél",
"Russia_Lipetsk Oblast":"Lipecki terület",
"Russia_Magadan Oblast":"Magadani terület",
"Russia_Mari El":"Mariföld",
"Russia_Moscow":"Moszkva",
"Russia_Moscow Oblast":"Moszkvai terület",
"Russia_Murmansk Oblast":"Murmanszki terület",
"Russia_Nenets Autonomous Okrug":"Nyenyecföld",
"Russia_Nizhny Novgorod Oblast":"Nyizsnyij Novgorod-i terület",
"Russia_North Ossetia-Alania":"Észak-Oszétia",
"Russia_Novgorod Oblast":"Novgorodi terület",
"Russia_Novosibirsk Oblast":"Novoszibirszki terület",
"Russia_Omsk Oblast":"Omszki terület",
"Russia_Orenburg Oblast":"Orenburgi terület",
"Russia_Oryol Oblast":"Orjoli terület",
"Russia_Penza Oblast":"Penzai terület",
"Russia_Perm Krai":"Permi határterület",
"Russia_Primorsky Krai":"Tengermelléki határterület",
"Russia_Pskov Oblast":"Pszkovi terület",
"Russia_Republic of Dagestan":"Dagesztán",
"Russia_Republic of Kalmykia":"Kalmükföld",
"Russia_Republic of Karelia":"Karélia",
"Russia_Republic of Mordovia":"Mordvinföld",
"Russia_Rostov Oblast":"Rosztovi terület",
"Russia_Ryazan Oblast":"Rjazanyi terület",
"Russia_Saint Petersburg":"Szentpétervár",
"Russia_Sakha Republic":"Jakutföld",
"Russia_Sakhalin Oblast":"Szahalini terület",
"Russia_Samara Oblast":"Szamarai terület",
"Russia_Saratov Oblast":"Szaratovi terület",
"Russia_Smolensk Oblast":"Szmolenszki terület",
"Russia_Stavropol Krai":"Sztavropoli határterület",
"Russia_Sverdlovsk Oblast":"Szverdlovszki terület",
"Russia_Tambov Oblast":"Tambovi terület",
"Russia_Tatarstan":"Tatárföld",
"Russia_Tomsk Oblast":"Tomszki terület",
"Russia_Tula Oblast":"Tulai terület",
"Russia_Tuva":"Tuva",
"Russia_Tver Oblast":"Tveri terület",
"Russia_Tyumen Oblast":"Tyumenyi terület",
"Russia_Udmurt Republic":"Udmurtföld",
"Russia_Ulyanovsk Oblast":"Uljanovszki terület",
"Russia_Vladimir Oblast":"Vlagyimiri terület",
"Russia_Volgograd Oblast":"Volgográdi terület",
"Russia_Vologda Oblast":"Vologdai terület",
"Russia_Voronezh Oblast":"Voronyezsi terület",
"Russia_Yamalo-Nenets Autonomous Okrug":"Jamali Nyenyecföld",
"Russia_Yaroslavl Oblast":"Jaroszlavli terület",
"Russia_Yugra":"Hanti- és Manysiföld",
"Russia_Zabaykalsky Krai":"Bajkálontúli határterület",
"Russian Federation":"Oroszország",
"Rwanda":"Ruanda",
"Sahrawi Arab Democratic Republic":"Szaharai Arab Demokratikus Köztársaság",
"Saint Barthelemy":"Saint-Barthélemy",
"Saint Helena Ascension and Tristan da Cunha":"Szent Ilona, Ascension és Tristan da Cunha",
"Saint Kitts and Nevis":"Saint Kitts és Nevis",
"Saint Lucia":"Saint Lucia",
"Saint Martin":"Saint-Martin",
"Saint Vincent and the Grenadines":"Saint Vincent és a Grenadine-szigetek",
"Samoa":"Szamoa",
"San Marino":"San Marino",
"Sao Tome and Principe":"São Tomé és Príncipe",
"Saudi Arabia":"Szaúd-Arábia",
"Senegal":"Szenegál",
"Serbia":"Szerbia",
"Seychelles":"Seychelle-szigetek",
"Sierra Leone":"Sierra Leone",
"Singapore":"Szingapúr",
"Slovakia":"Szlovákia",
"Slovakia_Region of Banska Bystrica":"Besztercebányai kerület",
"Slovakia_Region of Bratislava":"Pozsonyi kerület",
"Slovakia_Region of Kosice":"Kassai kerület",
"Slovakia_Region of Nitra":"Nyitrai kerület",
"Slovakia_Region of Presov":"Eperjesi kerület",
"Slovakia_Region of Trencin":"Trencséni kerület",
"Slovakia_Region of Trnava":"Nagyszombati kerület",
"Slovakia_Region of Zilina":"Zsolnai kerület",
"Slovenia":"Szlovénia",
"Solomon Islands":"Salamon-szigetek",
"Somalia":"Szomália",
"South Africa":"Dél-afrikai Köztársaság",
"South Africa_Eastern Cape":"Eastern Cape",
"South Africa_Free State":"Free State",
"South Africa_Gauteng":"Gauteng",
"South Africa_KwaZulu-Natal":"KwaZulu-Natal",
"South Africa_Limpopo":"Limpopo",
"South Africa_Mpumalanga":"Mpumalanga",
"South Africa_North West":"North West",
"South Africa_Northern Cape":"Észak-Fokföld",
"South Africa_Western Cape":"Western Cape",
"South Carolina":"Dél-Karolina",
"South Georgia and the South Sandwich Islands":"Déli-Georgia és Déli-Sandwich-szigetek",
"South Korea":"Dél-Korea",
"South Korea_North":"Dél-Korea — Észak",
"South Korea_South":"Dél-Korea — Dél",
"South Ossetia":"Dél-Oszétia",
"South Sudan":"Dél-Szudán",
"Spain":"Spanyolország",
"Spain_Andalusia":"Andalúzia",
"Spain_Aragon":"Aragónia",
"Spain_Balearic Islands":"Baleár-szigetek",
"Spain_Basque Country":"Baszkföld",
"Spain_Canary Islands":"Kanári-szigetek",
"Spain_Cantabria":"Kantábria",
"Spain_Castile and Leon":"Kasztília és León",
"Spain_Castile-La Mancha":"Kasztília-La Mancha",
"Spain_Catalonia_Provincia de Barcelona":"Barcelona tartomány",
"Spain_Catalonia_Provincia de Girona":"Girona",
"Spain_Catalonia_Provincia de Lleida":"Lleida",
"Spain_Catalonia_Provincia de Tarragona":"Tarragona",
"Spain_Ceuta":"Ceuta",
"Spain_Community of Madrid":"Madrid tartomány",
"Spain_Comunidad Foral de Navarra":"Navarra",
"Spain_Extremadura":"Extremadura",
"Spain_Galicia":"Galicia",
"Spain_La Rioja":"La Rioja",
"Spain_Melilla":"Melilla",
"Spain_Principado de Asturias":"Asztúria",
"Spain_Region de Murcia":"Murcia tartomány",
"Spain_Valencian Community":"Valencia",
"Sri Lanka":"Srí Lanka",
"Sudan":"Szudán",
"Suriname":"Suriname",
"Swaziland":"Szváziföld",
"Sweden":"Svédország",
"Sweden_Bergslagen":"Bergslagen",
"Sweden_Malardalen":"Mälardalen",
"Sweden_Mellannorrland":"Mellannorrland",
"Sweden_Norra Sverige":"Norra Sverige",
"Sweden_Ostra Gotaland":"Ostra Götaland",
"Sweden_Sodra Gotaland":"Södra Götaland",
"Sweden_Vastra Gotaland":"Västra Götaland",
"Switzerland":"Svájc",
"Switzerland_Central":"Közép-Svájc",
"Switzerland_Eastern":"Kelet-Svájc",
"Switzerland_Espace Mittelland":"Espace Mittelland",
"Switzerland_Lake Geneva region":"Genfi tó régió",
"Switzerland_Northwestern":"Észak-nyugat",
"Switzerland_Ticino":"Ticino kanton",
"Switzerland_Zurich":"Zürichi agglomeráció",
"Syria":"Szíria",
"Taiwan":"Kínai Köztársaság",
"Tajikistan":"Tádzsikisztán",
"Tanzania":"Tanzánia",
"Tennessee":"Tennessee",
"Texas":"Texas",
"Thailand":"Thaiföld",
"Thailand_North":"Thaiföld — Észak",
"Thailand_South":"Thaiföld — Dél",
"The Bahamas":"Bahama-szigetek",
"The Gambia":"Gambia",
"Togo":"Togo",
"Tokelau":"Tokelau-szigetek",
"Tonga":"Tonga",
"Trinidad and Tobago":"Trinidad és Tobago",
"Tunisia":"Tunézia",
"Turkey":"Törökország",
"Turkey_Aegean Region":"Égei-tengeri régió",
"Turkey_Black Sea Region":"Fekete-tengeri régió",
"Turkey_Eastern Anatolia Region":"Kelet-anatóliai régió",
"Turkey_Marmara Region":"Márvány-tengeri régió",
"Turkey_Mediterranean Region":"Földközi-tengeri régió",
"Turkey_Southeastern Anatolia Region":"Délkelet-anatóliai régió",
"Turkmenistan":"Türkmenisztán",
"Turks and Caicos Islands":"Turks- és Caicos-szigetek",
"Tuvalu":"Tuvalu",
"UK_England_East Midlands":"East Midlands",
"UK_England_East of England_Essex":"Kelet-Anglia — Essex",
"UK_England_East of England_Norfolk":"Kelet-Anglia — Norfolk",
"UK_England_Greater London":"Nagy-London",
"UK_England_North East England":"Észak-kelet-Anglia",
"UK_England_North West England":"Észak-nyugat-Anglia",
"UK_England_South East_Brighton":"Dél-kelet-Anglia — Brighton",
"UK_England_South East_Oxford":"Dél-kelet-Anglia — Oxford",
"UK_England_South West England_Bristol":"Dél-kelet-Anglia — Bristol",
"UK_England_South West England_Cornwall":"Dél-kelet-Anglia — Cornwall",
"UK_England_West Midlands":"West Midlands",
"UK_England_Yorkshire and the Humber":"Yorkshire és a Humber",
"UK_Northern Ireland":"Észak-Írország",
"UK_Scotland_North":"Skócia — Észak",
"UK_Scotland_South":"Skócia — Dél",
"UK_Wales":"Wales",
"US_Alabama_Birmingham":"Birmingham",
"US_Alabama_Montgomery":"Montgomery",
"US_Alaska":"Alaszka",
"US_Arizona_Flagstaff":"Flagstaff",
"US_Arizona_Phoenix":"Phoenix",
"US_Arizona_Tucson":"Tucson",
"US_Arkansas":"Arkansas",
"US_California_Bakersfield_Bakersfield":"Bakersfield",
"US_California_Bakersfield_Lancaster":"Lancaster",
"US_California_Chico":"Chico",
"US_California_LA":"Los Angeles",
"US_California_LA North":"Los Angeles — Észak",
"US_California_Redding":"Redding",
"US_California_Sacramento_Fresno":"Fresno",
"US_California_Sacramento_Sacramento":"Sacramento",
"US_California_Sacramento_Stockton":"Stockton",
"US_California_San Diego":"San Diego",
"US_California_Santa_Clara_Palo Alto":"San Francisco",
"US_California_Santa_Clara_Santa Cruz":"Santa Cruz",
"US_Colorado_Aspen":"Aspen",
"US_Colorado_Denver":"Denver",
"US_Colorado_South":"Colorado — Dél",
"US_Connecticut":"Connecticut",
"US_Delaware":"Delaware",
"US_Florida_Jacksonville":"Jacksonville",
"US_Florida_Miami":"Miami",
"US_Florida_Orlando":"Orlando",
"US_Florida_Tampa":"Tampa",
"US_Georgia":"Georgia",
"US_Georgia_Atlanta":"Atlanta",
"US_Georgia_Macon":"Macon",
"US_Georgia_North":"Georgia — Észak",
"US_Georgia_South":"Georgia — Dél",
"US_Guam":"Guam",
"US_Hawaii":"Hawaii",
"US_Idaho":"Idaho",
"US_Illinois_Chickago":"Chicago",
"US_Illinois_Elgin":"Elgin",
"US_Illinois_Rockford":"Rockford",
"US_Illinois_South":"Illinois — Dél",
"US_Illinois_Springfield":"Springfield",
"US_Indiana_North":"Indiana — Észak",
"US_Indiana_South":"Indiana — Dél",
"US_Iowa_Des Moines":"Des Moines",
"US_Iowa_Waterloo":"Waterloo",
"US_Iowa_West":"Iowa — Nyugat",
"US_Kansas_East":"Kansas — Kelet",
"US_Kansas_West":"Kansas — Nyugat",
"US_Kentucky_East":"Kentucky — Kelet",
"US_Kentucky_West":"Kentucky — Nyugat",
"US_Louisiana_Central":"Louisiana — Nyugat",
"US_Louisiana_New Orleans":"New Orleans",
"US_Maine":"Maine",
"US_Maryland_Baltimore":"Baltimore",
"US_Maryland_and_DC":"Nyugat, Washington",
"US_Massachusetts_Boston":"Boston",
"US_Massachusetts_Central":"Worcester",
"US_Massachusetts_Plymouth":"Plymouth",
"US_Massachusetts_Southeastern":"Barnstable",
"US_Massachusetts_West":"Springfield",
"US_Michigan_Detroit":"Detroit",
"US_Michigan_North":"Michigan — Észak",
"US_Michigan_South":"Michigan — Dél",
"US_Minnesota_Minneapolis":"Minneapolis",
"US_Minnesota_North":"Minnesota — Észak",
"US_Minnesota_Rochester":"Rochester",
"US_Minnesota_Saint Cloud":"St. Cloud",
"US_Mississippi":"Mississippi",
"US_Missouri_East":"Missouri — Kelet",
"US_Missouri_West":"Missouri — Nyugat",
"US_Montana":"Montana",
"US_Nebraska":"Nebraska",
"US_Nevada":"Nevada",
"US_New Hampshire":"New Hampshire",
"US_New Jersey_North":"New Jersey — Észak",
"US_New Jersey_South":"New Jersey — Dél",
"US_New Mexico":"Új-Mexikó",
"US_New York_East":"New York — Kelet",
"US_New York_New York":"New York — New York",
"US_New York_North":"New York — Észak",
"US_New York_West":"New York — Nyugat",
"US_North Carolina_Asheville":"Asheville",
"US_North Carolina_Charlotte":"Charlotte",
"US_North Carolina_Greensboro":"Greensboro",
"US_North Carolina_Raleigh":"Raleigh",
"US_North Carolina_Wilmington":"Wilmington",
"US_North Carolina_Wilson":"Wilson",
"US_North Dakota_Bismarck":"Bismarck",
"US_North Dakota_East":"Fargo",
"US_North Dakota_Minot":"Minot",
"US_Ohio_Cleveland":"Cleveland",
"US_Ohio_Dayton":"Dayton",
"US_Oklahoma_East":"Oklahoma — Kelet",
"US_Oklahoma_West":"Oklahoma — Nyugat",
"US_Oregon_Eugene":"Eugene",
"US_Oregon_Portland":"Portland",
"US_Oregon_West":"Oregon — Nyugat",
"US_Pennsylvania_Central":"Altoona",
"US_Pennsylvania_Pittsburgh":"Pittsburgh",
"US_Pennsylvania_Reading":"Reading",
"US_Pennsylvania_Scranton":"Scranton",
"US_Puerto Rico":"Puerto Rico",
"US_Rhode Island":"Rhode Island",
"US_South Carolina_Columbia":"Columbia",
"US_South Carolina_Florence":"Florence",
"US_South Dakota":"Dél-Dakota",
"US_Tennessee_East":"Tennessee — Kelet",
"US_Tennessee_West":"Tennessee — Nyugat",
"US_Texas_Austin":"Austin",
"US_Texas_Dallas":"Dallas",
"US_Texas_Houston":"Houston",
"US_Texas_Northwest":"Amarillo",
"US_Texas_San Antonio":"San Antonio",
"US_Texas_Southwest":"Laredo",
"US_Texas_Tyler":"Tyler",
"US_Texas_Wako":"Waco",
"US_Texas_West":"Odessa",
"US_United States Minor Outlying Islands":"Az Amerikai Egyesült Államok lakatlan külbirtokai",
"US_Utah":"Utah",
"US_Vermont":"Vermont",
"US_Virginia_Chesapeake":"Chesapeake",
"US_Virginia_Lynchburg":"Lynchburg",
"US_Virginia_Richmond":"Richmond",
"US_Virginia_Roanoke":"Roanoke",
"US_Washington_Coast":"Tacoma",
"US_Washington_Seattle":"Seattle",
"US_Washington_Yakima":"Yakima",
"US_West Virginia":"Nyugat-Virginia",
"US_Wisconsin_Milwaukee":"Milwaukee",
"US_Wisconsin_North":"Eau Claire",
"US_Wyoming":"Wyoming",
"Uganda":"Uganda",
"Ukraine":"Ukrajna",
"Ukraine_Cherkasy Oblast":"Cserkaszi terület",
"Ukraine_Chernihiv Oblast":"Csernyihivi terület",
"Ukraine_Chernivtsi Oblast":"Csernyivci terület",
"Ukraine_Dnipropetrovsk Oblast":"Dnyipropetrovszki terület",
"Ukraine_Donetsk Oblast":"Donecki terület",
"Ukraine_Ivano-Frankivsk Oblast":"Ivano-frankivszki terület",
"Ukraine_Kharkiv Oblast":"Harkivi terület",
"Ukraine_Kherson Oblast":"Herszoni terület",
"Ukraine_Khmelnytskyi Oblast":"Hmelnickiji terület",
"Ukraine_Kirovohrad Oblast":"Kirovohradi terület",
"Ukraine_Kyiv Oblast":"Kijev megye",
"Ukraine_Luhansk Oblast":"Luhanszki terület",
"Ukraine_Lviv Oblast":"Lvivi terület",
"Ukraine_Mykolaiv Oblast":"Mikolajivi terület",
"Ukraine_Odessa Oblast":"Odesszai terület",
"Ukraine_Poltava Oblast":"Poltavai terület",
"Ukraine_Rivne Oblast":"Rovno megye",
"Ukraine_Sumy Oblast":"Szumi terület",
"Ukraine_Ternopil Oblast":"Ternopili terület",
"Ukraine_Vinnytsia Oblast":"Vinnicjai terület",
"Ukraine_Volyn Oblast":"Volinyi terület",
"Ukraine_Zakarpattia Oblast":"Kárpátalja",
"Ukraine_Zaporizhia Oblast":"Zaporizzsjai terület",
"Ukraine_Zhytomyr Oblast":"Zsitomir megye",
"United Arab Emirates":"Egyesült Arab Emírségek",
"United Kingdom":"Egyesült Királyság",
"United States Virgin Islands":"Amerikai Virgin-szigetek",
"United States of America":"Amerikai Egyesült Államok",
"Uruguay":"Uruguay",
"Uzbekistan":"Üzbegisztán",
"Vanuatu":"Vanuatu",
"Venezuela":"Venezuela",
"Vietnam":"Vietnam",
"Virginia":"Virginia",
"Wallis and Futuna":"Wallis és Futuna",
"Washington":"Washington",
"Willis Island":"Willis-sziget",
"Wisconsin":"Wisconsin",
"Yemen":"Jemen",
"Zambia":"Zambia",
"Zimbabwe":"Zimbabwe",
"Argentina_Santa Fe":"Santa Fe környéke",
"Australia_Brisbane":"Brisbane",
"Australia_Sydney":"Sydney",
"Austria_Styria_Graz":"Stájerország — Graz",
"Austria_Styria_Leoben":"Stájerország — Leoben",
"Austria_Upper Austria_Linz":"Felső-Ausztria — Linz",
"Austria_Upper Austria_Wels":"Felső-Ausztria — Wels",
"Bolivia_North":"Bolívia — Észak",
"Bolivia_South":"Bolívia — Dél",
"Brazil_Goias_Brasilia":"Goiás — Brazília",
"Brazil_Goias_North":"Goiás — Észak",
"Brazil_North Region_East":"Északi régió — Kelet",
"Brazil_North Region_West":"Északi régió — Nyugat",
"Brazil_Northeast Region_East":"Északkeleti régió — Kelet",
"Brazil_Northeast Region_West":"Északkeleti régió — Nyugat",
"Brazil_Parana_East":"Paraná — Kelet",
"Brazil_Parana_West":"Paraná — Nyugat",
"Brazil_South Region_East":"Déli régió — Kelet",
"Brazil_South Region_West":"Déli régió — Nyugat",
"Bulgaria_East":"Bulgária — Kelet",
"Bulgaria_West":"Bulgária — Nyugat",
"Canada_Ontario_Northeastern_W":"Wawa",
"Chile_Central":"Chile — Középpont",
"Congo-Kinshasa_Kivu":"Kivu",
"Congo-Kinshasa_West":"Kongói Demokratikus Köztársaság — Nyugat",
"Croatia_Central":"Horvátország — Középpont",
"Croatia_West":"Horvátország — Nyugat",
"Ecuador_East":"Ecuador — Kelet",
"Ecuador_West":"Ecuador — Nyugat",
"Finland_Eastern Finland_North":"Kelet-Finnország — Észak",
"Finland_Eastern Finland_South":"Kelet-Finnország — Dél",
"Finland_Western Finland_Jyvaskyla":"Nyugat-Finnország — Jyväskylä",
"Finland_Western Finland_Tampere":"Nyugat-Finnország — Tampere",
"France_Free County_North":"Franche-Comté — Észak",
"France_Free County_South":"Franche-Comté — Dél",
"France_Pays de la Loire_Loire-Atlantique_Nantes":"Loire-Atlantique — Nantes",
"France_Pays de la Loire_Loire-Atlantique_Saint-Nazaire":"Loire-Atlantique — Saint-Nazaire",
"Germany_Free State of Bavaria_Upper Bavaria_South":"Felső-Bajorország — Dél",
"India_Karnataka_North":"Karnátaka — Észak",
"India_Karnataka_South":"Karnátaka — Dél",
"Iran_East":"Irán — Kelet",
"Iraq_North":"Irak — Észak",
"Iraq_South":"Irak — Dél",
"Japan_Chubu Region_Aichi_Nagoya":"Aicsi prefektúra — Nagoja",
"Japan_Chubu Region_Aichi_Toyohashi":"Aicsi prefektúra — Tojohasi",
"Japan_Hokkaido Region_Sapporo":"Szapporo",
"Japan_Kinki Region_Osaka_Osaka":"Oszaka",
"Japan_Kinki Region_Osaka_West":"Oszaka prefektúra — Nyugat",
"Kazakhstan_North":"Kazahsztán — Észak",
"Kazakhstan_South":"Kazahsztán — Dél",
"Lithuania_East":"Litvánia — Kelet",
"Lithuania_West":"Litvánia — Nyugat",
"Mexico_Chihuahua":"Chihuahua",
"Mexico_Sonora":"Sonora",
"Nepal_Kathmandu":"Katmandu",
"Nepal_Madhyamanchal":"Középső régió",
"Nepal_Purwanchal":"Keleti régió",
"Nigeria_North":"Nigéria — Észak",
"Nigeria_South":"Nigéria — Dél",
"Norway_Hordaland":"Hordaland megye",
"Norway_Nordland":"Nordland megye",
"Norway_North Trondelag":"Nord-Trøndelag megye",
"Norway_Rogaland":"Rogaland megye",
"Norway_South Trondelag":"Sør-Trøndelag megye",
"Peru_Lima":"Lima",
"Portugal_Islands":"Portugália szigetei",
"Portugal_Viseu":"Viseu",
"Russia_Krasnoyarsk Krai_North":"Krasznojarszki határterület — Észak",
"Russia_Krasnoyarsk Krai_South":"Krasznojarszki határterület — Dél",
"Russia_Moscow Oblast_East":"Moszkvai terület — Kelet",
"Russia_Moscow Oblast_West":"Moszkvai terület — Nyugat",
"Russia_Perm Krai_North":"Permi határterület — Észak",
"Russia_Perm Krai_South":"Permi határterület — Dél",
"Russia_Republic of Karelia_North":"Karélia — Észak",
"Russia_Republic of Karelia_South":"Karélia — Dél",
"Russia_Sverdlovsk Oblast_North":"Szverdlovszki terület — Észak",
"Russia_Sverdlovsk Oblast_Ekaterinburg":"Szverdlovszki terület — Jekatyerinburg",
"Russia_Yugra_Khanty":"Hanti- és Manysiföld — Hanti-Manszijszk",
"Russia_Yugra_Surgut":"Hanti- és Manysiföld — Szurgut",
"Saudi Arabia_North":"Szaúd-Arábia — Észak",
"Saudi Arabia_South":"Szaúd-Arábia — Dél",
"Slovenia_East":"Szlovénia — Kelet",
"Slovenia_West":"Szlovénia — Nyugat",
"Spain_Andalusia_Granada":"Andalúzia — Granada",
"Spain_Andalusia_Sevilla":"Andalúzia — Sevilla",
"Spain_Castile and Leon_East":"Kasztília és León — Kelet",
"Spain_Castile and Leon_West":"Kasztília és León — Nyugat",
"Spain_Galicia_North":"Galicia — Észak",
"Spain_Galicia_South":"Galicia — Dél",
"Sudan_East":"Szudán — Kelet",
"Sudan_West":"Szudán — Nyugat",
"Sweden_Stockholm":"Stockholm",
"Switzerland_Espace Mittelland_Bern":"Espace Mittelland — Bern",
"Switzerland_Espace Mittelland_East":"Espace Mittelland — Kelet",
"Taiwan_North":"Kínai Köztársaság — Észak",
"Taiwan_South":"Kínai Köztársaság — Dél",
"Thailand_Central":"Thaiföld — Középpont",
"Turkey_Central Anatolia Region_Ankara":"Közép-anatóliai régió — Ankara",
"Turkey_Central Anatolia Region_Kayseri":"Közép-anatóliai régió — Kayseri",
"Turkey_Marmara Region_Bursa":"Márvány-tengeri régió — Bursa",
"Turkey_Marmara Region_Istanbul":"Márvány-tengeri régió — Isztambul",
"US_Arkansas_North":"Arkansas — Észak",
"US_Arkansas_South":"Arkansas — Dél",
"US_Florida_Gainesvile":"Gainesville",
"US_Idaho_North":"Idaho — Észak",
"US_Idaho_South":"Idaho — Dél",
"US_Indiana_Evansville":"Evansville",
"US_Indiana_Indianapolis":"Indianapolis",
"US_Kansas_Wichita":"Wichita",
"US_Kentucky_Louisville":"Louisville",
"US_Michigan_Grand Rapids":"Grand Rapids",
"US_Michigan_Lansing":"Lansing",
"US_Mississippi_Gulfport":"Gulfport",
"US_Mississippi_North":"Mississippi — Észak",
"US_Missouri_Kansas":"Kansas City",
"US_Missouri_Springfield":"Springfield",
"US_Missouri_St Louis":"Saint Louis",
"US_Montana_East":"Montana — Kelet",
"US_Montana_West":"Montana — Nyugat",
"US_Nebraska_East":"Nebraska — Kelet",
"US_Nebraska_West":"Nebraska — Nyugat",
"US_New Mexico_Albuquerque":"Albuquerque",
"US_New Mexico_Roswell":"Roswell",
"US_Ohio_Cincinnati":"Cincinnati",
"US_Ohio_Columbus":"Columbus",
"US_Ohio_Toledo":"Toledo",
"US_Oklahoma_Oklahoma":"Oklahoma City",
"US_Oklahoma_Tulsa":"Tulsa",
"US_South Carolina_Charleston":"Charleston",
"US_Texas_Amarillo":"Amarillo",
"US_Texas_Lubbock":"Lubbock",
"US_Utah_North":"Utah — Észak",
"US_Utah_South":"Utah — Dél",
"US_Virginia_Alexandria":"Alexandria",
"US_Wisconsin_Eau Claire":"Eau Claire",
"US_Wisconsin_Madison":"Madison",
"Venezuela_North":"Venezuela — Észak",
"Venezuela_South":"Venezuela — Dél",
"Argentina_Buenos Aires_Buenos Aires":"Buenos Aires",
"Canada_Quebek_Lachute":"Lachute",
"Canada_Saskatchewan_Regina":"Regina",
"Canada_Saskatchewan_Saskatoon":"Saskatoon",
"Germany_Lower Saxony_Braunschweig":"Braunschweig",
"Germany_Saxony-Anhalt_Halle":"Szász-Anhalt — Halle",
"Germany_Saxony-Anhalt_Magdeburg":"Szász-Anhalt — Magdeburg",
"Germany_Schleswig-Holstein_Flensburg":"Schleswig-Holstein — Flensburg",
"Germany_Schleswig-Holstein_Kiel":"Schleswig-Holstein — Kiel",
"Portugal_Porto":"Porto",
"UK_England_North West England_Lancaster":"Északnyugat-Anglia — Lancaster",
"UK_England_North West England_Manchester":"Északnyugat-Anglia — Manchester",
"US_Florida_Gainesville":"Gainesville",
"US_Texas_Victoria":"Victoria",
"US_Virginia_Norfolk":"Norfolk"
}
