{
"Abkhazia":"Abchazja",
"Afghanistan":"Afganistan",
"Alabama":"Alabama",
"Albania":"Albania",
"Algeria":"Algieria",
"Algeria_Central":"Algieria — Środek",
"Algeria_Coast":"Algieria — Północ",
"Andorra":"Andora",
"Angola":"Angola",
"Anguilla":"Anguilla",
"Antarctica":"Antarktyda",
"Antigua and Barbuda":"Antigua i Barbuda",
"Argentina":"Argentyna",
"Argentina_Buenos Aires_North":"Buenos Aires — Północ",
"Argentina_Buenos Aires_South":"Buenos Aires — Południe",
"Argentina_Cuyo":"Cuyo",
"Argentina_Mesopotamia":"Międzyrzecze Argentyńskie",
"Argentina_Northwest":"Północno-zachodnia Argentyna",
"Argentina_Pampas":"Pampa",
"Argentina_Patagonia":"Patagonia",
"Arizona":"Arizona",
"Armenia":"Armenia",
"Australia":"Australia",
"Australia_Melbourne":"Melbourne",
"Australia_New South Wales":"Nowa Południowa Walia",
"Australia_Northern Territory":"Terytorium Północne",
"Australia_Queensland":"Queensland",
"Australia_South Australia":"Australia Południowa",
"Australia_Tasmania":"Tasmania",
"Australia_Victoria":"Wiktoria",
"Australia_Western Australia":"Australia Zachodnia",
"Austria":"Austria",
"Austria_Burgenland":"Burgenland",
"Austria_Carinthia":"Karyntia",
"Austria_Lower Austria_West":"Dolna Austria — Zachód",
"Austria_Lower Austria_Wien":"Wiedeń",
"Austria_Salzburg":"Salzburg",
"Austria_Styria":"Styria",
"Austria_Tyrol":"Tyrol",
"Austria_Upper Austria":"Górna Austria",
"Austria_Vorarlberg":"Vorarlberg",
"Azerbaijan":"Azerbejdżan",
"Azerbaijan Region":"Azerbejdżan",
"Bahrain":"Bahrajn",
"Bangladesh":"Bangladesz",
"Barbados":"Barbados",
"Belarus":"Białoruś",
"Belarus_Brest Region":"Obwód brzeski",
"Belarus_Homiel Region":"obwód homelski",
"Belarus_Hrodna Region":"Obwód grodzieński",
"Belarus_Maglieu Region":"Obwód mohylewski",
"Belarus_Minsk Region":"Obwód miński",
"Belarus_Vitebsk Region":"Obwód witebski",
"Belgium":"Belgia",
"Belgium_Antwerp":"Prowincja Antwerpia",
"Belgium_East Flanders":"Prowincja Flandria Wschodnia",
"Belgium_Flemish Brabant":"Prowincja Brabancja Flamandzka",
"Belgium_Hainaut":"Prowincja Hainaut",
"Belgium_Liege":"Prowincja Liège",
"Belgium_Limburg":"Prowincja Limburgia",
"Belgium_Luxembourg":"Prowincja Luksemburg",
"Belgium_Namur":"Prowincja Namur",
"Belgium_Walloon Brabant":"Prowincja Brabancja Walońska",
"Belgium_West Flanders":"Prowincja Flandria Zachodnia",
"Belize":"Belize",
"Benin":"Benin",
"Bermuda":"Bermudy",
"Bhutan":"Bhutan",
"Bolivia":"Boliwia",
"Bosnia and Herzegovina":"Bośnia i Hercegowina",
"Bosnia and Herzegovina_Brcko district of Bosnia and Herzegowina":"Dystrykt Brczko",
"Bosnia and Herzegovina_Entity Federation of Bosnia and Herzegovina":"Federacja Bośni i Hercegowiny",
"Bosnia and Herzegovina_Republic of Srpska":"Republika Serbska",
"Botswana":"Botswana",
"Brazil":"Brazylia",
"Brazil_Bahia":"Bahia",
"Brazil_Goias":"Goiás",
"Brazil_Mato Grosso":"Mato Grosso",
"Brazil_Mato Grosso Do Sul":"Mato Grosso do Sul",
"Brazil_North Region":"Region Północny",
"Brazil_Northeast Region":"Region północno-wschodni",
"Brazil_Paraiba":"Paraíba",
"Brazil_Parana":"Parana",
"Brazil_Rio Grande do Norte":"Rio Grande do Norte",
"Brazil_Santa Catarina":"Santa Catarina",
"Brazil_South Region":"Brazylia Południowa",
"Brazil_Southeast Region_Espirito Santo":"Espírito Santo",
"Brazil_Southeast Region_Minas Gerais_Contagem":"Minas Gerais — Contagem",
"Brazil_Southeast Region_Minas Gerais_North":"Minas Gerais — Północ",
"Brazil_Southeast Region_Rio de Janeiro":"Rio de Janeiro",
"Brazil_Southeast Region_Sao Paulo_Campinas":"São Paulo — Campinas",
"Brazil_Southeast Region_Sao Paulo_City":"São Paulo — Santos",
"Brazil_Southeast Region_Sao Paulo_West":"São Paulo — Ribeirão Preto",
"British Indian Ocean Territory":"Brytyjskie Terytorium Oceanu Indyjskiego",
"British Virgin Islands":"Brytyjskie Wyspy Dziewicze",
"Brunei":"Brunei",
"Bulgaria":"Bułgaria",
"Burkina Faso":"Burkina Faso",
"Burundi":"Burundi",
"California":"Kalifornia",
"Cambodia":"Kambodża",
"Cameroon":"Kamerun",
"Cameroon_Central":"Kamerun — Środek",
"Cameroon_West":"Kamerun — Zachód",
"Campo de Hielo Sur":"Południowy Lądolód Patagoński",
"Canada":"Kanada",
"Canada_Alberta":"Alberta",
"Canada_Alberta_Edmonton":"Edmonton",
"Canada_Alberta_North":"Alberta — Północ",
"Canada_Alberta_South":"Alberta — Południe",
"Canada_British Columbia":"Kolumbia Brytyjska",
"Canada_British Columbia_Central":"Kolumbia Brytyjska — Środek",
"Canada_British Columbia_Far_North":"Kolumbia Brytyjska — Wschód",
"Canada_British Columbia_Islands":"Wyspa Vancouver",
"Canada_British Columbia_North":"Kolumbia Brytyjska — Zachód",
"Canada_British Columbia_Northeast":"Kolumbia Brytyjska — Północ",
"Canada_British Columbia_Southeast":"Kelowna",
"Canada_British Columbia_Vancouver":"Vancouver",
"Canada_Labrador":"Labrador",
"Canada_Labrador_North":"Labrador — Północ",
"Canada_Labrador_South":"Labrador — Południe",
"Canada_Labrador_West":"Labrador — Zachód",
"Canada_Manitoba":"Manitoba",
"Canada_Manitoba_Northeast":"Manitoba — Północ",
"Canada_Manitoba_Northwest":"Manitoba — Zachód",
"Canada_Manitoba_South":"Brandon",
"Canada_Manitoba_Winnipeg":"Winnipeg",
"Canada_New Brunswick":"Nowy Brunszwik",
"Canada_Newfoundland":"Nowa Fundlandia",
"Canada_Newfoundland_East":"Nowa Fundlandia — Wschód",
"Canada_Newfoundland_North":"Nowa Fundlandia — Północ",
"Canada_Newfoundland_South":"Nowa Fundlandia — Południe",
"Canada_Newfoundland_West":"Nowa Fundlandia — Zachód",
"Canada_Northwest Territories":"Terytoria Północno-Zachodnie",
"Canada_Northwest Territories_East":"Terytoria Północno-Zachodnie — Wschód",
"Canada_Northwest Territories_North":"Terytoria Północno-Zachodnie — Północ",
"Canada_Northwest Territories_Yellowknife":"Yellowknife",
"Canada_Nova Scotia":"Nowa Szkocja",
"Canada_Nova Scotia_Halifax":"Halifax",
"Canada_Nova Scotia_Sydney":"Sydney",
"Canada_Nunavut":"Nunavut",
"Canada_Nunavut_North":"Nunavut — Północ",
"Canada_Nunavut_South":"Nunavut — Południe",
"Canada_Ontario":"Ontario",
"Canada_Ontario_Bame":"Barrie",
"Canada_Ontario_Kingston":"Kingston",
"Canada_Ontario_London":"London",
"Canada_Ontario_Northeastern_Central":"Timmins",
"Canada_Ontario_Northeastern_North":"Moose Factory",
"Canada_Ontario_Northeastern_S":"Greater Sudbury",
"Canada_Ontario_Northeastern_SE":"North Bay",
"Canada_Ontario_Northeastern_SW":"Sault Ste. Marie",
"Canada_Ontario_Northeastern_Wawa":"Wawa",
"Canada_Ontario_Northern":"Thunder Bay",
"Canada_Ontario_Northwestern":"Ontario — Północ",
"Canada_Ontario_Toronto":"Toronto",
"Canada_Prince Edward Island":"Wyspa Księcia Edwarda",
"Canada_Quebec":"Quebec",
"Canada_Quebec_Quebec":"Québec",
"Canada_Quebek_Far North":"Quebec — Północ",
"Canada_Quebek_Montreal":"Montreal",
"Canada_Quebek_North":"Sept-Îles",
"Canada_Quebek_Southeast_Rimouski":"Rimouski",
"Canada_Quebek_Southeast_Saguenay":"Saguenay",
"Canada_Quebek_West_Chibougamau":"Chibougamau",
"Canada_Quebek_West_Rouyn-Noranda":"Rouyn-Noranda",
"Canada_Saskatchewan":"Saskatchewan",
"Canada_Saskatchewan_North":"Saskatchewan — Północ",
"Canada_Saskatchewan_South":"Saskatchewan — Południe",
"Canada_Yukon":"Jukon",
"Canada_Yukon_North":"Jukon — Północ",
"Canada_Yukon_Whitehorse":"Whitehorse",
"Cape Verde":"Republika Zielonego Przylądka",
"Caribees":"Małe Antyle",
"Caribisch Nederland":"Niderlandy Karaibskie",
"Cayman Islands":"Kajmany",
"Central African Republic":"Republika Środkowoafrykańska",
"Central Anatolia Region":"Region Centralnej Anatolii",
"Chad":"Czad",
"Chile":"Chile",
"Chile_North":"Chile — Północ",
"Chile_South":"Chile — Południe",
"China_Anhui":"Anhui",
"China_Chongqing":"Chongqing",
"China_Fujian":"Fujian",
"China_Gansu":"Gansu",
"China_Guangdong":"Guangdong",
"China_Guangxi":"Kuangsi",
"China_Guizhou":"Kuejczou",
"China_Hebei":"Hebei",
"China_Heilongjiang":"Heilongjiang",
"China_Henan":"Henan",
"China_Hubei":"Hubei",
"China_Hunan":"Hunan",
"China_Inner Mongolia":"Mongolia Wewnętrzna",
"China_Jiangsu":"Jiangsu",
"China_Jiangxi":"Jiangxi",
"China_Jilin":"Jilin",
"China_Liaoning":"Liaoning",
"China_Ningxia Hui":"Ningxia",
"China_Qinghai":"Qinghai",
"China_Shaanxi":"Shaanxi",
"China_Shandong":"Szantung",
"China_Shanghai":"Szanghaj",
"China_Shanxi":"Shanxi",
"China_Sichuan":"Syczuan",
"China_Tibet Autonomous Region":"Tybetański Region Autonomiczny",
"China_Xinjiang":"Sinciang",
"China_Yunnan":"Junnan",
"China_Zhejiang":"Zhejiang",
"Colombia":"Kolumbia",
"Colombia_East":"Kolumbia — Wschód",
"Colombia_North":"Kolumbia — Północ",
"Colombia_West":"Kolumbia — Zachód",
"Colorado":"Kolorado",
"Comoros":"Komory",
"Congo-Brazzaville":"Kongo",
"Congo-Kinshasa":"Demokratyczna Republika Konga",
"Cook Islands":"Wyspy Cooka",
"Costa Rica":"Kostaryka",
"Cote dIvoire":"Wybrzeże Kości Słoniowej",
"Crimea":"Krym",
"Croatia":"Chorwacja",
"Cuba":"Kuba",
"Cyprus":"Cypr",
"Czech Republic":"Czechy",
"Czech_Jihovychod_Jihomoravsky kraj":"Kraj południowomorawski",
"Czech_Jihovychod_Kraj Vysocina":"Kraj Vysočina",
"Czech_Jihozapad_Jihocesky kraj":"Kraj południowoczeski",
"Czech_Jihozapad_Plzensky kraj":"Kraj pilzneński",
"Czech_Karlovasky kraj":"Kraj karlowarski",
"Czech_Moravskoslezsko":"Kraj morawsko-śląski",
"Czech_Olomoucky kraj":"Kraj ołomuniecki",
"Czech_Praha":"Praga",
"Czech_Severovychod_Kralovehradecky kraj":"Kraj hradecki",
"Czech_Severovychod_Liberecky kraj":"Kraj liberecki",
"Czech_Severovychod_Pardubicky kraj":"Kraj pardubicki",
"Czech_Stredni Cechy_East":"Kraj środkowoczeski — Wschód",
"Czech_Stredni Cechy_West":"Kraj środkowoczeski — Zachód",
"Czech_Ustecky kraj":"Kraj ustecki",
"Czech_Zlinsky Kraj":"Kraj zliński",
"Denmark":"Dania",
"Denmark_Capital Region of Denmark":"Region Stołeczny",
"Denmark_Central Denmark Region":"Jutlandia Środkowa",
"Denmark_North Denmark Region":"Jutlandia Północna",
"Denmark_Region Zealand":"Zelandia",
"Denmark_Region of Southern Denmark":"Dania Południowa",
"Djibouti":"Dżibuti",
"Dominica":"Dominika",
"Dominican Republic":"Dominikana",
"East Timor":"Timor Wschodni",
"Ecuador":"Ekwador",
"Egypt":"Egipt",
"El Salvador":"Salwador",
"Equatorial Guinea":"Gwinea Równikowa",
"Eritrea":"Erytrea",
"Estonia":"Estonia",
"Estonia_East":"Estonia — Wschód",
"Estonia_West":"Estonia — Zachód",
"Ethiopia":"Etiopia",
"Falkland Islands":"Falklandy",
"Faroe Islands":"Wyspy Owcze",
"Federated States of Micronesia":"Mikronezja",
"Fiji":"Fidżi",
"Finland":"Finlandia",
"Finland_Eastern Finland":"Finlandia Wschodnia",
"Finland_Northern Finland":"Północna Finlandia",
"Finland_Southern Finland_Helsinki":"Finlandia Południowa — Helsinki",
"Finland_Southern Finland_Lappeenranta":"Finlandia Południowa — Lappeenranta",
"Finland_Southern Finland_West":"Varsinais-Suomi",
"Finland_Western Finland":"Finlandia Zachodnia",
"Florida":"Floryda",
"France":"Francja",
"France_Alsace":"Alzacja",
"France_Alsace_Bas-Rhin":"Dolny Ren",
"France_Alsace_Haut-Rhin":"Górny Ren",
"France_Aquitaine":"Akwitania",
"France_Aquitaine_Dordogne":"Dordogne",
"France_Aquitaine_Gironde":"Żyronda",
"France_Aquitaine_Landes":"Landy",
"France_Aquitaine_Lot-et-Garonne":"Lot-et-Garonne",
"France_Aquitaine_Pyrenees-Atlantiques":"Pireneje Atlantyckie",
"France_Auvergne":"Owernia",
"France_Auvergne_Allier":"Allier",
"France_Auvergne_Cantal":"Cantal",
"France_Auvergne_Haute-Loire":"Górna Loara",
"France_Auvergne_Puy-de-Dome":"Puy-de-Dôme",
"France_Brittany":"Bretania",
"France_Brittany_Cotes-dArmor":"Côtes-d'Armor",
"France_Brittany_Finistere":"Finistère",
"France_Brittany_Ille-et-Vilaine":"Ille-et-Vilaine",
"France_Brittany_Morbihan":"Morbihan",
"France_Burgundy":"Burgundia",
"France_Burgundy_Cote-dOr":"Côte-d'Or",
"France_Burgundy_Nievre":"Nièvre",
"France_Burgundy_Saone-et-Loire":"Saona i Loara",
"France_Burgundy_Yonne":"Yonne",
"France_Centre-Val de Loire":"Region Centralny-Dolina Loary",
"France_Centre-Val de Loire_Cher":"Cher",
"France_Centre-Val de Loire_Eure-et-Loir":"Eure-et-Loir",
"France_Centre-Val de Loire_Indre":"Indre",
"France_Centre-Val de Loire_Indre-et-Loire":"Indre-et-Loire",
"France_Centre-Val de Loire_Loir-et-Cher":"Loir-et-Cher",
"France_Centre-Val de Loire_Loiret":"Loiret",
"France_Champagne-Ardenne":"Szampania-Ardeny",
"France_Corsica":"Korsyka",
"France_Free County":"Franche-Comté",
"France_French Guiana":"Gujana Francuska",
"France_Ile-de-France":"Île-de-France",
"France_Ile-de-France_Essonne":"Essonne",
"France_Ile-de-France_Hauts-de-Seine":"Hauts-de-Seine",
"France_Ile-de-France_Paris":"Paryż",
"France_Ile-de-France_Seine-Saint-Denis":"Seine-Saint-Denis",
"France_Ile-de-France_Seine-et-Marne":"Sekwana i Marna",
"France_Ile-de-France_Val-dOise":"Val-d'Oise",
"France_Ile-de-France_Val-de-Marne":"Dolina Marny",
"France_Ile-de-France_Yvelines":"Yvelines",
"France_Languedoc-Roussillon":"Langwedocja-Roussillon",
"France_Languedoc-Roussillon_Aude":"Aude",
"France_Languedoc-Roussillon_Gard":"Gard",
"France_Languedoc-Roussillon_Herault":"Hérault",
"France_Languedoc-Roussillon_Lozere":"Lozère",
"France_Languedoc-Roussillon_Pyrenees-Orientales":"Pireneje Wschodnie",
"France_Limousin":"Limousin",
"France_Lorraine":"Lotaryngia",
"France_Lorraine_Meurthe-et-Moselle":"Meurthe-et-Moselle",
"France_Lorraine_Meuse":"Moza",
"France_Lorraine_Moselle":"Mozela",
"France_Lorraine_Vosges":"Wogezy",
"France_Lower Normandy":"Dolna Normandia",
"France_Lower Normandy_Calvados":"Calvados",
"France_Lower Normandy_Manche":"Manche",
"France_Lower Normandy_Orne":"Orne",
"France_Midi-Pyrenees":"Midi-Pyrénées",
"France_Midi-Pyrenees_Ariege":"Ariège",
"France_Midi-Pyrenees_Aveyron":"Aveyron",
"France_Midi-Pyrenees_Gers":"Gers",
"France_Midi-Pyrenees_Haute-Garonne":"Górna Garonna",
"France_Midi-Pyrenees_Hautes-Pyrenees":"Pireneje Wysokie",
"France_Midi-Pyrenees_Lot":"Lot",
"France_Midi-Pyrenees_Tarn":"Tarn",
"France_Midi-Pyrenees_Tarn-et-Garonne":"Tarn i Garonna",
"France_New Caledonia":"Nowa Kaledonia",
"France_Nord-Pas-de-Calais":"Nord-Pas-de-Calais",
"France_Nord-Pas-de-Calais_Lille":"Lille",
"France_Nord-Pas-de-Calais_Nord":"Nord",
"France_Nord-Pas-de-Calais_Pas-de-Calais":"Pas-de-Calais",
"France_Pays de la Loire":"Kraj Loary",
"France_Pays de la Loire_Loire-Atlantique":"Loara Atlantycka",
"France_Pays de la Loire_Maine-et-Loire":"Maine-et-Loire",
"France_Pays de la Loire_Mayenne":"Mayenne",
"France_Pays de la Loire_Sarthe":"Sarthe",
"France_Pays de la Loire_Vendee":"Wandea",
"France_Picardy":"Pikardia",
"France_Picardy_Aisne":"Aisne",
"France_Picardy_Oise":"Oise",
"France_Picardy_Somme":"Somma",
"France_Poitou-Charentes":"Poitou-Charentes",
"France_Poitou-Charentes_Charente":"Charente",
"France_Poitou-Charentes_Charente-Maritime":"Charente-Maritime",
"France_Poitou-Charentes_Deux-Sevres":"Deux-Sèvres",
"France_Poitou-Charentes_Vienne":"Vienne",
"France_Provence-Alpes-Cote dAzur":"Prowansja-Alpy-Lazurowe Wybrzeże",
"France_Provence-Alpes-Cote dAzur_Alpes-de-Haute-Provence":"Alpy Górnej Prowansji",
"France_Provence-Alpes-Cote dAzur_Bouches-du-Rhone":"Delta Rodanu",
"France_Provence-Alpes-Cote dAzur_Hautes-Alpes":"Alpy Wysokie",
"France_Provence-Alpes-Cote dAzur_Maritime Alps":"Alpy Nadmorskie",
"France_Provence-Alpes-Cote dAzur_Var":"Var",
"France_Provence-Alpes-Cote dAzur_Vaucluse":"Vaucluse",
"France_Rhone-Alpes":"Rodan-Alpy",
"France_Rhone-Alpes_Ain":"Ain",
"France_Rhone-Alpes_Ardeche":"Ardèche",
"France_Rhone-Alpes_Drome":"Drôme",
"France_Rhone-Alpes_Haute-Savoie":"Górna Sabaudia",
"France_Rhone-Alpes_Isere":"Isère",
"France_Rhone-Alpes_Loire":"Loara",
"France_Rhone-Alpes_Rhone":"Rodan",
"France_Rhone-Alpes_Savoie":"Sabaudia",
"France_Southern Islands":"Francuskie Terytoria Południowe i Antarktyczne",
"France_Upper Normandy":"Górna Normandia",
"French Polynesia":"Polinezja Francuska",
"Gabon":"Gabon",
"Georgia":"Gruzja",
"Germany":"Niemcy",
"Germany_Baden-Wurttemberg":"Badenia-Wirtembergia",
"Germany_Baden-Wurttemberg_Regierungsbezirk Freiburg":"Fryburg Bryzgowijski",
"Germany_Baden-Wurttemberg_Regierungsbezirk Karlsruhe":"Rejencja Karlsruhe",
"Germany_Baden-Wurttemberg_Regierungsbezirk Stuttgart_Heilbronn":"Rejencja Stuttgart — Heilbronn",
"Germany_Baden-Wurttemberg_Regierungsbezirk Stuttgart_Stuttgart":"Rejencja Stuttgart — Stuttgart",
"Germany_Baden-Wurttemberg_Regierungsbezirk Tubingen":"Rejencja Tybinga",
"Germany_Berlin":"Berlin",
"Germany_Brandenburg_North":"Brandenburgia — Północ",
"Germany_Brandenburg_South":"Brandenburgia — Południe",
"Germany_Free State of Bavaria":"Bawaria",
"Germany_Free State of Bavaria_Lower Bavaria":"Dolna Bawaria",
"Germany_Free State of Bavaria_Lower Franconia":"Dolna Frankonia",
"Germany_Free State of Bavaria_Middle Franconia":"Środkowa Frankonia",
"Germany_Free State of Bavaria_Swabia":"Rejencja Szwabia",
"Germany_Free State of Bavaria_Upper Bavaria_East":"Górna Bawaria — Wschód",
"Germany_Free State of Bavaria_Upper Bavaria_Ingolstadt":"Górna Bawaria — Ingolstadt",
"Germany_Free State of Bavaria_Upper Bavaria_Munchen":"Górna Bawaria — Monachium",
"Germany_Free State of Bavaria_Upper Franconia":"Górna Frankonia",
"Germany_Free State of Bavaria_Upper Palatinate":"Górny Palatynat",
"Germany_Hamburg_main":"Hamburg",
"Germany_Hesse":"Hesja",
"Germany_Hesse_Regierungsbezirk Darmstadt":"Rejencja Darmstadt",
"Germany_Hesse_Regierungsbezirk Giessen":"Rejencja Gießen",
"Germany_Hesse_Regierungsbezirk Kassel":"Rejencja Kassel",
"Germany_Lower Saxony":"Dolna Saksonia",
"Germany_Lower Saxony_Bremen_Bremen":"Brema",
"Germany_Lower Saxony_Bremen_Munster":"Lüneburg",
"Germany_Lower Saxony_Hannover":"Hanower",
"Germany_Lower Saxony_Oldenburg":"Oldenburg",
"Germany_Mecklenburg-Vorpommern":"Meklemburgia-Pomorze Przednie",
"Germany_North Rhine-Westphalia":"Nadrenia Północna-Westfalia",
"Germany_North Rhine-Westphalia_Regierungsbezirk Arnsberg_Arnsberg":"Arnsberg — Arnsberg",
"Germany_North Rhine-Westphalia_Regierungsbezirk Arnsberg_Dortmund":"Arnsberg — Dortmund",
"Germany_North Rhine-Westphalia_Regierungsbezirk Detmold":"Detmold",
"Germany_North Rhine-Westphalia_Regierungsbezirk Dusseldorf_Dusseldorf":"Düsseldorf — Düsseldorf",
"Germany_North Rhine-Westphalia_Regierungsbezirk Dusseldorf_Mulheim":"Düsseldorf — Mülheim an der Ruhr",
"Germany_North Rhine-Westphalia_Regierungsbezirk Dusseldorf_Wesel":"Düsseldorf — Wesel",
"Germany_North Rhine-Westphalia_Regierungsbezirk Koln_Aachen":"Kolonia — Akwizgran",
"Germany_North Rhine-Westphalia_Regierungsbezirk Koln_Koln":"Kolonia — Kolonia",
"Germany_North Rhine-Westphalia_Regierungsbezirk Munster_Munster":"Münster — Münster",
"Germany_North Rhine-Westphalia_Regierungsbezirk Munster_Recklinghausen":"Münster — Recklinghausen",
"Germany_Rhineland-Palatinate_Koblenz":"Nadrenia-Palatynat — Koblencja",
"Germany_Rhineland-Palatinate_South":"Nadrenia-Palatynat — Moguncja",
"Germany_Saarland":"Saara",
"Germany_Saxony-Anhalt":"Saksonia-Anhalt",
"Germany_Saxony_Dresden":"Saksonia — Drezno",
"Germany_Saxony_Leipzig":"Saksonia — Lipsk",
"Germany_Schleswig-Holstein":"Szlezwik-Holsztyn",
"Germany_Thuringia":"Turyngia",
"Ghana":"Ghana",
"Gibraltar":"Gibraltar",
"Greece":"Grecja",
"Greece_Decentralized Administration of Aegean":"Morze Egejskie",
"Greece_Decentralized Administration of Attica":"Attyka",
"Greece_Decentralized Administration of Crete":"Kreta",
"Greece_Decentralized Administration of Epirus - Western Macedonia":"Epir i Zachodnia Macedonia",
"Greece_Decentralized Administration of Macedonia and Thrace":"Macedonia i Tracja",
"Greece_Decentralized Administration of Thessaly - Central Greece":"Tesalia i Środkowa Grecja",
"Greece_Decentralized Administration of West Greece":"Peloponez",
"Greenland":"Grenlandia",
"Grenada":"Grenada",
"Guadeloupe":"Gwadelupa",
"Guatemala":"Gwatemala",
"Guernsey":"Guernsey",
"Guinea":"Gwinea",
"Guinea-Bissau":"Gwinea Bissau",
"Guyana":"Gujana",
"Haiti":"Haiti",
"Honduras":"Honduras",
"Hungary":"Węgry",
"Hungary_Kozep-Magyarorszag":"Środkowe Węgry",
"Hungary_Northern Great Plain":"Węgry — Wschód",
"Hungary_Transdanubia":"Węgry — Zachód",
"Iceland":"Islandia",
"Illinois":"Illinois",
"India":"Indie",
"India_Andaman and Nicobar Islands":"Andamany i Nikobary",
"India_Andhra Pradesh":"Andhra Pradesh",
"India_Arunachal Pradesh":"Arunachal Pradesh",
"India_Assam":"Asam",
"India_Bihar":"Bihar",
"India_Chandigarh":"Czandigarh",
"India_Chhattisgarh":"Chhattisgarh",
"India_Delhi":"Delhi",
"India_Goa":"Goa",
"India_Gujarat":"Gudźarat",
"India_Haryana":"Hariana",
"India_Himachal Pradesh":"Himachal Pradesh",
"India_Jammu and Kashmir":"Dżammu i Kaszmir",
"India_Jharkhand":"Jharkhand",
"India_Karnataka":"Karnataka",
"India_Kerala":"Kerala",
"India_Lakshadweep":"Lakszadiwy",
"India_Madhya Pradesh":"Madhya Pradesh",
"India_Maharashtra":"Maharasztra",
"India_Manipur":"Manipur",
"India_Meghalaya":"Meghalaya",
"India_Mizoram":"Mizoram",
"India_Nagaland":"Nagaland",
"India_Odisha":"Orisa",
"India_Punjab":"Pendżab",
"India_Rajasthan":"Radżastan",
"India_Sikkim":"Sikkim",
"India_Tamil Nadu":"Tamilnadu",
"India_Telangana":"Telangana",
"India_Tripura":"Tripura",
"India_Uttar Pradesh":"Uttar Pradesh",
"India_Uttarakhand":"Uttarakhand",
"India_West Bengal":"Bengal Zachodni",
"Indiana":"Indiana",
"Indonesia":"Indonezja",
"Indonesia_Central":"Celebes, Kalimantan",
"Indonesia_East":"Indonezja — Wschód",
"Indonesia_Jawa Barat":"Jawa Zachodnia",
"Indonesia_Jawa Tengah":"Jawa Środkowa",
"Indonesia_Jawa Timur":"Jawa Wschodnia",
"Indonesia_Nusa Tenggara":"Małe Wyspy Sundajskie",
"Indonesia_West":"Sumatra",
"Iowa":"Iowa",
"Iran":"Iran",
"Iran_North":"Iran — Północ",
"Iran_South":"Iran — Południe",
"Iraq":"Irak",
"Ireland":"Irlandia",
"Ireland_Connacht":"Connacht",
"Ireland_Leinster":"Leinster",
"Ireland_Munster":"Munster",
"Ireland_Northern Counties":"Ulster",
"Isle of Man":"Wyspa Man",
"Israel":"Izrael",
"Israel Region":"Izrael",
"Italy":"Włochy",
"Italy_Abruzzo":"Abruzja",
"Italy_Aosta Valley":"Dolina Aosty",
"Italy_Apulia":"Apulia",
"Italy_Basilicata":"Basilicata",
"Italy_Calabria":"Kalabria",
"Italy_Campania":"Kampania",
"Italy_Emilia":"Emilia-Romania",
"Italy_Emilia-Romagna_Bologna":"Prowincja Bolonia",
"Italy_Emilia-Romagna_Ferrara":"Prowincja Ferrara",
"Italy_Emilia-Romagna_Forli-Cesena":"Prowincja Forlì-Cesena",
"Italy_Emilia-Romagna_Modena":"Prowincja Modena",
"Italy_Emilia-Romagna_Parma":"Prowincja Parma",
"Italy_Emilia-Romagna_Piacenza":"Prowincja Piacenza",
"Italy_Emilia-Romagna_Ravenna":"Prowincja Rawenna",
"Italy_Emilia-Romagna_Reggio Emilia":"Prowincja Reggio Emilia",
"Italy_Emilia-Romagna_Rimini":"Prowincja Rimini",
"Italy_Friuli":"Friuli-Wenecja Julijska",
"Italy_Friuli-Venezia Giulia_Gorizia":"Prowincja Gorycja",
"Italy_Friuli-Venezia Giulia_Pordenone":"Prowincja Pordenone",
"Italy_Friuli-Venezia Giulia_Trieste":"Prowincja Triest",
"Italy_Friuli-Venezia Giulia_Udine":"Prowincja Udine",
"Italy_Lazio":"Lacjum",
"Italy_Liguria":"Liguria",
"Italy_Lombardy":"Lombardia",
"Italy_Lombardy_Bergamo":"Prowincja Bergamo",
"Italy_Lombardy_Brescia":"Prowincja Brescia",
"Italy_Lombardy_Como":"Prowincja Como",
"Italy_Lombardy_Cremona":"Prowincja Cremona",
"Italy_Lombardy_Lecco":"Prowincja Lecco",
"Italy_Lombardy_Lodi":"Prowincja Lodi",
"Italy_Lombardy_Mantua":"Prowincja Mantua",
"Italy_Lombardy_Milan":"Prowincja Mediolan",
"Italy_Lombardy_Monza and Brianza":"Prowincja Monza i Brianza",
"Italy_Lombardy_Pavia":"Prowincja Pawia",
"Italy_Lombardy_Sondrio":"Prowincja Sondrio",
"Italy_Lombardy_Varese":"Prowincja Varese",
"Italy_Marche":"Marche",
"Italy_Molise":"Molise",
"Italy_Piemont":"Piemont",
"Italy_Piemont_Alessandria":"Prowincja Alessandria",
"Italy_Piemont_Asti":"Prowincja Asti",
"Italy_Piemont_Biella":"Prowincja Biella",
"Italy_Piemont_Cuneo":"Prowincja Cuneo",
"Italy_Piemont_Novara":"Prowincja Novara",
"Italy_Piemont_Torino":"Prowincja Turyn",
"Italy_Piemont_Verbano-Cusio-Ossola":"Prowincja Cusio Ossola",
"Italy_Piemont_Vercelli":"Prowincja Vercelli",
"Italy_Sardinia":"Sardynia",
"Italy_Sicily":"Sycylia",
"Italy_Trentino-Alto Adige Sudtirol":"Trydent-Górna Adyga",
"Italy_Tuscany_Grosseto":"Toskania — Prowincja Grosseto",
"Italy_Tuscany_Massa e Carrara":"Toskania — Prowincja Massa-Carrara",
"Italy_Umbria":"Umbria",
"Italy_Veneto":"Wenecja Euganejska",
"Italy_Veneto_Belluno":"Prowincja Belluno",
"Italy_Veneto_Padova":"Prowincja Padwa",
"Italy_Veneto_Rovigo":"Prowincja Rovigo",
"Italy_Veneto_Treviso":"Prowincja Treviso",
"Italy_Veneto_Venezia":"Prowincja Wenecja",
"Italy_Veneto_Verona":"Prowincja Werona",
"Italy_Veneto_Vicenza":"Prowincja Vicenza",
"Jamaica":"Jamajka",
"Japan":"Japonia",
"Japan_Chubu Region":"Region Chūbu",
"Japan_Chubu Region_Aichi":"Prefektura Aichi",
"Japan_Chubu Region_Fukui":"Prefektura Fukui",
"Japan_Chubu Region_Gifu":"Prefektura Gifu",
"Japan_Chubu Region_Ishikawa":"Prefektura Ishikawa",
"Japan_Chubu Region_Nagano":"Prefektura Nagano",
"Japan_Chubu Region_Niigata":"Prefektura Niigata",
"Japan_Chubu Region_Shizuoka":"Prefektura Shizuoka",
"Japan_Chubu Region_Toyama":"Prefektura Toyama",
"Japan_Chubu Region_Yamanashi":"Prefektura Yamanashi",
"Japan_Chugoku Region":"Region Chūgoku",
"Japan_Chugoku Region_Hiroshima":"Prefektura Hiroszima",
"Japan_Chugoku Region_Okayama":"Prefektura Okayama",
"Japan_Chugoku Region_Shimane":"Prefektura Shimane",
"Japan_Chugoku Region_Tottori":"Prefektura Tottori",
"Japan_Chugoku Region_Yamaguchi":"Prefektura Yamaguchi",
"Japan_Hokkaido Region":"Hokkaido",
"Japan_Hokkaido Region_East":"Hokkaido — Wschód",
"Japan_Hokkaido Region_North":"Hokkaido — Północ",
"Japan_Hokkaido Region_West":"Hokkaido — Zachód",
"Japan_Kanto":"Region Kantō",
"Japan_Kanto_Chiba":"Prefektura Chiba",
"Japan_Kanto_Gunma":"Prefektura Gunma",
"Japan_Kanto_Ibaraki":"Prefektura Ibaraki",
"Japan_Kanto_Kanagawa":"Prefektura Kanagawa",
"Japan_Kanto_Saitama":"Prefektura Saitama",
"Japan_Kanto_Tochigi":"Prefektura Tochigi",
"Japan_Kanto_Tokyo":"Tokio",
"Japan_Kinki Region":"Kansai",
"Japan_Kinki Region_Mie":"Prefektura Mie",
"Japan_Kinki Region_Nara":"Prefektura Nara",
"Japan_Kinki Region_Osaka":"Prefektura Osaka",
"Japan_Kinki Region_Wakayama":"Prefektura Wakayama",
"Japan_Kyushu Region":"Kiusiu",
"Japan_Kyushu Region_Fukuoka":"Prefektura Fukuoka",
"Japan_Kyushu Region_Kagoshima":"Prefektura Kagoshima",
"Japan_Kyushu Region_Kumamoto":"Prefektura Kumamoto",
"Japan_Kyushu Region_Miyazaki":"Prefektura Miyazaki",
"Japan_Kyushu Region_Nagasaki":"Prefektura Nagasaki",
"Japan_Kyushu Region_Oita":"Prefektura Ōita",
"Japan_Kyushu Region_Okinawa":"Prefektura Okinawa",
"Japan_Kyushu Region_Saga":"Prefektura Saga",
"Japan_Shikoku Region":"Sikoku",
"Japan_Shikoku Region_Ehime":"Prefektura Ehime",
"Japan_Shikoku Region_Kagawa":"Prefektura Kagawa",
"Japan_Shikoku Region_Kochi":"Prefektura Kōchi",
"Japan_Shikoku Region_Kyoto":"Prefektura Kioto",
"Japan_Shikoku Region_Tokushima":"Prefektura Tokushima",
"Japan_Tohoku":"Region Tōhoku",
"Japan_Tohoku_Akita":"Prefektura Akita",
"Japan_Tohoku_Aomori":"Prefektura Aomori",
"Japan_Tohoku_Fukushima":"Prefektura Fukushima",
"Japan_Tohoku_Iwate":"Prefektura Iwate",
"Japan_Tohoku_Miyagi":"Prefektura Miyagi",
"Japan_Tohoku_Yamagata":"Prefektura Yamagata",
"Jersey":"Jersey",
"Jerusalem":"Jerozolima",
"Jordan":"Jordania",
"Kansas":"Kansas",
"Kazakhstan":"Kazachstan",
"Kentucky":"Kentucky",
"Kenya":"Kenia",
"Kingdom of Lesotho":"Lesotho",
"Kiribati":"Kiribati",
"Kuwait":"Kuwejt",
"Kyrgyzstan":"Kirgistan",
"Laos":"Laos",
"Latvia":"Łotwa",
"Lebanon":"Liban",
"Liberia":"Liberia",
"Libya":"Libia",
"Liechtenstein":"Liechtenstein",
"Lithuania":"Litwa",
"Louisiana":"Luizjana",
"Luxembourg":"Luksemburg",
"Macedonia":"Macedonia",
"Madagascar":"Madagaskar",
"Malawi":"Malawi",
"Malaysia":"Malezja",
"Maldives":"Malediwy",
"Mali":"Mali",
"Malta":"Malta",
"Marshall Islands":"Wyspy Marshalla",
"Martinique":"Martynika",
"Maryland":"Maryland",
"Massachusetts":"Massachusetts",
"Mauritania":"Mauretania",
"Mauritius":"Mauritius",
"Mexico":"Meksyk",
"Mexico_California":"Kalifornia Dolna",
"Mexico_Central_East":"Nuevo León",
"Mexico_Central_West":"Nayarit",
"Mexico_East":"Meksyk — Wschód",
"Mexico_Mexico":"Meksyk",
"Mexico_North":"Meksyk — Północ",
"Mexico_South":"Meksyk — Południe",
"Michigan":"Michigan",
"Minnesota":"Minnesota",
"Missouri":"Missouri",
"Moldova":"Mołdawia",
"Monaco":"Monako",
"Mongolia":"Mongolia",
"Montenegro":"Czarnogóra",
"Montserrat":"Montserrat",
"Morocco":"Maroko",
"Morocco_Doukkala-Abda":"Dukkala-Abda",
"Morocco_Rabat-Sale-Zemmour-Zaer":"Rabat-Sala-Zammur-Za'ir",
"Morocco_Southern":"Maroko — Południe",
"Morocco_Western Sahara":"Sahara Zachodnia",
"Mozambique":"Mozambik",
"Myanmar":"Mjanma",
"Nagorno-Karabakh":"Górski Karabach",
"Namibia":"Namibia",
"Nauru":"Nauru",
"Nepal":"Nepal",
"Nepal_East":"Nepal — Wschód",
"Nepal_West":"Nepal — Zachód",
"Netherlands":"Holandia",
"Netherlands_Drenthe":"Drenthe",
"Netherlands_Flevoland":"Flevoland",
"Netherlands_Friesland":"Fryzja",
"Netherlands_Gelderland_Nijmegen":"Geldria — Nijmegen",
"Netherlands_Gelderland_North":"Geldria — Apeldoorn",
"Netherlands_Gelderland_Zutphen":"Geldria — Zutphen",
"Netherlands_Groningen":"Groningen",
"Netherlands_Limburg":"Limburgia",
"Netherlands_North Brabant_Eindhoven":"Brabancja Północna — Eindhoven",
"Netherlands_North Brabant_Roosendaal":"Brabancja Północna — Roosendaal",
"Netherlands_North Brabant_Tiburg":"Brabancja Północna — Tilburg",
"Netherlands_North Brabant_Uden":"Brabancja Północna — Uden",
"Netherlands_North Holland_Alkmaar":"Holandia Północna — Alkmaar",
"Netherlands_North Holland_Amsterdam":"Holandia Północna — Amsterdam",
"Netherlands_North Holland_Zaandam":"Holandia Północna — Zaanstad",
"Netherlands_Overijssel_Enschede":"Overijssel — Enschede",
"Netherlands_Overijssel_Zwolle":"Overijssel — Zwolle",
"Netherlands_South Holland_Brielle":"Holandia Południowa — Brielle",
"Netherlands_South Holland_Den Haag":"Holandia Południowa — Haga",
"Netherlands_South Holland_Leiden":"Holandia Południowa — Lejda",
"Netherlands_South Holland_Rotterdam":"Holandia Południowa — Rotterdam",
"Netherlands_Utrecht_Amersfoort":"Utrecht — Amersfoort",
"Netherlands_Utrecht_Utrecht":"Utrecht — Utrecht",
"Netherlands_Zeeland":"Zelandia",
"New Jersey":"New Jersey",
"New York":"Nowy Jork",
"New Zealand":"Nowa Zelandia",
"New Zealand North_Auckland":"Północ — Auckland",
"New Zealand North_Wellington":"Północ — Wellington",
"New Zealand South_Canterbury":"Południe — Canterbury",
"New Zealand South_Southland":"Południe — Southland",
"Nicaragua":"Nikaragua",
"Niger":"Niger",
"Nigeria":"Nigeria",
"Niue":"Niue",
"North Carolina":"Karolina Północna",
"North Dakota":"Dakota Północna",
"North Korea":"Korea Północna",
"Norway":"Norwegia",
"Norway_Bouvet Island":"Wyspa Bouveta",
"Norway_Central":"Oslo",
"Norway_Hedmark":"Hedmark",
"Norway_Jan Mayen":"Jan Mayen",
"Norway_Northern":"Nord-Norge",
"Norway_Oppland":"Oppland",
"Norway_Southern":"Sørlandet",
"Norway_Svalbard":"Svalbard",
"Norway_Trondelag":"Trøndelag",
"Norway_Western":"Vestlandet",
"Ohio":"Ohio",
"Oklahoma":"Oklahoma",
"Oman":"Oman",
"Oregon":"Oregon",
"Pakistan":"Pakistan",
"Palau":"Palau",
"Palestine":"Państwo Palestyna",
"Palestine Region":"Państwo Palestyna",
"Panama":"Panama",
"Papua New Guinea":"Papua-Nowa Gwinea",
"Paraguay":"Paragwaj",
"Pennsylvania":"Pensylwania",
"People's Republic of China":"Chińska Republika Ludowa",
"Peru":"Peru",
"Peru_North":"Peru — Północ",
"Peru_South":"Peru — Południe",
"Philippines":"Filipiny",
"Philippines_Luzon_Manila":"Region Stołeczny",
"Philippines_Luzon_North":"Luzon — Północ",
"Philippines_Luzon_South":"Luzon — Południe",
"Philippines_Mindanao":"Mindanao",
"Philippines_Visayas":"Visayas",
"Pitcairn Islands":"Pitcairn",
"Poland":"Polska",
"Poland_Greater Poland Voivodeship":"województwo wielkopolskie",
"Poland_Kuyavian-Pomeranian Voivodeship":"województwo kujawsko-pomorskie",
"Poland_Lesser Poland Voivodeship":"województwo małopolskie",
"Poland_Lodz Voivodeship":"województwo łódzkie",
"Poland_Lower Silesian Voivodeship":"województwo dolnośląskie",
"Poland_Lublin Voivodeship":"województwo lubelskie",
"Poland_Lubusz Voivodeship":"województwo lubuskie",
"Poland_Masovian Voivodeship":"województwo mazowieckie",
"Poland_Opole Voivodeship":"województwo opolskie",
"Poland_Podlaskie Voivodeship":"województwo podlaskie",
"Poland_Pomeranian Voivodeship":"województwo pomorskie",
"Poland_Silesian Voivodeship":"województwo śląskie",
"Poland_Subcarpathian Voivodeship":"województwo podkarpackie",
"Poland_Swietokrzyskie Voivodeship":"województwo świętokrzyskie",
"Poland_Warmian-Masurian Voivodeship":"województwo warmińsko-mazurskie",
"Poland_West Pomeranian Voivodeship":"województwo zachodniopomorskie",
"Portugal":"Portugalia",
"Portugal_North":"Portugalia — Północ",
"Portugal_South":"Portugalia — Południe",
"Qatar":"Katar",
"Republic of Kosovo":"Kosowo",
"Romania":"Rumunia",
"Romania_Centre":"Region Centralny, Rumunia",
"Romania_North_East":"Region Północno-wschodni",
"Romania_North_West":"Region Północno-zachodni",
"Romania_South":"Region Południowy",
"Romania_South_East":"Region Południowo-wschodni",
"Romania_South_West":"Region Południowo-zachodni",
"Romania_West":"Region Zachodni",
"Russia_Altai Krai":"Kraj Ałtajski",
"Russia_Altai Republic":"Republika Ałtaju",
"Russia_Amur Oblast":"Obwód amurski",
"Russia_Arkhangelsk Oblast_Central":"Obwód archangielski — Środek",
"Russia_Arkhangelsk Oblast_North":"Obwód archangielski — Północ",
"Russia_Astrakhan Oblast":"Obwód astrachański",
"Russia_Bashkortostan":"Baszkiria",
"Russia_Belgorod Oblast":"Obwód biełgorodzki",
"Russia_Bryansk Oblast":"Obwód briański",
"Russia_Buryatia":"Buriacja",
"Russia_Chechen Republic":"Czeczenia",
"Russia_Chelyabinsk Oblast":"Obwód czelabiński",
"Russia_Chukotka Autonomous Okrug":"Czukocki Okręg Autonomiczny",
"Russia_Chuvashia":"Czuwaszja",
"Russia_Ingushetia":"Inguszetia",
"Russia_Irkutsk Oblast":"Obwód irkucki",
"Russia_Ivanovo Oblast":"Obwód iwanowski",
"Russia_Jewish Autonomous Oblast":"Żydowski Obwód Autonomiczny",
"Russia_Kabardino-Balkaria":"Kabardo-Bałkaria",
"Russia_Kaliningrad Oblast":"Obwód kaliningradzki",
"Russia_Kaluga Oblast":"Obwód kałuski",
"Russia_Kamchatka Krai":"Kraj Kamczacki",
"Russia_Karachay-Cherkessia":"Karaczajo-Czerkiesja",
"Russia_Kemerov Oblast":"Obwód kemerowski",
"Russia_Khabarovsk Krai":"Kraj Chabarowski",
"Russia_Khakassia":"Chakasja",
"Russia_Kirov Oblast":"Obwód kirowski",
"Russia_Komi Republic":"Republika Komi",
"Russia_Kostroma Oblast":"Obwód kostromski",
"Russia_Krasnodar Krai":"Kraj Krasnodarski — Północ",
"Russia_Krasnodar Krai_Adygeya":"Kraj Krasnodarski, Adygeja",
"Russia_Krasnoyarsk Krai":"Kraj Krasnojarski",
"Russia_Kurgan Oblast":"Obwód kurgański",
"Russia_Kursk Oblast":"Obwód kurski",
"Russia_Leningradskaya Oblast_Karelsky":"Obwód leningradzki — Północ",
"Russia_Leningradskaya Oblast_Southeast":"Obwód leningradzki — Południe",
"Russia_Lipetsk Oblast":"Obwód lipiecki",
"Russia_Magadan Oblast":"Obwód magadański",
"Russia_Mari El":"Mari El",
"Russia_Moscow":"Moskwa",
"Russia_Moscow Oblast":"Obwód moskiewski",
"Russia_Murmansk Oblast":"Obwód murmański",
"Russia_Nenets Autonomous Okrug":"Nieniecki Okręg Autonomiczny",
"Russia_Nizhny Novgorod Oblast":"Obwód niżnonowogrodzki",
"Russia_North Ossetia-Alania":"Osetia Północna",
"Russia_Novgorod Oblast":"Obwód nowogrodzki",
"Russia_Novosibirsk Oblast":"Obwód nowosybirski",
"Russia_Omsk Oblast":"Obwód omski",
"Russia_Orenburg Oblast":"Obwód orenburski",
"Russia_Oryol Oblast":"Obwód orłowski",
"Russia_Penza Oblast":"Obwód penzeński",
"Russia_Perm Krai":"Kraj Permski",
"Russia_Primorsky Krai":"Kraj Nadmorski",
"Russia_Pskov Oblast":"Obwód pskowski",
"Russia_Republic of Dagestan":"Dagestan",
"Russia_Republic of Kalmykia":"Kałmucja",
"Russia_Republic of Karelia":"Karelia",
"Russia_Republic of Mordovia":"Mordowia",
"Russia_Rostov Oblast":"Obwód rostowski",
"Russia_Ryazan Oblast":"Obwód riazański",
"Russia_Saint Petersburg":"Petersburg",
"Russia_Sakha Republic":"Jakucja",
"Russia_Sakhalin Oblast":"Obwód sachaliński",
"Russia_Samara Oblast":"Obwód samarski",
"Russia_Saratov Oblast":"Obwód saratowski",
"Russia_Smolensk Oblast":"Obwód smoleński",
"Russia_Stavropol Krai":"Kraj Stawropolski",
"Russia_Sverdlovsk Oblast":"Obwód swierdłowski",
"Russia_Tambov Oblast":"Obwód tambowski",
"Russia_Tatarstan":"Tatarstan",
"Russia_Tomsk Oblast":"Obwód tomski",
"Russia_Tula Oblast":"Obwód tulski",
"Russia_Tuva":"Tuwa",
"Russia_Tver Oblast":"Obwód twerski",
"Russia_Tyumen Oblast":"Obwód tiumeński",
"Russia_Udmurt Republic":"Udmurcja",
"Russia_Ulyanovsk Oblast":"Obwód uljanowski",
"Russia_Vladimir Oblast":"Obwód włodzimierski",
"Russia_Volgograd Oblast":"Obwód wołgogradzki",
"Russia_Vologda Oblast":"Obwód wołogodzki",
"Russia_Voronezh Oblast":"Obwód woroneski",
"Russia_Yamalo-Nenets Autonomous Okrug":"Jamalsko-Nieniecki Okręg Autonomiczny",
"Russia_Yaroslavl Oblast":"Obwód jarosławski",
"Russia_Yugra":"Chanty-Mansyjski Okręg Autonomiczny - Jugra",
"Russia_Zabaykalsky Krai":"Kraj Zabajkalski",
"Russian Federation":"Rosja",
"Rwanda":"Rwanda",
"Sahrawi Arab Democratic Republic":"Saharyjska Arabska Republika Demokratyczna",
"Saint Barthelemy":"Saint-Barthélemy",
"Saint Helena Ascension and Tristan da Cunha":"Wyspa Świętej Heleny, Wyspa Wniebowstąpienia i Tristan da Cunha",
"Saint Kitts and Nevis":"Saint Kitts i Nevis",
"Saint Lucia":"Saint Lucia",
"Saint Martin":"Saint-Martin",
"Saint Vincent and the Grenadines":"Saint Vincent i Grenadyny",
"Samoa":"Samoa",
"San Marino":"San Marino",
"Sao Tome and Principe":"Wyspy Świętego Tomasza i Książęca",
"Saudi Arabia":"Arabia Saudyjska",
"Senegal":"Senegal",
"Serbia":"Serbia",
"Seychelles":"Seszele",
"Sierra Leone":"Sierra Leone",
"Singapore":"Singapur",
"Slovakia":"Słowacja",
"Slovakia_Region of Banska Bystrica":"Kraj bańskobystrzycki",
"Slovakia_Region of Bratislava":"Kraj bratysławski",
"Slovakia_Region of Kosice":"Kraj koszycki",
"Slovakia_Region of Nitra":"Kraj nitrzański",
"Slovakia_Region of Presov":"Kraj preszowski",
"Slovakia_Region of Trencin":"Kraj trenczyński",
"Slovakia_Region of Trnava":"Kraj trnawski",
"Slovakia_Region of Zilina":"Kraj żyliński",
"Slovenia":"Słowenia",
"Solomon Islands":"Wyspy Salomona",
"Somalia":"Somalia",
"South Africa":"Republika Południowej Afryki",
"South Africa_Eastern Cape":"Prowincja Przylądkowa Wschodnia",
"South Africa_Free State":"Wolne Państwo",
"South Africa_Gauteng":"Gauteng",
"South Africa_KwaZulu-Natal":"KwaZulu-Natal",
"South Africa_Limpopo":"Limpopo",
"South Africa_Mpumalanga":"Mpumalanga",
"South Africa_North West":"Prowincja Północno-Zachodnia",
"South Africa_Northern Cape":"Prowincja Przylądkowa Północna",
"South Africa_Western Cape":"Prowincja Przylądkowa Zachodnia",
"South Carolina":"Karolina Południowa",
"South Georgia and the South Sandwich Islands":"Georgia Południowa i Sandwich Południowy",
"South Korea":"Korea Południowa",
"South Korea_North":"Korea Południowa — Północ",
"South Korea_South":"Korea Południowa — Południe",
"South Ossetia":"Osetia Południowa",
"South Sudan":"Sudan Południowy",
"Spain":"Hiszpania",
"Spain_Andalusia":"Andaluzja",
"Spain_Aragon":"Aragonia",
"Spain_Balearic Islands":"Baleary",
"Spain_Basque Country":"Kraj Basków",
"Spain_Canary Islands":"Wyspy Kanaryjskie",
"Spain_Cantabria":"Kantabria",
"Spain_Castile and Leon":"Kastylia i León",
"Spain_Castile-La Mancha":"Kastylia-La Mancha",
"Spain_Catalonia_Provincia de Barcelona":"Barcelona",
"Spain_Catalonia_Provincia de Girona":"Girona",
"Spain_Catalonia_Provincia de Lleida":"Lleida",
"Spain_Catalonia_Provincia de Tarragona":"Tarragona",
"Spain_Ceuta":"Ceuta",
"Spain_Community of Madrid":"Madryt",
"Spain_Comunidad Foral de Navarra":"Nawarra",
"Spain_Extremadura":"Estremadura",
"Spain_Galicia":"Galicja",
"Spain_La Rioja":"La Rioja",
"Spain_Melilla":"Melilla",
"Spain_Principado de Asturias":"Asturia",
"Spain_Region de Murcia":"Murcja",
"Spain_Valencian Community":"Walencja",
"Sri Lanka":"Sri Lanka",
"Sudan":"Sudan",
"Suriname":"Surinam",
"Swaziland":"Suazi",
"Sweden":"Szwecja",
"Sweden_Bergslagen":"Bergslagen",
"Sweden_Malardalen":"Mälardalen",
"Sweden_Mellannorrland":"Mellannorrland",
"Sweden_Norra Sverige":"Norra Sverige",
"Sweden_Ostra Gotaland":"Ostra Götaland",
"Sweden_Sodra Gotaland":"Södra Götaland",
"Sweden_Vastra Gotaland":"Ostra Götaland",
"Switzerland":"Szwajcaria",
"Switzerland_Central":"Szwajcaria Środkowa",
"Switzerland_Eastern":"Szwajcaria Wschodnia",
"Switzerland_Espace Mittelland":"Espace Mittelland",
"Switzerland_Lake Geneva region":"Region Jeziora Genewskiego",
"Switzerland_Northwestern":"Szwajcaria północno-zachodnia",
"Switzerland_Ticino":"Ticino",
"Switzerland_Zurich":"Aglomeracja Zurych",
"Syria":"Syria",
"Taiwan":"Republika Chińska",
"Tajikistan":"Tadżykistan",
"Tanzania":"Tanzania",
"Tennessee":"Tennessee",
"Texas":"Teksas",
"Thailand":"Tajlandia",
"Thailand_North":"Tajlandia — Północ",
"Thailand_South":"Tajlandia — Południe",
"The Bahamas":"Bahamy",
"The Gambia":"Gambia",
"Togo":"Togo",
"Tokelau":"Tokelau",
"Tonga":"Tonga",
"Trinidad and Tobago":"Trynidad i Tobago",
"Tunisia":"Tunezja",
"Turkey":"Turcja",
"Turkey_Aegean Region":"Region Egejski",
"Turkey_Black Sea Region":"Region Morza Czarnego",
"Turkey_Eastern Anatolia Region":"Region Wschodniej Anatolii",
"Turkey_Marmara Region":"Region Marmara",
"Turkey_Mediterranean Region":"Region Śródziemnomorski",
"Turkey_Southeastern Anatolia Region":"Region południowo-wschodniej Anatolii",
"Turkmenistan":"Turkmenistan",
"Turks and Caicos Islands":"Turks i Caicos",
"Tuvalu":"Tuvalu",
"UK_England_East Midlands":"East Midlands",
"UK_England_East of England_Essex":"East of England — Essex",
"UK_England_East of England_Norfolk":"East of England — Norfolk",
"UK_England_Greater London":"Wielki Londyn",
"UK_England_North East England":"North East England",
"UK_England_North West England":"North West England",
"UK_England_South East_Brighton":"South East England — Brighton",
"UK_England_South East_Oxford":"South East England — Oksford",
"UK_England_South West England_Bristol":"South West England — Bristol",
"UK_England_South West England_Cornwall":"South West England — Kornwalia",
"UK_England_West Midlands":"West Midlands",
"UK_England_Yorkshire and the Humber":"Yorkshire and the Humber",
"UK_Northern Ireland":"Irlandia Północna",
"UK_Scotland_North":"Szkocja — Północ",
"UK_Scotland_South":"Szkocja — Południe",
"UK_Wales":"Walia",
"US_Alabama_Birmingham":"Birmingham",
"US_Alabama_Montgomery":"Montgomery",
"US_Alaska":"Alaska",
"US_Arizona_Flagstaff":"Flagstaff",
"US_Arizona_Phoenix":"Phoenix",
"US_Arizona_Tucson":"Tucson",
"US_Arkansas":"Arkansas",
"US_California_Bakersfield_Bakersfield":"Bakersfield",
"US_California_Bakersfield_Lancaster":"Lancaster",
"US_California_Chico":"Chico",
"US_California_LA":"Los Angeles",
"US_California_LA North":"Los Angeles — Północ",
"US_California_Redding":"Redding",
"US_California_Sacramento_Fresno":"Fresno",
"US_California_Sacramento_Sacramento":"Sacramento",
"US_California_Sacramento_Stockton":"Stockton",
"US_California_San Diego":"San Diego",
"US_California_Santa_Clara_Palo Alto":"San Francisco",
"US_California_Santa_Clara_Santa Cruz":"Santa Cruz",
"US_Colorado_Aspen":"Aspen",
"US_Colorado_Denver":"Denver",
"US_Colorado_South":"Kolorado — Południe",
"US_Connecticut":"Connecticut",
"US_Delaware":"Delaware",
"US_Florida_Jacksonville":"Jacksonville",
"US_Florida_Miami":"Miami",
"US_Florida_Orlando":"Orlando",
"US_Florida_Tampa":"Tampa",
"US_Georgia":"Georgia",
"US_Georgia_Atlanta":"Atlanta",
"US_Georgia_Macon":"Macon",
"US_Georgia_North":"Georgia — Północ",
"US_Georgia_South":"Georgia — Południe",
"US_Guam":"Guam",
"US_Hawaii":"Hawaje",
"US_Idaho":"Idaho",
"US_Illinois_Chickago":"Chicago",
"US_Illinois_Elgin":"Elgin",
"US_Illinois_Rockford":"Rockford",
"US_Illinois_South":"Illinois — Południe",
"US_Illinois_Springfield":"Springfield",
"US_Indiana_North":"Indiana — Północ",
"US_Indiana_South":"Indiana — Południe",
"US_Iowa_Des Moines":"Des Moines",
"US_Iowa_Waterloo":"Waterloo",
"US_Iowa_West":"Iowa — Zachód",
"US_Kansas_East":"Kansas — Wschód",
"US_Kansas_West":"Kansas — Zachód",
"US_Kentucky_East":"Kentucky — Wschód",
"US_Kentucky_West":"Kentucky — Zachód",
"US_Louisiana_Central":"Luizjana — Zachód",
"US_Louisiana_New Orleans":"Nowy Orlean",
"US_Maine":"Maine",
"US_Maryland_Baltimore":"Baltimore",
"US_Maryland_and_DC":"Zachód, Waszyngton",
"US_Massachusetts_Boston":"Boston",
"US_Massachusetts_Central":"Worcester",
"US_Massachusetts_Plymouth":"Plymouth",
"US_Massachusetts_Southeastern":"Barnstable (Massachusetts)",
"US_Massachusetts_West":"Springfield",
"US_Michigan_Detroit":"Detroit",
"US_Michigan_North":"Michigan — Północ",
"US_Michigan_South":"Michigan — Południe",
"US_Minnesota_Minneapolis":"Minneapolis",
"US_Minnesota_North":"Minnesota — Północ",
"US_Minnesota_Rochester":"Rochester",
"US_Minnesota_Saint Cloud":"St. Cloud",
"US_Mississippi":"Missisipi",
"US_Missouri_East":"Missouri — Wschód",
"US_Missouri_West":"Missouri — Zachód",
"US_Montana":"Montana",
"US_Nebraska":"Nebraska",
"US_Nevada":"Nevada",
"US_New Hampshire":"New Hampshire",
"US_New Jersey_North":"New Jersey — Północ",
"US_New Jersey_South":"New Jersey — Południe",
"US_New Mexico":"Nowy Meksyk",
"US_New York_East":"Nowy Jork — Wschód",
"US_New York_New York":"Nowy Jork — Nowy Jork",
"US_New York_North":"Nowy Jork — Północ",
"US_New York_West":"Nowy Jork — Zachód",
"US_North Carolina_Asheville":"Asheville",
"US_North Carolina_Charlotte":"Charlotte",
"US_North Carolina_Greensboro":"Greensboro",
"US_North Carolina_Raleigh":"Raleigh",
"US_North Carolina_Wilmington":"Wilmington",
"US_North Carolina_Wilson":"Wilson",
"US_North Dakota_Bismarck":"Bismarck",
"US_North Dakota_East":"Fargo",
"US_North Dakota_Minot":"Minot",
"US_Ohio_Cleveland":"Cleveland",
"US_Ohio_Dayton":"Dayton",
"US_Oklahoma_East":"Oklahoma — Wschód",
"US_Oklahoma_West":"Oklahoma — Zachód",
"US_Oregon_Eugene":"Eugene",
"US_Oregon_Portland":"Portland",
"US_Oregon_West":"Oregon — Zachód",
"US_Pennsylvania_Central":"Altoona (Pensylwania)",
"US_Pennsylvania_Pittsburgh":"Pittsburgh",
"US_Pennsylvania_Reading":"Reading",
"US_Pennsylvania_Scranton":"Scranton",
"US_Puerto Rico":"Portoryko",
"US_Rhode Island":"Rhode Island",
"US_South Carolina_Columbia":"Columbia",
"US_South Carolina_Florence":"Florence",
"US_South Dakota":"Dakota Południowa",
"US_Tennessee_East":"Tennessee — Wschód",
"US_Tennessee_West":"Tennessee — Zachód",
"US_Texas_Austin":"Austin",
"US_Texas_Dallas":"Dallas",
"US_Texas_Houston":"Houston",
"US_Texas_Northwest":"Amarillo",
"US_Texas_San Antonio":"San Antonio",
"US_Texas_Southwest":"Laredo",
"US_Texas_Tyler":"Tyler",
"US_Texas_Wako":"Waco",
"US_Texas_West":"Odessa",
"US_United States Minor Outlying Islands":"Dalekie Wyspy Mniejsze Stanów Zjednoczonych",
"US_Utah":"Utah",
"US_Vermont":"Vermont",
"US_Virginia_Chesapeake":"Chesapeake",
"US_Virginia_Lynchburg":"Lynchburg",
"US_Virginia_Richmond":"Richmond",
"US_Virginia_Roanoke":"Roanoke",
"US_Washington_Coast":"Tacoma",
"US_Washington_Seattle":"Seattle",
"US_Washington_Yakima":"Yakima",
"US_West Virginia":"Wirginia Zachodnia",
"US_Wisconsin_Milwaukee":"Milwaukee",
"US_Wisconsin_North":"Eau Claire",
"US_Wyoming":"Wyoming",
"Uganda":"Uganda",
"Ukraine":"Ukraina",
"Ukraine_Cherkasy Oblast":"Obwód czerkaski",
"Ukraine_Chernihiv Oblast":"Obwód czernihowski",
"Ukraine_Chernivtsi Oblast":"Obwód czerniowiecki",
"Ukraine_Dnipropetrovsk Oblast":"Obwód dniepropetrowski",
"Ukraine_Donetsk Oblast":"Obwód doniecki",
"Ukraine_Ivano-Frankivsk Oblast":"Obwód iwanofrankiwski",
"Ukraine_Kharkiv Oblast":"Obwód charkowski",
"Ukraine_Kherson Oblast":"Obwód chersoński",
"Ukraine_Khmelnytskyi Oblast":"Obwód chmielnicki",
"Ukraine_Kirovohrad Oblast":"Obwód kirowohradzki",
"Ukraine_Kyiv Oblast":"Obwód kijowski",
"Ukraine_Luhansk Oblast":"Obwód ługański",
"Ukraine_Lviv Oblast":"Obwód lwowski",
"Ukraine_Mykolaiv Oblast":"Obwód mikołajowski",
"Ukraine_Odessa Oblast":"Obwód odeski",
"Ukraine_Poltava Oblast":"Obwód połtawski",
"Ukraine_Rivne Oblast":"Obwód rówieński",
"Ukraine_Sumy Oblast":"Obwód sumski",
"Ukraine_Ternopil Oblast":"Obwód tarnopolski",
"Ukraine_Vinnytsia Oblast":"Obwód winnicki",
"Ukraine_Volyn Oblast":"Obwód wołyński",
"Ukraine_Zakarpattia Oblast":"Obwód zakarpacki",
"Ukraine_Zaporizhia Oblast":"Obwód zaporoski",
"Ukraine_Zhytomyr Oblast":"Obwód żytomierski",
"United Arab Emirates":"Zjednoczone Emiraty Arabskie",
"United Kingdom":"Wielka Brytania",
"United States Virgin Islands":"Wyspy Dziewicze Stanów Zjednoczonych",
"United States of America":"Stany Zjednoczone",
"Uruguay":"Urugwaj",
"Uzbekistan":"Uzbekistan",
"Vanuatu":"Vanuatu",
"Venezuela":"Wenezuela",
"Vietnam":"Wietnam",
"Virginia":"Wirginia",
"Wallis and Futuna":"Wallis i Futuna",
"Washington":"Waszyngton",
"Willis Island":"Wyspa Willis",
"Wisconsin":"Wisconsin",
"Yemen":"Jemen",
"Zambia":"Zambia",
"Zimbabwe":"Zimbabwe",
"Argentina_Santa Fe":"Santa Fe",
"Australia_Brisbane":"Brisbane",
"Australia_Sydney":"Sydney",
"Austria_Styria_Graz":"Styria — Graz",
"Austria_Styria_Leoben":"Styria — Leoben",
"Austria_Upper Austria_Linz":"Górna Austria — Linz",
"Austria_Upper Austria_Wels":"Górna Austria — Wels",
"Bolivia_North":"Boliwia — Północ",
"Bolivia_South":"Boliwia — Południe",
"Brazil_Goias_Brasilia":"Goiás — Brasília",
"Brazil_Goias_North":"Goiás — Północ",
"Brazil_North Region_East":"Region Północny — Wschód",
"Brazil_North Region_West":"Region Północny — Zachód",
"Brazil_Northeast Region_East":"Region północno-wschodni — wschód",
"Brazil_Northeast Region_West":"Region północno-wschodni — zachód",
"Brazil_Parana_East":"Parana — Wschód",
"Brazil_Parana_West":"Parana — Zachód",
"Brazil_South Region_East":"Region południowy — wschód",
"Brazil_South Region_West":"Region południowy — zachód",
"Bulgaria_East":"Bułgaria — Wschód",
"Bulgaria_West":"Bułgaria — Zachód",
"Canada_Ontario_Northeastern_W":"Wawa",
"Chile_Central":"Chile — Środek",
"Congo-Kinshasa_Kivu":"Kivu",
"Congo-Kinshasa_West":"Demokratyczna Republika Konga — Zachód",
"Croatia_Central":"Chorwacja — Środek",
"Croatia_West":"Chorwacja — Zachód",
"Ecuador_East":"Ekwador — Wschód",
"Ecuador_West":"Ekwador — Zachód",
"Finland_Eastern Finland_North":"Finlandia Wschodnia — Północ",
"Finland_Eastern Finland_South":"Finlandia Wschodnia — Południe",
"Finland_Western Finland_Jyvaskyla":"Finlandia Zachodnia — Jyväskylä",
"Finland_Western Finland_Tampere":"Finlandia Zachodnia — Tampere",
"France_Free County_North":"Franche-Comté — Północ",
"France_Free County_South":"Franche-Comté — Południe",
"France_Pays de la Loire_Loire-Atlantique_Nantes":"Loara Atlantycka — Nantes",
"France_Pays de la Loire_Loire-Atlantique_Saint-Nazaire":"Loara Atlantycka — Saint-Nazaire",
"Germany_Free State of Bavaria_Upper Bavaria_South":"Górna Bawaria — Południe",
"India_Karnataka_North":"Karnataka — Północ",
"India_Karnataka_South":"Karnataka — Południe",
"Iran_East":"Iran — Wschód",
"Iraq_North":"Irak — Północ",
"Iraq_South":"Irak — Południe",
"Japan_Chubu Region_Aichi_Nagoya":"Prefektura Aichi — Nagoja",
"Japan_Chubu Region_Aichi_Toyohashi":"Prefektura Aichi — Toyohashi",
"Japan_Hokkaido Region_Sapporo":"Sapporo",
"Japan_Kinki Region_Osaka_Osaka":"Osaka",
"Japan_Kinki Region_Osaka_West":"Prefektura Osaka — Zachód",
"Kazakhstan_North":"Kazachstan — Północ",
"Kazakhstan_South":"Kazachstan — Południe",
"Lithuania_East":"Litwa — Wschód",
"Lithuania_West":"Litwa — Zachód",
"Mexico_Chihuahua":"Chihuahua",
"Mexico_Sonora":"Sonora",
"Nepal_Kathmandu":"Katmandu",
"Nepal_Madhyamanchal":"Central Development Region",
"Nepal_Purwanchal":"Eastern Development Region",
"Nigeria_North":"Nigeria — Północ",
"Nigeria_South":"Nigeria — Południe",
"Norway_Hordaland":"Hordaland",
"Norway_Nordland":"Nordland",
"Norway_North Trondelag":"Nord-Trøndelag",
"Norway_Rogaland":"Rogaland",
"Norway_South Trondelag":"Sør-Trøndelag",
"Peru_Lima":"Lima",
"Portugal_Islands":"Wyspy Portugalii",
"Portugal_Viseu":"Viseu",
"Russia_Krasnoyarsk Krai_North":"Kraj Krasnojarski — Północ",
"Russia_Krasnoyarsk Krai_South":"Kraj Krasnojarski — Południe",
"Russia_Moscow Oblast_East":"Obwód moskiewski — Wschód",
"Russia_Moscow Oblast_West":"Obwód moskiewski — Zachód",
"Russia_Perm Krai_North":"Kraj Permski — Północ",
"Russia_Perm Krai_South":"Kraj Permski — Południe",
"Russia_Republic of Karelia_North":"Karelia — Północ",
"Russia_Republic of Karelia_South":"Karelia — Południe",
"Russia_Sverdlovsk Oblast_North":"Obwód swierdłowski — Północ",
"Russia_Sverdlovsk Oblast_Ekaterinburg":"Obwód swierdłowski — Jekaterynburg",
"Russia_Yugra_Khanty":"Chanty-Mansyjski Okręg Autonomiczny - Jugra — Chanty-Mansyjsk",
"Russia_Yugra_Surgut":"Chanty-Mansyjski Okręg Autonomiczny - Jugra — Surgut",
"Saudi Arabia_North":"Arabia Saudyjska — Północ",
"Saudi Arabia_South":"Arabia Saudyjska — Południe",
"Slovenia_East":"Słowenia — Wschód",
"Slovenia_West":"Słowenia — Zachód",
"Spain_Andalusia_Granada":"Andaluzja — Grenada",
"Spain_Andalusia_Sevilla":"Andaluzja — Sewilla",
"Spain_Castile and Leon_East":"Kastylia i León — Wschód",
"Spain_Castile and Leon_West":"Kastylia i León — Zachód",
"Spain_Galicia_North":"Galicja — Północ",
"Spain_Galicia_South":"Galicja — Południe",
"Sudan_East":"Sudan — Wschód",
"Sudan_West":"Sudan — Zachód",
"Sweden_Stockholm":"Sztokholm",
"Switzerland_Espace Mittelland_Bern":"Espace Mittelland — Berno",
"Switzerland_Espace Mittelland_East":"Espace Mittelland — wschód",
"Taiwan_North":"Republika Chińska — Północ",
"Taiwan_South":"Republika Chińska — Południe",
"Thailand_Central":"Tajlandia — Środek",
"Turkey_Central Anatolia Region_Ankara":"Środkowa Anatolia — Ankara",
"Turkey_Central Anatolia Region_Kayseri":"Środkowa Anatolia — Kayseri",
"Turkey_Marmara Region_Bursa":"Region Marmara — Bursa",
"Turkey_Marmara Region_Istanbul":"Region Marmara — Stambuł",
"US_Arkansas_North":"Arkansas — Północ",
"US_Arkansas_South":"Arkansas — Południe",
"US_Florida_Gainesvile":"Gainesville",
"US_Idaho_North":"Idaho — Północ",
"US_Idaho_South":"Idaho — Południe",
"US_Indiana_Evansville":"Evansville",
"US_Indiana_Indianapolis":"Indianapolis",
"US_Kansas_Wichita":"Wichita",
"US_Kentucky_Louisville":"Louisville",
"US_Michigan_Grand Rapids":"Grand Rapids",
"US_Michigan_Lansing":"Lansing",
"US_Mississippi_Gulfport":"Gulfport",
"US_Mississippi_North":"Missisipi — Północ",
"US_Missouri_Kansas":"Kansas City",
"US_Missouri_Springfield":"Springfield",
"US_Missouri_St Louis":"Saint Louis",
"US_Montana_East":"Montana — Wschód",
"US_Montana_West":"Montana — Zachód",
"US_Nebraska_East":"Nebraska — Wschód",
"US_Nebraska_West":"Nebraska — Zachód",
"US_New Mexico_Albuquerque":"Albuquerque",
"US_New Mexico_Roswell":"Roswell",
"US_Ohio_Cincinnati":"Cincinnati",
"US_Ohio_Columbus":"Columbus",
"US_Ohio_Toledo":"Toledo",
"US_Oklahoma_Oklahoma":"Oklahoma City",
"US_Oklahoma_Tulsa":"Tulsa",
"US_South Carolina_Charleston":"Charleston",
"US_Texas_Amarillo":"Amarillo",
"US_Texas_Lubbock":"Lubbock",
"US_Utah_North":"Utah — Północ",
"US_Utah_South":"Utah — Południe",
"US_Virginia_Alexandria":"Alexandria",
"US_Wisconsin_Eau Claire":"Eau Claire",
"US_Wisconsin_Madison":"Madison",
"Venezuela_North":"Wenezuela — Północ",
"Venezuela_South":"Wenezuela — Południe",
"Argentina_Buenos Aires_Buenos Aires":"Buenos Aires",
"Canada_Quebek_Lachute":"Lachute",
"Canada_Saskatchewan_Regina":"Regina",
"Canada_Saskatchewan_Saskatoon":"Saskatoon",
"Germany_Lower Saxony_Braunschweig":"Brunszwik",
"Germany_Saxony-Anhalt_Halle":"Saksonia-Anhalt — Halle",
"Germany_Saxony-Anhalt_Magdeburg":"Saksonia-Anhalt — Magdeburg",
"Germany_Schleswig-Holstein_Flensburg":"Szlezwik-Holsztyn — Flensburg",
"Germany_Schleswig-Holstein_Kiel":"Szlezwik-Holsztyn — Kilonia",
"Portugal_Porto":"Porto",
"UK_England_North West England_Lancaster":"North West England — Lancaster",
"UK_England_North West England_Manchester":"North West England — Manchester",
"US_Florida_Gainesville":"Gainesville",
"US_Texas_Victoria":"Victoria",
"US_Virginia_Norfolk":"Norfolk"
}
