[
  {
    "date": "2025-01-01",
    "name": "New Year's Day"
  },
  {
    "date": "2025-05-26",
    "name": "Memorial Day"
  },
  {
    "date": "2025-06-19",
    "name": "Juneteenth National Independence Day"
  },
  {
    "date": "2025-07-04",
    "name": "Independence Day"
  },
  {
    "date": "2025-09-01",
    "name": "Labor Day"
  },
  {
    "date": "2025-11-11",
    "name": "Veterans Day"
  },
  {
    "date": "2025-11-27",
    "name": "Thanksgiving Day"
  },
  {
    "date": "2025-12-25",
    "name": "Christmas Day"
  },
  {
    "date": "2025-01-20",
    "name": "Martin Luther King Jr. Day"
  },
  {
    "date": "2025-02-17",
    "name": "Washington's Birthday"
  },
  {
    "date": "2025-10-13",
    "name": "Columbus Day"
  },
  {
    "date": "2025-04-17",
    "name": "American Samoa Flag Day"
  },
  {
    "date": "2025-07-16",
    "name": "Manu'a Islands Cession Day"
  },
  {
    "date": "2025-10-12",
    "name": "White Sunday"
  }
]