{
  "2025-01-01": "New Year's Day",
  "2025-03-15": "National Day",
  "2025-04-18": "Good Friday",
  "2025-04-20": "Easter",
  "2025-04-21": "Easter Monday",
  "2025-06-08": "Whit Sunday",
  "2025-06-09": "Whit Monday",
  "2025-05-01": "Labor Day",
  "2025-08-20": "State Foundation Day",
  "2025-10-23": "National Day",
  "2025-11-01": "All Saints' Day",
  "2025-12-25": "Christmas Day",
  "2025-12-26": "Second Day of Christmas",
  "2025-05-02": "Day off",
  "2025-10-24": "Day off",
  "2025-12-24": "Day off",
  "2026-01-01": "New Year's Day",
  "2026-03-15": "National Day",
  "2026-04-03": "Good Friday",
  "2026-04-05": "Easter",
  "2026-04-06": "Easter Monday",
  "2026-05-24": "Whit Sunday",
  "2026-05-25": "Whit Monday",
  "2026-05-01": "Labor Day",
  "2026-08-20": "State Foundation Day",
  "2026-10-23": "National Day",
  "2026-11-01": "All Saints' Day",
  "2026-12-25": "Christmas Day",
  "2026-12-26": "Second Day of Christmas",
  "2026-01-02": "Day off",
  "2026-08-21": "Day off",
  "2026-12-24": "Day off"
}