{
  "2025-01-01": "New Year's Day",
  "2025-04-17": "Maundy Thursday",
  "2025-04-18": "Good Friday",
  "2025-04-20": "Easter Sunday",
  "2025-05-01": "Labor Day",
  "2025-06-07": "Battle of Arica and Flag Day",
  "2025-06-29": "Saint Peter and Saint Paul's Day",
  "2025-07-23": "Peruvian Air Force Day",
  "2025-07-28": "Independence Day",
  "2025-07-29": "Great Military Parade Day",
  "2025-08-06": "Battle of Junín Day",
  "2025-08-30": "Rose of Lima Day",
  "2025-10-08": "Battle of Angamos Day",
  "2025-11-01": "All Saints' Day",
  "2025-12-08": "Immaculate Conception",
  "2025-12-09": "Battle of Ayacucho Day",
  "2025-12-25": "Christmas Day",
  "2026-01-01": "New Year's Day",
  "2026-04-02": "Maundy Thursday",
  "2026-04-03": "Good Friday",
  "2026-04-05": "Easter Sunday",
  "2026-05-01": "Labor Day",
  "2026-06-07": "Battle of Arica and Flag Day",
  "2026-06-29": "Saint Peter and Saint Paul's Day",
  "2026-07-23": "Peruvian Air Force Day",
  "2026-07-28": "Independence Day",
  "2026-07-29": "Great Military Parade Day",
  "2026-08-06": "Battle of Junín Day",
  "2026-08-30": "Rose of Lima Day",
  "2026-10-08": "Battle of Angamos Day",
  "2026-11-01": "All Saints' Day",
  "2026-12-08": "Immaculate Conception",
  "2026-12-09": "Battle of Ayacucho Day",
  "2026-12-25": "Christmas Day"
}