{
  "2025-01-01": "New Year's Day",
  "2025-01-06": "Epiphany",
  "2025-04-18": "Good Friday",
  "2025-04-20": "Easter Sunday; Sunday",
  "2025-04-21": "Easter Monday",
  "2025-05-01": "May Day",
  "2025-05-29": "Ascension Day",
  "2025-06-06": "National Day of Sweden",
  "2025-06-08": "Sunday; Whit Sunday",
  "2025-06-20": "Midsummer Eve",
  "2025-06-21": "Midsummer Day",
  "2025-11-01": "All Saints' Day",
  "2025-12-24": "Christmas Eve",
  "2025-12-25": "Christmas Day",
  "2025-12-26": "Second Day of Christmas",
  "2025-12-31": "New Year's Eve",
  "2025-01-05": "Sunday",
  "2025-01-12": "Sunday",
  "2025-01-19": "Sunday",
  "2025-01-26": "Sunday",
  "2025-02-02": "Sunday",
  "2025-02-09": "Sunday",
  "2025-02-16": "Sunday",
  "2025-02-23": "Sunday",
  "2025-03-02": "Sunday",
  "2025-03-09": "Sunday",
  "2025-03-16": "Sunday",
  "2025-03-23": "Sunday",
  "2025-03-30": "Sunday",
  "2025-04-06": "Sunday",
  "2025-04-13": "Sunday",
  "2025-04-27": "Sunday",
  "2025-05-04": "Sunday",
  "2025-05-11": "Sunday",
  "2025-05-18": "Sunday",
  "2025-05-25": "Sunday",
  "2025-06-01": "Sunday",
  "2025-06-15": "Sunday",
  "2025-06-22": "Sunday",
  "2025-06-29": "Sunday",
  "2025-07-06": "Sunday",
  "2025-07-13": "Sunday",
  "2025-07-20": "Sunday",
  "2025-07-27": "Sunday",
  "2025-08-03": "Sunday",
  "2025-08-10": "Sunday",
  "2025-08-17": "Sunday",
  "2025-08-24": "Sunday",
  "2025-08-31": "Sunday",
  "2025-09-07": "Sunday",
  "2025-09-14": "Sunday",
  "2025-09-21": "Sunday",
  "2025-09-28": "Sunday",
  "2025-10-05": "Sunday",
  "2025-10-12": "Sunday",
  "2025-10-19": "Sunday",
  "2025-10-26": "Sunday",
  "2025-11-02": "Sunday",
  "2025-11-09": "Sunday",
  "2025-11-16": "Sunday",
  "2025-11-23": "Sunday",
  "2025-11-30": "Sunday",
  "2025-12-07": "Sunday",
  "2025-12-14": "Sunday",
  "2025-12-21": "Sunday",
  "2025-12-28": "Sunday",
  "2026-01-01": "New Year's Day",
  "2026-01-06": "Epiphany",
  "2026-04-03": "Good Friday",
  "2026-04-05": "Easter Sunday; Sunday",
  "2026-04-06": "Easter Monday",
  "2026-05-01": "May Day",
  "2026-05-14": "Ascension Day",
  "2026-06-06": "National Day of Sweden",
  "2026-05-24": "Sunday; Whit Sunday",
  "2026-06-19": "Midsummer Eve",
  "2026-06-20": "Midsummer Day",
  "2026-10-31": "All Saints' Day",
  "2026-12-24": "Christmas Eve",
  "2026-12-25": "Christmas Day",
  "2026-12-26": "Second Day of Christmas",
  "2026-12-31": "New Year's Eve",
  "2026-01-04": "Sunday",
  "2026-01-11": "Sunday",
  "2026-01-18": "Sunday",
  "2026-01-25": "Sunday",
  "2026-02-01": "Sunday",
  "2026-02-08": "Sunday",
  "2026-02-15": "Sunday",
  "2026-02-22": "Sunday",
  "2026-03-01": "Sunday",
  "2026-03-08": "Sunday",
  "2026-03-15": "Sunday",
  "2026-03-22": "Sunday",
  "2026-03-29": "Sunday",
  "2026-04-12": "Sunday",
  "2026-04-19": "Sunday",
  "2026-04-26": "Sunday",
  "2026-05-03": "Sunday",
  "2026-05-10": "Sunday",
  "2026-05-17": "Sunday",
  "2026-05-31": "Sunday",
  "2026-06-07": "Sunday",
  "2026-06-14": "Sunday",
  "2026-06-21": "Sunday",
  "2026-06-28": "Sunday",
  "2026-07-05": "Sunday",
  "2026-07-12": "Sunday",
  "2026-07-19": "Sunday",
  "2026-07-26": "Sunday",
  "2026-08-02": "Sunday",
  "2026-08-09": "Sunday",
  "2026-08-16": "Sunday",
  "2026-08-23": "Sunday",
  "2026-08-30": "Sunday",
  "2026-09-06": "Sunday",
  "2026-09-13": "Sunday",
  "2026-09-20": "Sunday",
  "2026-09-27": "Sunday",
  "2026-10-04": "Sunday",
  "2026-10-11": "Sunday",
  "2026-10-18": "Sunday",
  "2026-10-25": "Sunday",
  "2026-11-01": "Sunday",
  "2026-11-08": "Sunday",
  "2026-11-15": "Sunday",
  "2026-11-22": "Sunday",
  "2026-11-29": "Sunday",
  "2026-12-06": "Sunday",
  "2026-12-13": "Sunday",
  "2026-12-20": "Sunday",
  "2026-12-27": "Sunday"
}