{
  "2025-01-01": "New Year's Day",
  "2025-04-18": "Good Friday",
  "2025-04-21": "Easter Monday",
  "2025-05-12": "Gospel Day",
  "2025-06-14": "King's Birthday",
  "2025-08-04": "National Youth Day",
  "2025-10-13": "National Children's Day",
  "2025-10-01": "Tuvalu Day",
  "2025-10-02": "Tuvalu Day",
  "2025-12-25": "Christmas Day",
  "2025-12-26": "Boxing Day",
  "2026-01-01": "New Year's Day",
  "2026-04-03": "Good Friday",
  "2026-04-06": "Easter Monday",
  "2026-05-11": "Gospel Day",
  "2026-06-13": "King's Birthday",
  "2026-08-03": "National Youth Day",
  "2026-10-12": "National Children's Day",
  "2026-10-01": "Tuvalu Day",
  "2026-10-02": "Tuvalu Day",
  "2026-12-25": "Christmas Day",
  "2026-12-26": "Boxing Day",
  "2026-12-28": "Boxing Day"
}