{
"Abkhazia":"Abchasien",
"Afghanistan":"Afghanistan",
"Alabama":"Alabama",
"Albania":"Albanien",
"Algeria":"Algerien",
"Algeria_Central":"Algerien — Mitte",
"Algeria_Coast":"Algerien — Norden",
"Andorra":"Andorra",
"Angola":"Angola",
"Anguilla":"Anguilla",
"Antarctica":"Antarktika",
"Antigua and Barbuda":"Antigua und Barbuda",
"Argentina":"Argentinien",
"Argentina_Buenos Aires_North":"Provinz Buenos Aires — Norden",
"Argentina_Buenos Aires_South":"Provinz Buenos Aires — Süden",
"Argentina_Cuyo":"Cuyo",
"Argentina_Mesopotamia":"Mesopotamia",
"Argentina_Northwest":"Región Noroeste Argentino",
"Argentina_Pampas":"Pampa",
"Argentina_Patagonia":"Patagonien",
"Arizona":"Arizona",
"Armenia":"Armenien",
"Australia":"Australien",
"Australia_Melbourne":"Melbourne",
"Australia_New South Wales":"New South Wales",
"Australia_Northern Territory":"Northern Territory",
"Australia_Queensland":"Queensland",
"Australia_South Australia":"South Australia",
"Australia_Tasmania":"Tasmanien",
"Australia_Victoria":"Victoria",
"Australia_Western Australia":"Western Australia",
"Austria":"Österreich",
"Austria_Burgenland":"Burgenland",
"Austria_Carinthia":"Kärnten",
"Austria_Lower Austria_West":"Niederösterreich — Westen",
"Austria_Lower Austria_Wien":"Wien",
"Austria_Salzburg":"Salzburg",
"Austria_Styria":"Steiermark",
"Austria_Tyrol":"Tirol",
"Austria_Upper Austria":"Oberösterreich",
"Austria_Vorarlberg":"Vorarlberg",
"Azerbaijan":"Aserbaidschan",
"Azerbaijan Region":"Aserbaidschan",
"Bahrain":"Bahrain",
"Bangladesh":"Bangladesch",
"Barbados":"Barbados",
"Belarus":"Weißrussland",
"Belarus_Brest Region":"Breszkaja Woblasz",
"Belarus_Homiel Region":"Woblast Homel",
"Belarus_Hrodna Region":"Woblast Hrodna",
"Belarus_Maglieu Region":"Woblast Mahiljou",
"Belarus_Minsk Region":"Woblast Minsk",
"Belarus_Vitebsk Region":"Woblast Wizebsk",
"Belgium":"Belgien",
"Belgium_Antwerp":"Provinz Antwerpen",
"Belgium_East Flanders":"Provinz Ostflandern",
"Belgium_Flemish Brabant":"Flämisch-Brabant",
"Belgium_Hainaut":"Provinz Hennegau",
"Belgium_Liege":"Provinz Lüttich",
"Belgium_Limburg":"Limburg",
"Belgium_Luxembourg":"Provinz Luxemburg",
"Belgium_Namur":"Provinz Namur",
"Belgium_Walloon Brabant":"Provinz Wallonisch-Brabant",
"Belgium_West Flanders":"Provinz Westflandern",
"Belize":"Belize",
"Benin":"Benin",
"Bermuda":"Bermuda",
"Bhutan":"Bhutan",
"Bolivia":"Bolivien",
"Bosnia and Herzegovina":"Bosnien und Herzegowina",
"Bosnia and Herzegovina_Brcko district of Bosnia and Herzegowina":"Distrikt Brčko",
"Bosnia and Herzegovina_Entity Federation of Bosnia and Herzegovina":"Föderation Bosnien und Herzegowina",
"Bosnia and Herzegovina_Republic of Srpska":"Republika Srpska",
"Botswana":"Botswana",
"Brazil":"Brasilien",
"Brazil_Bahia":"Bahia",
"Brazil_Goias":"Goiás",
"Brazil_Mato Grosso":"Mato Grosso",
"Brazil_Mato Grosso Do Sul":"Mato Grosso do Sul",
"Brazil_North Region":"Norden",
"Brazil_Northeast Region":"Nordosten",
"Brazil_Paraiba":"Paraíba",
"Brazil_Parana":"Paraná",
"Brazil_Rio Grande do Norte":"Rio Grande do Norte",
"Brazil_Santa Catarina":"Santa Catarina",
"Brazil_South Region":"Süden",
"Brazil_Southeast Region_Espirito Santo":"Espírito Santo",
"Brazil_Southeast Region_Minas Gerais_Contagem":"Minas Gerais — Contagem",
"Brazil_Southeast Region_Minas Gerais_North":"Minas Gerais — Norden",
"Brazil_Southeast Region_Rio de Janeiro":"Rio de Janeiro",
"Brazil_Southeast Region_Sao Paulo_Campinas":"São Paulo — Campinas",
"Brazil_Southeast Region_Sao Paulo_City":"São Paulo — Santos",
"Brazil_Southeast Region_Sao Paulo_West":"São Paulo — Ribeirão Preto",
"British Indian Ocean Territory":"Britisches Territorium im Indischen Ozean",
"British Virgin Islands":"Britische Jungferninseln",
"Brunei":"Brunei",
"Bulgaria":"Bulgarien",
"Burkina Faso":"Burkina Faso",
"Burundi":"Burundi",
"California":"Kalifornien",
"Cambodia":"Kambodscha",
"Cameroon":"Kamerun",
"Cameroon_Central":"Kamerun — Mitte",
"Cameroon_West":"Kamerun — Westen",
"Campo de Hielo Sur":"Campo de Hielo Sur",
"Canada":"Kanada",
"Canada_Alberta":"Alberta",
"Canada_Alberta_Edmonton":"Edmonton",
"Canada_Alberta_North":"Alberta — Norden",
"Canada_Alberta_South":"Alberta — Süden",
"Canada_British Columbia":"British Columbia",
"Canada_British Columbia_Central":"British Columbia — Mitte",
"Canada_British Columbia_Far_North":"British Columbia — Osten",
"Canada_British Columbia_Islands":"Vancouver Island",
"Canada_British Columbia_North":"British Columbia — Westen",
"Canada_British Columbia_Northeast":"British Columbia — Norden",
"Canada_British Columbia_Southeast":"Kelowna",
"Canada_British Columbia_Vancouver":"Vancouver",
"Canada_Labrador":"Labrador",
"Canada_Labrador_North":"Labrador — Norden",
"Canada_Labrador_South":"Labrador — Süden",
"Canada_Labrador_West":"Labrador — Westen",
"Canada_Manitoba":"Manitoba",
"Canada_Manitoba_Northeast":"Manitoba — Norden",
"Canada_Manitoba_Northwest":"Manitoba — Westen",
"Canada_Manitoba_South":"Brandon",
"Canada_Manitoba_Winnipeg":"Winnipeg",
"Canada_New Brunswick":"New Brunswick",
"Canada_Newfoundland":"Neufundland",
"Canada_Newfoundland_East":"Neufundland — Osten",
"Canada_Newfoundland_North":"Neufundland — Norden",
"Canada_Newfoundland_South":"Neufundland — Süden",
"Canada_Newfoundland_West":"Neufundland — Westen",
"Canada_Northwest Territories":"Nordwest-Territorien",
"Canada_Northwest Territories_East":"Nordwest-Territorien — Osten",
"Canada_Northwest Territories_North":"Nordwest-Territorien — Norden",
"Canada_Northwest Territories_Yellowknife":"Yellowknife",
"Canada_Nova Scotia":"Nova Scotia",
"Canada_Nova Scotia_Halifax":"Halifax",
"Canada_Nova Scotia_Sydney":"Sydney",
"Canada_Nunavut":"Nunavut",
"Canada_Nunavut_North":"Nunavut — Norden",
"Canada_Nunavut_South":"Nunavut — Süden",
"Canada_Ontario":"Ontario",
"Canada_Ontario_Bame":"Barrie",
"Canada_Ontario_Kingston":"Kingston",
"Canada_Ontario_London":"London",
"Canada_Ontario_Northeastern_Central":"Timmins",
"Canada_Ontario_Northeastern_North":"Elchfabrik",
"Canada_Ontario_Northeastern_S":"Greater Sudbury",
"Canada_Ontario_Northeastern_SE":"North Bay",
"Canada_Ontario_Northeastern_SW":"Sault Ste. Marie",
"Canada_Ontario_Northeastern_Wawa":"Wawa",
"Canada_Ontario_Northern":"Thunder Bay",
"Canada_Ontario_Northwestern":"Ontario — Norden",
"Canada_Ontario_Toronto":"Toronto",
"Canada_Prince Edward Island":"Prince Edward Island",
"Canada_Quebec":"Québec",
"Canada_Quebec_Quebec":"Québec",
"Canada_Quebek_Far North":"Québec — Norden",
"Canada_Quebek_Montreal":"Montreal",
"Canada_Quebek_North":"Sept-Îles",
"Canada_Quebek_Southeast_Rimouski":"Rimouski",
"Canada_Quebek_Southeast_Saguenay":"Saguenay",
"Canada_Quebek_West_Chibougamau":"Chibougamau",
"Canada_Quebek_West_Rouyn-Noranda":"Rouyn-Noranda",
"Canada_Saskatchewan":"Saskatchewan",
"Canada_Saskatchewan_North":"Saskatchewan — Norden",
"Canada_Saskatchewan_South":"Saskatchewan — Süden",
"Canada_Yukon":"Yukon",
"Canada_Yukon_North":"Yukon — Norden",
"Canada_Yukon_Whitehorse":"Whitehorse",
"Cape Verde":"Kap Verde",
"Caribees":"Kleine Antillen",
"Caribisch Nederland":"Karibische Niederlande",
"Cayman Islands":"Cayman Islands",
"Central African Republic":"Zentralafrikanische Republik",
"Central Anatolia Region":"Zentralanatolien",
"Chad":"Tschad",
"Chile":"Chile",
"Chile_North":"Chile — Norden",
"Chile_South":"Chile — Süden",
"China_Anhui":"Anhui",
"China_Chongqing":"Chongqing",
"China_Fujian":"Fujian",
"China_Gansu":"Gansu",
"China_Guangdong":"Guangdong",
"China_Guangxi":"Guangxi",
"China_Guizhou":"Guizhou",
"China_Hebei":"Hebei",
"China_Heilongjiang":"Heilongjiang",
"China_Henan":"Henan",
"China_Hubei":"Hubei",
"China_Hunan":"Hunan",
"China_Inner Mongolia":"Innere Mongolei",
"China_Jiangsu":"Jiangsu",
"China_Jiangxi":"Jiangxi",
"China_Jilin":"Jilin",
"China_Liaoning":"Liaoning",
"China_Ningxia Hui":"Ningxia",
"China_Qinghai":"Qinghai",
"China_Shaanxi":"Shaanxi",
"China_Shandong":"Shandong",
"China_Shanghai":"Shanghai",
"China_Shanxi":"Shanxi",
"China_Sichuan":"Sichuan",
"China_Tibet Autonomous Region":"Autonomes Gebiet Tibet",
"China_Xinjiang":"Xinjiang",
"China_Yunnan":"Yunnan",
"China_Zhejiang":"Zhejiang",
"Colombia":"Kolumbien",
"Colombia_East":"Kolumbien — Osten",
"Colombia_North":"Kolumbien — Norden",
"Colombia_West":"Kolumbien — Westen",
"Colorado":"Colorado",
"Comoros":"Komoren",
"Congo-Brazzaville":"Republik Kongo",
"Congo-Kinshasa":"Demokratische Republik Kongo",
"Cook Islands":"Cookinseln",
"Costa Rica":"Costa Rica",
"Cote dIvoire":"Elfenbeinküste",
"Crimea":"Krim",
"Croatia":"Kroatien",
"Cuba":"Kuba",
"Cyprus":"Republik Zypern",
"Czech Republic":"Tschechien",
"Czech_Jihovychod_Jihomoravsky kraj":"Jihomoravský kraj",
"Czech_Jihovychod_Kraj Vysocina":"Kraj Vysočina",
"Czech_Jihozapad_Jihocesky kraj":"Jihočeský kraj",
"Czech_Jihozapad_Plzensky kraj":"Plzeňský kraj",
"Czech_Karlovasky kraj":"Karlovarský kraj",
"Czech_Moravskoslezsko":"Moravskoslezský kraj",
"Czech_Olomoucky kraj":"Olomoucký kraj",
"Czech_Praha":"Prag",
"Czech_Severovychod_Kralovehradecky kraj":"Královéhradecký kraj",
"Czech_Severovychod_Liberecky kraj":"Liberecký kraj",
"Czech_Severovychod_Pardubicky kraj":"Pardubický kraj",
"Czech_Stredni Cechy_East":"Středočeský kraj — Osten",
"Czech_Stredni Cechy_West":"Středočeský kraj — Westen",
"Czech_Ustecky kraj":"Ústecký kraj",
"Czech_Zlinsky Kraj":"Zlínský kraj",
"Denmark":"Dänemark",
"Denmark_Capital Region of Denmark":"Region Hovedstaden",
"Denmark_Central Denmark Region":"Region Midtjylland",
"Denmark_North Denmark Region":"Region Nordjylland",
"Denmark_Region Zealand":"Region Sjælland",
"Denmark_Region of Southern Denmark":"Region Syddanmark",
"Djibouti":"Dschibuti",
"Dominica":"Dominica",
"Dominican Republic":"Dominikanische Republik",
"East Timor":"Osttimor",
"Ecuador":"Ecuador",
"Egypt":"Ägypten",
"El Salvador":"El Salvador",
"Equatorial Guinea":"Äquatorialguinea",
"Eritrea":"Eritrea",
"Estonia":"Estland",
"Estonia_East":"Estland — Osten",
"Estonia_West":"Estland — Westen",
"Ethiopia":"Äthiopien",
"Falkland Islands":"Falklandinseln",
"Faroe Islands":"Färöer",
"Federated States of Micronesia":"Mikronesien",
"Fiji":"Fidschi",
"Finland":"Finnland",
"Finland_Eastern Finland":"Ostfinnland",
"Finland_Northern Finland":"Nordfinnland",
"Finland_Southern Finland_Helsinki":"Südfinnland — Helsinki",
"Finland_Southern Finland_Lappeenranta":"Südfinnland — Lappeenranta",
"Finland_Southern Finland_West":"Varsinais-Suomi",
"Finland_Western Finland":"Westfinnland",
"Florida":"Florida",
"France":"Frankreich",
"France_Alsace":"Elsass",
"France_Alsace_Bas-Rhin":"Département Bas-Rhin",
"France_Alsace_Haut-Rhin":"Département Haut-Rhin",
"France_Aquitaine":"Aquitanien",
"France_Aquitaine_Dordogne":"Département Dordogne",
"France_Aquitaine_Gironde":"Département Gironde",
"France_Aquitaine_Landes":"Département Landes",
"France_Aquitaine_Lot-et-Garonne":"Département Lot-et-Garonne",
"France_Aquitaine_Pyrenees-Atlantiques":"Département Pyrénées-Atlantiques",
"France_Auvergne":"Auvergne",
"France_Auvergne_Allier":"Département Allier",
"France_Auvergne_Cantal":"Département Cantal",
"France_Auvergne_Haute-Loire":"Département Haute-Loire",
"France_Auvergne_Puy-de-Dome":"Département Puy-de-Dôme",
"France_Brittany":"Bretagne",
"France_Brittany_Cotes-dArmor":"Département Côtes-d’Armor",
"France_Brittany_Finistere":"Département Finistère",
"France_Brittany_Ille-et-Vilaine":"Département Ille-et-Vilaine",
"France_Brittany_Morbihan":"Département Morbihan",
"France_Burgundy":"Burgund",
"France_Burgundy_Cote-dOr":"Département Côte-d’Or",
"France_Burgundy_Nievre":"Département Nièvre",
"France_Burgundy_Saone-et-Loire":"Département Saône-et-Loire",
"France_Burgundy_Yonne":"Département Yonne",
"France_Centre-Val de Loire":"Centre-Val de Loire",
"France_Centre-Val de Loire_Cher":"Département Cher",
"France_Centre-Val de Loire_Eure-et-Loir":"Département Eure-et-Loir",
"France_Centre-Val de Loire_Indre":"Département Indre",
"France_Centre-Val de Loire_Indre-et-Loire":"Département Indre-et-Loire",
"France_Centre-Val de Loire_Loir-et-Cher":"Département Loir-et-Cher",
"France_Centre-Val de Loire_Loiret":"Département Loiret",
"France_Champagne-Ardenne":"Champagne-Ardenne",
"France_Corsica":"Korsika",
"France_Free County":"Franche-Comté",
"France_French Guiana":"Französisch-Guayana",
"France_Ile-de-France":"Île-de-France",
"France_Ile-de-France_Essonne":"Département Essonne",
"France_Ile-de-France_Hauts-de-Seine":"Département Hauts-de-Seine",
"France_Ile-de-France_Paris":"Paris",
"France_Ile-de-France_Seine-Saint-Denis":"Département Seine-Saint-Denis",
"France_Ile-de-France_Seine-et-Marne":"Département Seine-et-Marne",
"France_Ile-de-France_Val-dOise":"Département Val-d’Oise",
"France_Ile-de-France_Val-de-Marne":"Département Val-de-Marne",
"France_Ile-de-France_Yvelines":"Département Yvelines",
"France_Languedoc-Roussillon":"Languedoc-Roussillon",
"France_Languedoc-Roussillon_Aude":"Département Aude",
"France_Languedoc-Roussillon_Gard":"Gard",
"France_Languedoc-Roussillon_Herault":"Département Hérault",
"France_Languedoc-Roussillon_Lozere":"Département Lozère",
"France_Languedoc-Roussillon_Pyrenees-Orientales":"Département Pyrénées-Orientales",
"France_Limousin":"Limousin",
"France_Lorraine":"Lothringen",
"France_Lorraine_Meurthe-et-Moselle":"Département Meurthe-et-Moselle",
"France_Lorraine_Meuse":"Département Meuse",
"France_Lorraine_Moselle":"Département Moselle",
"France_Lorraine_Vosges":"Département Vosges",
"France_Lower Normandy":"Basse-Normandie",
"France_Lower Normandy_Calvados":"Département Calvados",
"France_Lower Normandy_Manche":"Département Manche",
"France_Lower Normandy_Orne":"Département Orne",
"France_Midi-Pyrenees":"Midi-Pyrénées",
"France_Midi-Pyrenees_Ariege":"Département Ariège",
"France_Midi-Pyrenees_Aveyron":"Département Aveyron",
"France_Midi-Pyrenees_Gers":"Département Gers",
"France_Midi-Pyrenees_Haute-Garonne":"Département Haute-Garonne",
"France_Midi-Pyrenees_Hautes-Pyrenees":"Département Hautes-Pyrénées",
"France_Midi-Pyrenees_Lot":"Département Lot",
"France_Midi-Pyrenees_Tarn":"Département Tarn",
"France_Midi-Pyrenees_Tarn-et-Garonne":"Département Tarn-et-Garonne",
"France_New Caledonia":"Neukaledonien",
"France_Nord-Pas-de-Calais":"Nord-Pas-de-Calais",
"France_Nord-Pas-de-Calais_Lille":"Lille",
"France_Nord-Pas-de-Calais_Nord":"Département Nord",
"France_Nord-Pas-de-Calais_Pas-de-Calais":"Département Pas-de-Calais",
"France_Pays de la Loire":"Pays de la Loire",
"France_Pays de la Loire_Loire-Atlantique":"Département Loire-Atlantique",
"France_Pays de la Loire_Maine-et-Loire":"Département Maine-et-Loire",
"France_Pays de la Loire_Mayenne":"Mayenne",
"France_Pays de la Loire_Sarthe":"Département Sarthe",
"France_Pays de la Loire_Vendee":"Département Vendée",
"France_Picardy":"Picardie",
"France_Picardy_Aisne":"Département Aisne",
"France_Picardy_Oise":"Département Oise",
"France_Picardy_Somme":"Département Somme",
"France_Poitou-Charentes":"Poitou-Charentes",
"France_Poitou-Charentes_Charente":"Département Charente",
"France_Poitou-Charentes_Charente-Maritime":"Département Charente-Maritime",
"France_Poitou-Charentes_Deux-Sevres":"Département Deux-Sèvres",
"France_Poitou-Charentes_Vienne":"Département Vienne",
"France_Provence-Alpes-Cote dAzur":"Provence-Alpes-Côte d’Azur",
"France_Provence-Alpes-Cote dAzur_Alpes-de-Haute-Provence":"Alpes-de-Haute-Provence",
"France_Provence-Alpes-Cote dAzur_Bouches-du-Rhone":"Département Bouches-du-Rhône",
"France_Provence-Alpes-Cote dAzur_Hautes-Alpes":"Département Hautes-Alpes",
"France_Provence-Alpes-Cote dAzur_Maritime Alps":"Alpes-Maritimes",
"France_Provence-Alpes-Cote dAzur_Var":"Département Var",
"France_Provence-Alpes-Cote dAzur_Vaucluse":"Département Vaucluse",
"France_Rhone-Alpes":"Rhône-Alpes",
"France_Rhone-Alpes_Ain":"Département Ain",
"France_Rhone-Alpes_Ardeche":"Ardèche",
"France_Rhone-Alpes_Drome":"Département Drôme",
"France_Rhone-Alpes_Haute-Savoie":"Département Haute-Savoie",
"France_Rhone-Alpes_Isere":"Département Isère",
"France_Rhone-Alpes_Loire":"Département Loire",
"France_Rhone-Alpes_Rhone":"Département Rhône",
"France_Rhone-Alpes_Savoie":"Département Savoie",
"France_Southern Islands":"Französische Süd- und Antarktisgebiete",
"France_Upper Normandy":"Haute-Normandie",
"French Polynesia":"Französisch-Polynesien",
"Gabon":"Gabun",
"Georgia":"Georgien",
"Germany":"Deutschland",
"Germany_Baden-Wurttemberg":"Baden-Württemberg",
"Germany_Baden-Wurttemberg_Regierungsbezirk Freiburg":"Freiburg im Breisgau",
"Germany_Baden-Wurttemberg_Regierungsbezirk Karlsruhe":"Regierungsbezirk Karlsruhe",
"Germany_Baden-Wurttemberg_Regierungsbezirk Stuttgart_Heilbronn":"Regierungsbezirk Stuttgart — Heilbronn",
"Germany_Baden-Wurttemberg_Regierungsbezirk Stuttgart_Stuttgart":"Regierungsbezirk Stuttgart — Stuttgart",
"Germany_Baden-Wurttemberg_Regierungsbezirk Tubingen":"Regierungsbezirk Tübingen",
"Germany_Berlin":"Berlin",
"Germany_Brandenburg_North":"Brandenburg — Norden",
"Germany_Brandenburg_South":"Brandenburg — Süden",
"Germany_Free State of Bavaria":"Bayern",
"Germany_Free State of Bavaria_Lower Bavaria":"Niederbayern",
"Germany_Free State of Bavaria_Lower Franconia":"Unterfranken",
"Germany_Free State of Bavaria_Middle Franconia":"Mittelfranken",
"Germany_Free State of Bavaria_Swabia":"Schwaben",
"Germany_Free State of Bavaria_Upper Bavaria_East":"Oberbayern — Osten",
"Germany_Free State of Bavaria_Upper Bavaria_Ingolstadt":"Oberbayern — Ingolstadt",
"Germany_Free State of Bavaria_Upper Bavaria_Munchen":"Oberbayern — München",
"Germany_Free State of Bavaria_Upper Franconia":"Oberfranken",
"Germany_Free State of Bavaria_Upper Palatinate":"Oberpfalz",
"Germany_Hamburg_main":"Hamburg",
"Germany_Hesse":"Hessen",
"Germany_Hesse_Regierungsbezirk Darmstadt":"Regierungsbezirk Darmstadt",
"Germany_Hesse_Regierungsbezirk Giessen":"Regierungsbezirk Gießen",
"Germany_Hesse_Regierungsbezirk Kassel":"Regierungsbezirk Kassel",
"Germany_Lower Saxony":"Niedersachsen",
"Germany_Lower Saxony_Bremen_Bremen":"Freie Hansestadt Bremen",
"Germany_Lower Saxony_Bremen_Munster":"Lüneburg",
"Germany_Lower Saxony_Hannover":"Hannover",
"Germany_Lower Saxony_Oldenburg":"Oldenburg",
"Germany_Mecklenburg-Vorpommern":"Mecklenburg-Vorpommern",
"Germany_North Rhine-Westphalia":"Nordrhein-Westfalen",
"Germany_North Rhine-Westphalia_Regierungsbezirk Arnsberg_Arnsberg":"Arnsberg — Arnsberg",
"Germany_North Rhine-Westphalia_Regierungsbezirk Arnsberg_Dortmund":"Arnsberg — Dortmund",
"Germany_North Rhine-Westphalia_Regierungsbezirk Detmold":"Detmold",
"Germany_North Rhine-Westphalia_Regierungsbezirk Dusseldorf_Dusseldorf":"Düsseldorf — Düsseldorf",
"Germany_North Rhine-Westphalia_Regierungsbezirk Dusseldorf_Mulheim":"Düsseldorf — Mülheim an der Ruhr",
"Germany_North Rhine-Westphalia_Regierungsbezirk Dusseldorf_Wesel":"Düsseldorf — Wesel",
"Germany_North Rhine-Westphalia_Regierungsbezirk Koln_Aachen":"Köln — Aachen",
"Germany_North Rhine-Westphalia_Regierungsbezirk Koln_Koln":"Köln — Köln",
"Germany_North Rhine-Westphalia_Regierungsbezirk Munster_Munster":"Münster — Münster",
"Germany_North Rhine-Westphalia_Regierungsbezirk Munster_Recklinghausen":"Münster — Recklinghausen",
"Germany_Rhineland-Palatinate_Koblenz":"Rheinland-Pfalz — Koblenz",
"Germany_Rhineland-Palatinate_South":"Rheinland-Pfalz — Mainz",
"Germany_Saarland":"Saarland",
"Germany_Saxony-Anhalt":"Sachsen-Anhalt",
"Germany_Saxony_Dresden":"Sachsen — Dresden",
"Germany_Saxony_Leipzig":"Sachsen — Leipzig",
"Germany_Schleswig-Holstein":"Schleswig-Holstein",
"Germany_Thuringia":"Thüringen",
"Ghana":"Ghana",
"Gibraltar":"Gibraltar",
"Greece":"Griechenland",
"Greece_Decentralized Administration of Aegean":"Ägäisregion",
"Greece_Decentralized Administration of Attica":"Attika",
"Greece_Decentralized Administration of Crete":"Kreta",
"Greece_Decentralized Administration of Epirus - Western Macedonia":"Epirus und Westmakedonien",
"Greece_Decentralized Administration of Macedonia and Thrace":"Makedonien und Thrakien",
"Greece_Decentralized Administration of Thessaly - Central Greece":"Thessalien und Zentralgriechenland",
"Greece_Decentralized Administration of West Greece":"Peloponnes",
"Greenland":"Grönland",
"Grenada":"Grenada",
"Guadeloupe":"Guadeloupe",
"Guatemala":"Guatemala",
"Guernsey":"Guernsey",
"Guinea":"Guinea",
"Guinea-Bissau":"Guinea-Bissau",
"Guyana":"Guyana",
"Haiti":"Haiti",
"Honduras":"Honduras",
"Hungary":"Ungarn",
"Hungary_Kozep-Magyarorszag":"Mittelungarn",
"Hungary_Northern Great Plain":"Ungarn — Osten",
"Hungary_Transdanubia":"Ungarn — Westen",
"Iceland":"Island",
"Illinois":"Illinois",
"India":"Indien",
"India_Andaman and Nicobar Islands":"Andamanen und Nikobaren",
"India_Andhra Pradesh":"Andhra Pradesh",
"India_Arunachal Pradesh":"Arunachal Pradesh",
"India_Assam":"Assam",
"India_Bihar":"Bihar",
"India_Chandigarh":"Chandigarh",
"India_Chhattisgarh":"Chhattisgarh",
"India_Delhi":"Delhi",
"India_Goa":"Goa",
"India_Gujarat":"Gujarat",
"India_Haryana":"Haryana",
"India_Himachal Pradesh":"Himachal Pradesh",
"India_Jammu and Kashmir":"Jammu und Kashmir",
"India_Jharkhand":"Jharkhand",
"India_Karnataka":"Karnataka",
"India_Kerala":"Kerala",
"India_Lakshadweep":"Lakshadweep",
"India_Madhya Pradesh":"Madhya Pradesh",
"India_Maharashtra":"Maharashtra",
"India_Manipur":"Manipur",
"India_Meghalaya":"Meghalaya",
"India_Mizoram":"Mizoram",
"India_Nagaland":"Nagaland",
"India_Odisha":"Odisha",
"India_Punjab":"Punjab",
"India_Rajasthan":"Rajasthan",
"India_Sikkim":"Sikkim",
"India_Tamil Nadu":"Tamil Nadu",
"India_Telangana":"Telangana",
"India_Tripura":"Tripura",
"India_Uttar Pradesh":"Uttar Pradesh",
"India_Uttarakhand":"Uttarakhand",
"India_West Bengal":"Westbengalen",
"Indiana":"Indiana",
"Indonesia":"Indonesien",
"Indonesia_Central":"Sulawesi, Kalimantan",
"Indonesia_East":"Indonesien — Osten",
"Indonesia_Jawa Barat":"Jawa Barat",
"Indonesia_Jawa Tengah":"Jawa Tengah",
"Indonesia_Jawa Timur":"Jawa Timur",
"Indonesia_Nusa Tenggara":"Kleine Sundainseln",
"Indonesia_West":"Sumatra",
"Iowa":"Iowa",
"Iran":"Iran",
"Iran_North":"Iran — Norden",
"Iran_South":"Iran — Süden",
"Iraq":"Irak",
"Ireland":"Irland",
"Ireland_Connacht":"Connacht",
"Ireland_Leinster":"Leinster",
"Ireland_Munster":"Munster",
"Ireland_Northern Counties":"Provinz Ulster",
"Isle of Man":"Isle of Man",
"Israel":"Israel",
"Israel Region":"Israel",
"Italy":"Italien",
"Italy_Abruzzo":"Abruzzen",
"Italy_Aosta Valley":"Aostatal",
"Italy_Apulia":"Apulien",
"Italy_Basilicata":"Basilikata",
"Italy_Calabria":"Kalabrien",
"Italy_Campania":"Kampanien",
"Italy_Emilia":"Emilia-Romagna",
"Italy_Emilia-Romagna_Bologna":"Provinz Bologna",
"Italy_Emilia-Romagna_Ferrara":"Provinz Ferrara",
"Italy_Emilia-Romagna_Forli-Cesena":"Provinz Forlì-Cesena",
"Italy_Emilia-Romagna_Modena":"Provinz Modena",
"Italy_Emilia-Romagna_Parma":"Provinz Parma",
"Italy_Emilia-Romagna_Piacenza":"Provinz Piacenza",
"Italy_Emilia-Romagna_Ravenna":"Provinz Ravenna",
"Italy_Emilia-Romagna_Reggio Emilia":"Provinz Reggio Emilia",
"Italy_Emilia-Romagna_Rimini":"Provinz Rimini",
"Italy_Friuli":"Friaul-Julisch Venetien",
"Italy_Friuli-Venezia Giulia_Gorizia":"Provinz Görz",
"Italy_Friuli-Venezia Giulia_Pordenone":"Provinz Pordenone",
"Italy_Friuli-Venezia Giulia_Trieste":"Provinz Triest",
"Italy_Friuli-Venezia Giulia_Udine":"Provinz Udine",
"Italy_Lazio":"Latium",
"Italy_Liguria":"Ligurien",
"Italy_Lombardy":"Lombardei",
"Italy_Lombardy_Bergamo":"Provinz Bergamo",
"Italy_Lombardy_Brescia":"Provinz Brescia",
"Italy_Lombardy_Como":"Provinz Como",
"Italy_Lombardy_Cremona":"Provinz Cremona",
"Italy_Lombardy_Lecco":"Provinz Lecco",
"Italy_Lombardy_Lodi":"Provinz Lodi",
"Italy_Lombardy_Mantua":"Provinz Mantua",
"Italy_Lombardy_Milan":"Provinz Mailand",
"Italy_Lombardy_Monza and Brianza":"Provinz Monza und Brianza",
"Italy_Lombardy_Pavia":"Provinz Pavia",
"Italy_Lombardy_Sondrio":"Provinz Sondrio",
"Italy_Lombardy_Varese":"Provinz Varese",
"Italy_Marche":"Marken",
"Italy_Molise":"Molise",
"Italy_Piemont":"Piemont",
"Italy_Piemont_Alessandria":"Provinz Alessandria",
"Italy_Piemont_Asti":"Provinz Asti",
"Italy_Piemont_Biella":"Provinz Biella",
"Italy_Piemont_Cuneo":"Provinz Cuneo",
"Italy_Piemont_Novara":"Provinz Novara",
"Italy_Piemont_Torino":"Provinz Turin",
"Italy_Piemont_Verbano-Cusio-Ossola":"Provinz Verbano-Cusio-Ossola",
"Italy_Piemont_Vercelli":"Provinz Vercelli",
"Italy_Sardinia":"Sardinien",
"Italy_Sicily":"Autonome Region Sizilien",
"Italy_Trentino-Alto Adige Sudtirol":"Trentino-Südtirol",
"Italy_Tuscany_Grosseto":"Toskana — Provinz Grosseto",
"Italy_Tuscany_Massa e Carrara":"Toskana — Provinz Massa-Carrara",
"Italy_Umbria":"Umbrien",
"Italy_Veneto":"Venetien",
"Italy_Veneto_Belluno":"Provinz Belluno",
"Italy_Veneto_Padova":"Provinz Padua",
"Italy_Veneto_Rovigo":"Provinz Rovigo",
"Italy_Veneto_Treviso":"Provinz Treviso",
"Italy_Veneto_Venezia":"Provinz Venedig",
"Italy_Veneto_Verona":"Provinz Verona",
"Italy_Veneto_Vicenza":"Provinz Vicenza",
"Jamaica":"Jamaika",
"Japan":"Japan",
"Japan_Chubu Region":"Chūbu",
"Japan_Chubu Region_Aichi":"Präfektur Aichi",
"Japan_Chubu Region_Fukui":"Präfektur Fukui",
"Japan_Chubu Region_Gifu":"Präfektur Gifu",
"Japan_Chubu Region_Ishikawa":"Präfektur Ishikawa",
"Japan_Chubu Region_Nagano":"Präfektur Nagano",
"Japan_Chubu Region_Niigata":"Präfektur Niigata",
"Japan_Chubu Region_Shizuoka":"Präfektur Shizuoka",
"Japan_Chubu Region_Toyama":"Präfektur Toyama",
"Japan_Chubu Region_Yamanashi":"Präfektur Yamanashi",
"Japan_Chugoku Region":"Chūgoku",
"Japan_Chugoku Region_Hiroshima":"Präfektur Hiroshima",
"Japan_Chugoku Region_Okayama":"Präfektur Okayama",
"Japan_Chugoku Region_Shimane":"Präfektur Shimane",
"Japan_Chugoku Region_Tottori":"Präfektur Tottori",
"Japan_Chugoku Region_Yamaguchi":"Präfektur Yamaguchi",
"Japan_Hokkaido Region":"Hokkaidō",
"Japan_Hokkaido Region_East":"Hokkaidō — Osten",
"Japan_Hokkaido Region_North":"Hokkaidō — Norden",
"Japan_Hokkaido Region_West":"Hokkaidō — Westen",
"Japan_Kanto":"Kantō",
"Japan_Kanto_Chiba":"Präfektur Chiba",
"Japan_Kanto_Gunma":"Präfektur Gunma",
"Japan_Kanto_Ibaraki":"Präfektur Ibaraki",
"Japan_Kanto_Kanagawa":"Präfektur Kanagawa",
"Japan_Kanto_Saitama":"Präfektur Saitama",
"Japan_Kanto_Tochigi":"Präfektur Tochigi",
"Japan_Kanto_Tokyo":"Präfektur Tokio",
"Japan_Kinki Region":"Kinki",
"Japan_Kinki Region_Mie":"Präfektur Mie",
"Japan_Kinki Region_Nara":"Präfektur Nara",
"Japan_Kinki Region_Osaka":"Präfektur Ōsaka",
"Japan_Kinki Region_Wakayama":"Präfektur Wakayama",
"Japan_Kyushu Region":"Kyūshū",
"Japan_Kyushu Region_Fukuoka":"Präfektur Fukuoka",
"Japan_Kyushu Region_Kagoshima":"Präfektur Kagoshima",
"Japan_Kyushu Region_Kumamoto":"Präfektur Kumamoto",
"Japan_Kyushu Region_Miyazaki":"Präfektur Miyazaki",
"Japan_Kyushu Region_Nagasaki":"Präfektur Nagasaki",
"Japan_Kyushu Region_Oita":"Präfektur Ōita",
"Japan_Kyushu Region_Okinawa":"Präfektur Okinawa",
"Japan_Kyushu Region_Saga":"Präfektur Saga",
"Japan_Shikoku Region":"Shikoku",
"Japan_Shikoku Region_Ehime":"Präfektur Ehime",
"Japan_Shikoku Region_Kagawa":"Präfektur Kagawa",
"Japan_Shikoku Region_Kochi":"Präfektur Kōchi",
"Japan_Shikoku Region_Kyoto":"Präfektur Kyōto",
"Japan_Shikoku Region_Tokushima":"Präfektur Tokushima",
"Japan_Tohoku":"Tōhoku",
"Japan_Tohoku_Akita":"Präfektur Akita",
"Japan_Tohoku_Aomori":"Präfektur Aomori",
"Japan_Tohoku_Fukushima":"Präfektur Fukushima",
"Japan_Tohoku_Iwate":"Präfektur Iwate",
"Japan_Tohoku_Miyagi":"Präfektur Miyagi",
"Japan_Tohoku_Yamagata":"Präfektur Yamagata",
"Jersey":"Jersey",
"Jerusalem":"Jerusalem",
"Jordan":"Jordanien",
"Kansas":"Kansas",
"Kazakhstan":"Kasachstan",
"Kentucky":"Kentucky",
"Kenya":"Kenia",
"Kingdom of Lesotho":"Lesotho",
"Kiribati":"Kiribati",
"Kuwait":"Kuwait",
"Kyrgyzstan":"Kirgisistan",
"Laos":"Laos",
"Latvia":"Lettland",
"Lebanon":"Libanon",
"Liberia":"Liberia",
"Libya":"Libyen",
"Liechtenstein":"Liechtenstein",
"Lithuania":"Litauen",
"Louisiana":"Louisiana",
"Luxembourg":"Luxemburg",
"Macedonia":"Mazedonien",
"Madagascar":"Madagaskar",
"Malawi":"Malawi",
"Malaysia":"Malaysia",
"Maldives":"Malediven",
"Mali":"Mali",
"Malta":"Malta",
"Marshall Islands":"Marshallinseln",
"Martinique":"Martinique",
"Maryland":"Maryland",
"Massachusetts":"Massachusetts",
"Mauritania":"Mauretanien",
"Mauritius":"Mauritius",
"Mexico":"Mexiko",
"Mexico_California":"Baja California",
"Mexico_Central_East":"Nuevo León",
"Mexico_Central_West":"Nayarit",
"Mexico_East":"Mexiko — Osten",
"Mexico_Mexico":"Mexiko-Stadt",
"Mexico_North":"Mexiko — Norden",
"Mexico_South":"Mexiko — Süden",
"Michigan":"Michigan",
"Minnesota":"Minnesota",
"Missouri":"Missouri",
"Moldova":"Moldawien",
"Monaco":"Monaco",
"Mongolia":"Mongolei",
"Montenegro":"Montenegro",
"Montserrat":"Montserrat",
"Morocco":"Marokko",
"Morocco_Doukkala-Abda":"Doukkala-Abda",
"Morocco_Rabat-Sale-Zemmour-Zaer":"Rabat-Salé-Zemmour-Zaer",
"Morocco_Southern":"Marokko — Süden",
"Morocco_Western Sahara":"Westsahara",
"Mozambique":"Mosambik",
"Myanmar":"Myanmar",
"Nagorno-Karabakh":"Bergkarabach",
"Namibia":"Namibia",
"Nauru":"Nauru",
"Nepal":"Nepal",
"Nepal_East":"Nepal — Osten",
"Nepal_West":"Nepal — Westen",
"Netherlands":"Niederlande",
"Netherlands_Drenthe":"Provinz Drente",
"Netherlands_Flevoland":"Provinz Flevoland",
"Netherlands_Friesland":"Provinz Friesland",
"Netherlands_Gelderland_Nijmegen":"Provinz Gelderland — Nijmegen",
"Netherlands_Gelderland_North":"Provinz Gelderland — Apeldoorn",
"Netherlands_Gelderland_Zutphen":"Provinz Gelderland — Zutphen",
"Netherlands_Groningen":"Provinz Groningen",
"Netherlands_Limburg":"Provinz Limburg",
"Netherlands_North Brabant_Eindhoven":"Provinz Nordbrabant — Eindhoven",
"Netherlands_North Brabant_Roosendaal":"Provinz Nordbrabant — Roosendaal",
"Netherlands_North Brabant_Tiburg":"Provinz Nordbrabant — Tilburg",
"Netherlands_North Brabant_Uden":"Provinz Nordbrabant — Uden",
"Netherlands_North Holland_Alkmaar":"Provinz Nordholland — Alkmaar",
"Netherlands_North Holland_Amsterdam":"Provinz Nordholland — Amsterdam",
"Netherlands_North Holland_Zaandam":"Provinz Nordholland — Zaanstad",
"Netherlands_Overijssel_Enschede":"Provinz Overijssel — Enschede",
"Netherlands_Overijssel_Zwolle":"Provinz Overijssel — Zwolle",
"Netherlands_South Holland_Brielle":"Provinz Südholland — Brielle",
"Netherlands_South Holland_Den Haag":"Provinz Südholland — Den Haag",
"Netherlands_South Holland_Leiden":"Provinz Südholland — Leiden",
"Netherlands_South Holland_Rotterdam":"Provinz Südholland — Rotterdam",
"Netherlands_Utrecht_Amersfoort":"Provinz Utrecht — Amersfoort",
"Netherlands_Utrecht_Utrecht":"Provinz Utrecht — Utrecht",
"Netherlands_Zeeland":"Zeeland",
"New Jersey":"New Jersey",
"New York":"New York",
"New Zealand":"Neuseeland",
"New Zealand North_Auckland":"Norden — Auckland",
"New Zealand North_Wellington":"Norden — Wellington",
"New Zealand South_Canterbury":"Süden — Canterbury",
"New Zealand South_Southland":"Süden — Southland",
"Nicaragua":"Nicaragua",
"Niger":"Niger",
"Nigeria":"Nigeria",
"Niue":"Niue",
"North Carolina":"North Carolina",
"North Dakota":"North Dakota",
"North Korea":"Nordkorea",
"Norway":"Norwegen",
"Norway_Bouvet Island":"Bouvetinsel",
"Norway_Central":"Oslo",
"Norway_Hedmark":"Hedmark",
"Norway_Jan Mayen":"Jan Mayen",
"Norway_Northern":"Nord-Norge",
"Norway_Oppland":"Oppland",
"Norway_Southern":"Sørlandet",
"Norway_Svalbard":"Spitzbergen",
"Norway_Trondelag":"Trøndelag",
"Norway_Western":"Vestlandet",
"Ohio":"Ohio",
"Oklahoma":"Oklahoma",
"Oman":"Oman",
"Oregon":"Oregon",
"Pakistan":"Pakistan",
"Palau":"Palau",
"Palestine":"Palästina",
"Palestine Region":"Palästina",
"Panama":"Panama",
"Papua New Guinea":"Papua-Neuguinea",
"Paraguay":"Paraguay",
"Pennsylvania":"Pennsylvania",
"People's Republic of China":"Volksrepublik China",
"Peru":"Peru",
"Peru_North":"Peru — Norden",
"Peru_South":"Peru — Süden",
"Philippines":"Philippinen",
"Philippines_Luzon_Manila":"Metro Manila",
"Philippines_Luzon_North":"Luzon — Norden",
"Philippines_Luzon_South":"Luzon — Süden",
"Philippines_Mindanao":"Mindanao",
"Philippines_Visayas":"Visayas",
"Pitcairn Islands":"Pitcairninseln",
"Poland":"Polen",
"Poland_Greater Poland Voivodeship":"Woiwodschaft Großpolen",
"Poland_Kuyavian-Pomeranian Voivodeship":"Woiwodschaft Kujawien-Pommern",
"Poland_Lesser Poland Voivodeship":"Woiwodschaft Kleinpolen",
"Poland_Lodz Voivodeship":"Woiwodschaft Łódź",
"Poland_Lower Silesian Voivodeship":"Woiwodschaft Niederschlesien",
"Poland_Lublin Voivodeship":"Woiwodschaft Lublin",
"Poland_Lubusz Voivodeship":"Woiwodschaft Lebus",
"Poland_Masovian Voivodeship":"Woiwodschaft Masowien",
"Poland_Opole Voivodeship":"Woiwodschaft Opole",
"Poland_Podlaskie Voivodeship":"Woiwodschaft Podlachien",
"Poland_Pomeranian Voivodeship":"Woiwodschaft Pommern",
"Poland_Silesian Voivodeship":"Woiwodschaft Schlesien",
"Poland_Subcarpathian Voivodeship":"Woiwodschaft Karpatenvorland",
"Poland_Swietokrzyskie Voivodeship":"Woiwodschaft Heiligkreuz",
"Poland_Warmian-Masurian Voivodeship":"Woiwodschaft Ermland-Masuren",
"Poland_West Pomeranian Voivodeship":"Woiwodschaft Westpommern",
"Portugal":"Portugal",
"Portugal_North":"Portugal — Norden",
"Portugal_South":"Portugal — Süden",
"Qatar":"Katar",
"Republic of Kosovo":"Kosovo",
"Romania":"Rumänien",
"Romania_Centre":"Centru",
"Romania_North_East":"Nord-Est",
"Romania_North_West":"Nord-Vest",
"Romania_South":"Sud",
"Romania_South_East":"Sud-Est",
"Romania_South_West":"Sud-Vest",
"Romania_West":"Vest",
"Russia_Altai Krai":"Region Altai",
"Russia_Altai Republic":"Republik Altai",
"Russia_Amur Oblast":"Oblast Amur",
"Russia_Arkhangelsk Oblast_Central":"Oblast Archangelsk — Mitte",
"Russia_Arkhangelsk Oblast_North":"Oblast Archangelsk — Norden",
"Russia_Astrakhan Oblast":"Oblast Astrachan",
"Russia_Bashkortostan":"Baschkortostan",
"Russia_Belgorod Oblast":"Oblast Belgorod",
"Russia_Bryansk Oblast":"Oblast Brjansk",
"Russia_Buryatia":"Burjatien",
"Russia_Chechen Republic":"Tschetschenien",
"Russia_Chelyabinsk Oblast":"Oblast Tscheljabinsk",
"Russia_Chukotka Autonomous Okrug":"Autonomer Kreis der Tschuktschen",
"Russia_Chuvashia":"Tschuwaschien",
"Russia_Ingushetia":"Inguschetien",
"Russia_Irkutsk Oblast":"Oblast Irkutsk",
"Russia_Ivanovo Oblast":"Oblast Iwanowo",
"Russia_Jewish Autonomous Oblast":"Jüdische Autonome Oblast",
"Russia_Kabardino-Balkaria":"Kabardino-Balkarien",
"Russia_Kaliningrad Oblast":"Oblast Kaliningrad",
"Russia_Kaluga Oblast":"Oblast Kaluga",
"Russia_Kamchatka Krai":"Region Kamtschatka",
"Russia_Karachay-Cherkessia":"Karatschai-Tscherkessien",
"Russia_Kemerov Oblast":"Oblast Kemerowo",
"Russia_Khabarovsk Krai":"Region Chabarowsk",
"Russia_Khakassia":"Chakassien",
"Russia_Kirov Oblast":"Oblast Kirow",
"Russia_Komi Republic":"Republik Komi",
"Russia_Kostroma Oblast":"Oblast Kostroma",
"Russia_Krasnodar Krai":"Region Krasnodar — Norden",
"Russia_Krasnodar Krai_Adygeya":"Region Krasnodar, Adygeja",
"Russia_Krasnoyarsk Krai":"Region Krasnojarsk",
"Russia_Kurgan Oblast":"Oblast Kurgan",
"Russia_Kursk Oblast":"Oblast Kursk",
"Russia_Leningradskaya Oblast_Karelsky":"Oblast Leningrad — Norden",
"Russia_Leningradskaya Oblast_Southeast":"Oblast Leningrad — Süden",
"Russia_Lipetsk Oblast":"Oblast Lipezk",
"Russia_Magadan Oblast":"Oblast Magadan",
"Russia_Mari El":"Mari El",
"Russia_Moscow":"Moskau",
"Russia_Moscow Oblast":"Oblast Moskau",
"Russia_Murmansk Oblast":"Oblast Murmansk",
"Russia_Nenets Autonomous Okrug":"Autonomer Kreis der Nenzen",
"Russia_Nizhny Novgorod Oblast":"Oblast Nischni Nowgorod",
"Russia_North Ossetia-Alania":"Nordossetien-Alanien",
"Russia_Novgorod Oblast":"Oblast Nowgorod",
"Russia_Novosibirsk Oblast":"Oblast Nowosibirsk",
"Russia_Omsk Oblast":"Oblast Omsk",
"Russia_Orenburg Oblast":"Oblast Orenburg",
"Russia_Oryol Oblast":"Oblast Orjol",
"Russia_Penza Oblast":"Oblast Pensa",
"Russia_Perm Krai":"Region Perm",
"Russia_Primorsky Krai":"Region Primorje",
"Russia_Pskov Oblast":"Oblast Pskow",
"Russia_Republic of Dagestan":"Dagestan",
"Russia_Republic of Kalmykia":"Kalmückien",
"Russia_Republic of Karelia":"Republik Karelien",
"Russia_Republic of Mordovia":"Mordwinien",
"Russia_Rostov Oblast":"Oblast Rostow",
"Russia_Ryazan Oblast":"Oblast Rjasan",
"Russia_Saint Petersburg":"Sankt Petersburg",
"Russia_Sakha Republic":"Sacha",
"Russia_Sakhalin Oblast":"Oblast Sachalin",
"Russia_Samara Oblast":"Oblast Samara",
"Russia_Saratov Oblast":"Oblast Saratow",
"Russia_Smolensk Oblast":"Oblast Smolensk",
"Russia_Stavropol Krai":"Region Stawropol",
"Russia_Sverdlovsk Oblast":"Oblast Swerdlowsk",
"Russia_Tambov Oblast":"Oblast Tambow",
"Russia_Tatarstan":"Tatarstan",
"Russia_Tomsk Oblast":"Oblast Tomsk",
"Russia_Tula Oblast":"Oblast Tula",
"Russia_Tuva":"Tuwa",
"Russia_Tver Oblast":"Oblast Twer",
"Russia_Tyumen Oblast":"Oblast Tjumen",
"Russia_Udmurt Republic":"Udmurtien",
"Russia_Ulyanovsk Oblast":"Oblast Uljanowsk",
"Russia_Vladimir Oblast":"Oblast Wladimir",
"Russia_Volgograd Oblast":"Oblast Wolgograd",
"Russia_Vologda Oblast":"Oblast Wologda",
"Russia_Voronezh Oblast":"Oblast Woronesch",
"Russia_Yamalo-Nenets Autonomous Okrug":"Autonomer Kreis der Jamal-Nenzen",
"Russia_Yaroslavl Oblast":"Oblast Jaroslawl",
"Russia_Yugra":"Autonomer Kreis der Chanten und Mansen/Jugra",
"Russia_Zabaykalsky Krai":"Region Transbaikalien",
"Russian Federation":"Russland",
"Rwanda":"Ruanda",
"Sahrawi Arab Democratic Republic":"Demokratische Arabische Republik Sahara",
"Saint Barthelemy":"Saint-Barthélemy",
"Saint Helena Ascension and Tristan da Cunha":"St. Helena, Ascension und Tristan da Cunha",
"Saint Kitts and Nevis":"St. Kitts und Nevis",
"Saint Lucia":"St. Lucia",
"Saint Martin":"Saint-Martin",
"Saint Vincent and the Grenadines":"St. Vincent und die Grenadinen",
"Samoa":"Samoa",
"San Marino":"San Marino",
"Sao Tome and Principe":"São Tomé und Príncipe",
"Saudi Arabia":"Saudi-Arabien",
"Senegal":"Senegal",
"Serbia":"Serbien",
"Seychelles":"Seychellen",
"Sierra Leone":"Sierra Leone",
"Singapore":"Singapur",
"Slovakia":"Slowakei",
"Slovakia_Region of Banska Bystrica":"Banskobystrický kraj",
"Slovakia_Region of Bratislava":"Bratislavský kraj",
"Slovakia_Region of Kosice":"Košický kraj",
"Slovakia_Region of Nitra":"Nitriansky kraj",
"Slovakia_Region of Presov":"Prešovský kraj",
"Slovakia_Region of Trencin":"Trenčiansky kraj",
"Slovakia_Region of Trnava":"Trnavský kraj",
"Slovakia_Region of Zilina":"Žilinský kraj",
"Slovenia":"Slowenien",
"Solomon Islands":"Salomonen",
"Somalia":"Somalia",
"South Africa":"Südafrika",
"South Africa_Eastern Cape":"Ostkap",
"South Africa_Free State":"Freistaat",
"South Africa_Gauteng":"Gauteng",
"South Africa_KwaZulu-Natal":"KwaZulu-Natal",
"South Africa_Limpopo":"Limpopo",
"South Africa_Mpumalanga":"Mpumalanga",
"South Africa_North West":"Nordwest",
"South Africa_Northern Cape":"Nordkap",
"South Africa_Western Cape":"Westkap",
"South Carolina":"South Carolina",
"South Georgia and the South Sandwich Islands":"Südgeorgien und die Südlichen Sandwichinseln",
"South Korea":"Südkorea",
"South Korea_North":"Südkorea — Norden",
"South Korea_South":"Südkorea — Süden",
"South Ossetia":"Südossetien",
"South Sudan":"Südsudan",
"Spain":"Spanien",
"Spain_Andalusia":"Andalusien",
"Spain_Aragon":"Aragonien",
"Spain_Balearic Islands":"Balearische Inseln",
"Spain_Basque Country":"Autonome Gemeinschaft Baskenland",
"Spain_Canary Islands":"Kanarische Inseln",
"Spain_Cantabria":"Kantabrien",
"Spain_Castile and Leon":"Kastilien und León",
"Spain_Castile-La Mancha":"Kastilien-La Mancha",
"Spain_Catalonia_Provincia de Barcelona":"Provinz Barcelona",
"Spain_Catalonia_Provincia de Girona":"Provinz Girona",
"Spain_Catalonia_Provincia de Lleida":"Provinz Lleida",
"Spain_Catalonia_Provincia de Tarragona":"Tarragona",
"Spain_Ceuta":"Ceuta",
"Spain_Community of Madrid":"Autonome Gemeinschaft Madrid",
"Spain_Comunidad Foral de Navarra":"Navarra",
"Spain_Extremadura":"Extremadura",
"Spain_Galicia":"Galicien",
"Spain_La Rioja":"La Rioja",
"Spain_Melilla":"Melilla",
"Spain_Principado de Asturias":"Asturien",
"Spain_Region de Murcia":"Murcia",
"Spain_Valencian Community":"Valencianische Gemeinschaft",
"Sri Lanka":"Sri Lanka",
"Sudan":"Sudan",
"Suriname":"Suriname",
"Swaziland":"Swasiland",
"Sweden":"Schweden",
"Sweden_Bergslagen":"Bergslagen",
"Sweden_Malardalen":"Mälardalen",
"Sweden_Mellannorrland":"Mellannorrland",
"Sweden_Norra Sverige":"Norra Sverige",
"Sweden_Ostra Gotaland":"Ostra Götaland",
"Sweden_Sodra Gotaland":"Södra Götaland",
"Sweden_Vastra Gotaland":"Västra Götaland",
"Switzerland":"Schweiz",
"Switzerland_Central":"Zentralschweiz",
"Switzerland_Eastern":"Ostschweiz",
"Switzerland_Espace Mittelland":"Espace Mittelland",
"Switzerland_Lake Geneva region":"Genferseeregion",
"Switzerland_Northwestern":"Nordwestschweiz",
"Switzerland_Ticino":"Kanton Tessin",
"Switzerland_Zurich":"Metropolregion Zürich",
"Syria":"Syrien",
"Taiwan":"Republik China (Taiwan)",
"Tajikistan":"Tadschikistan",
"Tanzania":"Tansania",
"Tennessee":"Tennessee",
"Texas":"Texas",
"Thailand":"Thailand",
"Thailand_North":"Thailand — Norden",
"Thailand_South":"Thailand — Süden",
"The Bahamas":"Bahamas",
"The Gambia":"Gambia",
"Togo":"Togo",
"Tokelau":"Tokelau",
"Tonga":"Tonga",
"Trinidad and Tobago":"Trinidad und Tobago",
"Tunisia":"Tunesien",
"Turkey":"Türkei",
"Turkey_Aegean Region":"Ägäisregion",
"Turkey_Black Sea Region":"Schwarzmeerregion",
"Turkey_Eastern Anatolia Region":"Ostanatolien",
"Turkey_Marmara Region":"Marmararegion",
"Turkey_Mediterranean Region":"Mittelmeerregion",
"Turkey_Southeastern Anatolia Region":"Südostanatolien",
"Turkmenistan":"Turkmenistan",
"Turks and Caicos Islands":"Turks- und Caicosinseln",
"Tuvalu":"Tuvalu",
"UK_England_East Midlands":"East Midlands",
"UK_England_East of England_Essex":"East of England — Essex",
"UK_England_East of England_Norfolk":"East of England — Norfolk",
"UK_England_Greater London":"Greater London",
"UK_England_North East England":"North East England",
"UK_England_North West England":"North West England",
"UK_England_South East_Brighton":"South East England — Brighton",
"UK_England_South East_Oxford":"South East England — Oxford",
"UK_England_South West England_Bristol":"South West England — Bristol",
"UK_England_South West England_Cornwall":"South West England — Cornwall",
"UK_England_West Midlands":"West Midlands",
"UK_England_Yorkshire and the Humber":"Yorkshire and the Humber",
"UK_Northern Ireland":"Nordirland",
"UK_Scotland_North":"Schottland — Norden",
"UK_Scotland_South":"Schottland — Süden",
"UK_Wales":"Wales",
"US_Alabama_Birmingham":"Birmingham",
"US_Alabama_Montgomery":"Montgomery",
"US_Alaska":"Alaska",
"US_Arizona_Flagstaff":"Flagstaff",
"US_Arizona_Phoenix":"Phoenix",
"US_Arizona_Tucson":"Tucson",
"US_Arkansas":"Arkansas",
"US_California_Bakersfield_Bakersfield":"Bakersfield",
"US_California_Bakersfield_Lancaster":"Lancaster",
"US_California_Chico":"Chico",
"US_California_LA":"Los Angeles",
"US_California_LA North":"Los Angeles — Norden",
"US_California_Redding":"Redding",
"US_California_Sacramento_Fresno":"Fresno",
"US_California_Sacramento_Sacramento":"Sacramento",
"US_California_Sacramento_Stockton":"Stockton",
"US_California_San Diego":"San Diego",
"US_California_Santa_Clara_Palo Alto":"San Francisco",
"US_California_Santa_Clara_Santa Cruz":"Santa Cruz",
"US_Colorado_Aspen":"Aspen",
"US_Colorado_Denver":"Denver",
"US_Colorado_South":"Colorado — Süden",
"US_Connecticut":"Connecticut",
"US_Delaware":"Delaware",
"US_Florida_Jacksonville":"Jacksonville",
"US_Florida_Miami":"Miami",
"US_Florida_Orlando":"Orlando",
"US_Florida_Tampa":"Tampa",
"US_Georgia":"Georgia",
"US_Georgia_Atlanta":"Atlanta",
"US_Georgia_Macon":"Macon",
"US_Georgia_North":"Georgia — Norden",
"US_Georgia_South":"Georgia — Süden",
"US_Guam":"Guam",
"US_Hawaii":"Hawaii",
"US_Idaho":"Idaho",
"US_Illinois_Chickago":"Chicago",
"US_Illinois_Elgin":"Elgin",
"US_Illinois_Rockford":"Rockford",
"US_Illinois_South":"Illinois — Süden",
"US_Illinois_Springfield":"Springfield",
"US_Indiana_North":"Indiana — Norden",
"US_Indiana_South":"Indiana — Süden",
"US_Iowa_Des Moines":"Des Moines",
"US_Iowa_Waterloo":"Waterloo",
"US_Iowa_West":"Iowa — Westen",
"US_Kansas_East":"Kansas — Osten",
"US_Kansas_West":"Kansas — Westen",
"US_Kentucky_East":"Kentucky — Osten",
"US_Kentucky_West":"Kentucky — Westen",
"US_Louisiana_Central":"Louisiana — Westen",
"US_Louisiana_New Orleans":"New Orleans",
"US_Maine":"Maine",
"US_Maryland_Baltimore":"Baltimore",
"US_Maryland_and_DC":"Westen, Washington, D.C.",
"US_Massachusetts_Boston":"Boston",
"US_Massachusetts_Central":"Worcester",
"US_Massachusetts_Plymouth":"Plymouth",
"US_Massachusetts_Southeastern":"Barnstable",
"US_Massachusetts_West":"Springfield",
"US_Michigan_Detroit":"Detroit",
"US_Michigan_North":"Michigan — Norden",
"US_Michigan_South":"Michigan — Süden",
"US_Minnesota_Minneapolis":"Minneapolis",
"US_Minnesota_North":"Minnesota — Norden",
"US_Minnesota_Rochester":"Rochester",
"US_Minnesota_Saint Cloud":"St. Cloud",
"US_Mississippi":"Mississippi",
"US_Missouri_East":"Missouri — Osten",
"US_Missouri_West":"Missouri — Westen",
"US_Montana":"Montana",
"US_Nebraska":"Nebraska",
"US_Nevada":"Nevada",
"US_New Hampshire":"New Hampshire",
"US_New Jersey_North":"New Jersey — Norden",
"US_New Jersey_South":"New Jersey — Süden",
"US_New Mexico":"New Mexico",
"US_New York_East":"New York — Osten",
"US_New York_New York":"New York — New York City",
"US_New York_North":"New York — Norden",
"US_New York_West":"New York — Westen",
"US_North Carolina_Asheville":"Asheville",
"US_North Carolina_Charlotte":"Charlotte",
"US_North Carolina_Greensboro":"Greensboro",
"US_North Carolina_Raleigh":"Raleigh",
"US_North Carolina_Wilmington":"Wilmington",
"US_North Carolina_Wilson":"Wilson",
"US_North Dakota_Bismarck":"Bismarck",
"US_North Dakota_East":"Fargo",
"US_North Dakota_Minot":"Minot",
"US_Ohio_Cleveland":"Cleveland",
"US_Ohio_Dayton":"Dayton",
"US_Oklahoma_East":"Oklahoma — Osten",
"US_Oklahoma_West":"Oklahoma — Westen",
"US_Oregon_Eugene":"Eugene",
"US_Oregon_Portland":"Portland",
"US_Oregon_West":"Oregon — Westen",
"US_Pennsylvania_Central":"Altoona",
"US_Pennsylvania_Pittsburgh":"Pittsburgh",
"US_Pennsylvania_Reading":"Reading",
"US_Pennsylvania_Scranton":"Scranton",
"US_Puerto Rico":"Puerto Rico",
"US_Rhode Island":"Rhode Island",
"US_South Carolina_Columbia":"Columbia",
"US_South Carolina_Florence":"Florence",
"US_South Dakota":"South Dakota",
"US_Tennessee_East":"Tennessee — Osten",
"US_Tennessee_West":"Tennessee — Westen",
"US_Texas_Austin":"Austin",
"US_Texas_Dallas":"Dallas",
"US_Texas_Houston":"Houston",
"US_Texas_Northwest":"Amarillo",
"US_Texas_San Antonio":"San Antonio",
"US_Texas_Southwest":"Laredo",
"US_Texas_Tyler":"Tyler",
"US_Texas_Wako":"Waco",
"US_Texas_West":"Odessa",
"US_United States Minor Outlying Islands":"United States Minor Outlying Islands",
"US_Utah":"Utah",
"US_Vermont":"Vermont",
"US_Virginia_Chesapeake":"Chesapeake",
"US_Virginia_Lynchburg":"Lynchburg",
"US_Virginia_Richmond":"Richmond",
"US_Virginia_Roanoke":"Roanoke",
"US_Washington_Coast":"Tacoma",
"US_Washington_Seattle":"Seattle",
"US_Washington_Yakima":"Yakima",
"US_West Virginia":"West Virginia",
"US_Wisconsin_Milwaukee":"Milwaukee",
"US_Wisconsin_North":"Eau Claire",
"US_Wyoming":"Wyoming",
"Uganda":"Uganda",
"Ukraine":"Ukraine",
"Ukraine_Cherkasy Oblast":"Oblast Tscherkassy",
"Ukraine_Chernihiv Oblast":"Oblast Tschernihiw",
"Ukraine_Chernivtsi Oblast":"Oblast Tscherniwzi",
"Ukraine_Dnipropetrovsk Oblast":"Oblast Dnipropetrowsk",
"Ukraine_Donetsk Oblast":"Oblast Donezk",
"Ukraine_Ivano-Frankivsk Oblast":"Oblast Iwano-Frankiwsk",
"Ukraine_Kharkiv Oblast":"Oblast Charkiw",
"Ukraine_Kherson Oblast":"Oblast Cherson",
"Ukraine_Khmelnytskyi Oblast":"Oblast Chmelnyzkyj",
"Ukraine_Kirovohrad Oblast":"Oblast Kirowohrad",
"Ukraine_Kyiv Oblast":"Oblast Kiew",
"Ukraine_Luhansk Oblast":"Oblast Luhansk",
"Ukraine_Lviv Oblast":"Oblast Lwiw",
"Ukraine_Mykolaiv Oblast":"Oblast Mykolajiw",
"Ukraine_Odessa Oblast":"Oblast Odessa",
"Ukraine_Poltava Oblast":"Oblast Poltawa",
"Ukraine_Rivne Oblast":"Oblast Riwne",
"Ukraine_Sumy Oblast":"Oblast Sumy",
"Ukraine_Ternopil Oblast":"Oblast Ternopil",
"Ukraine_Vinnytsia Oblast":"Oblast Winnyzja",
"Ukraine_Volyn Oblast":"Oblast Wolhynien",
"Ukraine_Zakarpattia Oblast":"Oblast Transkarpatien",
"Ukraine_Zaporizhia Oblast":"Oblast Saporischschja",
"Ukraine_Zhytomyr Oblast":"Oblast Schytomyr",
"United Arab Emirates":"Vereinigte Arabische Emirate",
"United Kingdom":"Vereinigtes Königreich",
"United States Virgin Islands":"Amerikanische Jungferninseln",
"United States of America":"Vereinigte Staaten",
"Uruguay":"Uruguay",
"Uzbekistan":"Usbekistan",
"Vanuatu":"Vanuatu",
"Venezuela":"Venezuela",
"Vietnam":"Vietnam",
"Virginia":"Virginia",
"Wallis and Futuna":"Wallis und Futuna",
"Washington":"Washington",
"Willis Island":"Willis-Insel",
"Wisconsin":"Wisconsin",
"Yemen":"Jemen",
"Zambia":"Sambia",
"Zimbabwe":"Simbabwe",
"Australia_Brisbane":"Brisbane",
"Australia_Sydney":"Sydney",
"Austria_Styria_Graz":"Steiermark — Graz",
"Austria_Styria_Leoben":"Steiermark — Leoben",
"Austria_Upper Austria_Linz":"Oberösterreich — Linz",
"Austria_Upper Austria_Wels":"Oberösterreich — Wels",
"Bolivia_North":"Bolivien — Norden",
"Bolivia_South":"Bolivien — Süden",
"Brazil_Goias_Brasilia":"Goiás — Brasília",
"Brazil_Goias_North":"Goiás — Norden",
"Brazil_North Region_East":"Norden — Osten",
"Brazil_North Region_West":"Norden — Westen",
"Brazil_Northeast Region_East":"Nordosten — Osten",
"Brazil_Northeast Region_West":"Nordosten — Westen",
"Brazil_Parana_East":"Paraná — Osten",
"Brazil_Parana_West":"Paraná — Westen",
"Brazil_South Region_East":"Süden — Osten",
"Brazil_South Region_West":"Süden — Westen",
"Bulgaria_East":"Bulgarien — Osten",
"Bulgaria_West":"Bulgarien — Westen",
"Canada_Ontario_Northeastern_W":"Wawa",
"Chile_Central":"Chile — Mitte",
"Congo-Kinshasa_Kivu":"Kivu",
"Congo-Kinshasa_West":"Demokratische Republik Kongo — Westen",
"Croatia_Central":"Kroatien — Mitte",
"Croatia_West":"Kroatien — Westen",
"Ecuador_East":"Ecuador — Osten",
"Ecuador_West":"Ecuador — Westen",
"Finland_Eastern Finland_North":"Ostfinnland — Norden",
"Finland_Eastern Finland_South":"Ostfinnland — Süden",
"Finland_Western Finland_Jyvaskyla":"Westfinnland — Jyväskylä",
"Finland_Western Finland_Tampere":"Westfinnland — Tampere",
"France_Free County_North":"Franche-Comté — Norden",
"France_Free County_South":"Franche-Comté — Süden",
"France_Pays de la Loire_Loire-Atlantique_Nantes":"Département Loire-Atlantique — Nantes",
"France_Pays de la Loire_Loire-Atlantique_Saint-Nazaire":"Département Loire-Atlantique — Saint-Nazaire",
"Germany_Free State of Bavaria_Upper Bavaria_South":"Oberbayern — Süden",
"India_Karnataka_North":"Karnataka — Norden",
"India_Karnataka_South":"Karnataka — Süden",
"Iran_East":"Iran — Osten",
"Iraq_North":"Irak — Norden",
"Iraq_South":"Irak — Süden",
"Japan_Chubu Region_Aichi_Nagoya":"Präfektur Aichi — Nagoya",
"Japan_Chubu Region_Aichi_Toyohashi":"Präfektur Aichi — Toyohashi",
"Japan_Hokkaido Region_Sapporo":"Sapporo",
"Japan_Kinki Region_Osaka_Osaka":"Ōsaka",
"Japan_Kinki Region_Osaka_West":"Präfektur Ōsaka — Westen",
"Kazakhstan_North":"Kasachstan — Norden",
"Kazakhstan_South":"Kasachstan — Süden",
"Lithuania_East":"Litauen — Osten",
"Lithuania_West":"Litauen — Westen",
"Mexico_Chihuahua":"Chihuahua",
"Mexico_Sonora":"Sonora",
"Nepal_Kathmandu":"Kathmandu",
"Nepal_Madhyamanchal":"Entwicklungsregion Mitte",
"Nepal_Purwanchal":"Entwicklungsregion Ost",
"Nigeria_North":"Nigeria — Norden",
"Nigeria_South":"Nigeria — Süden",
"Norway_Hordaland":"Hordaland",
"Norway_Nordland":"Nordland",
"Norway_North Trondelag":"Nord-Trøndelag",
"Norway_Rogaland":"Rogaland",
"Norway_South Trondelag":"Sør-Trøndelag",
"Peru_Lima":"Lima",
"Portugal_Islands":"Insel (Portugal)",
"Portugal_Viseu":"Viseu",
"Russia_Krasnoyarsk Krai_North":"Region Krasnojarsk — Norden",
"Russia_Krasnoyarsk Krai_South":"Region Krasnojarsk — Süden",
"Russia_Moscow Oblast_East":"Oblast Moskau — Osten",
"Russia_Moscow Oblast_West":"Oblast Moskau — Westen",
"Russia_Perm Krai_North":"Region Perm — Norden",
"Russia_Perm Krai_South":"Region Perm — Süden",
"Russia_Republic of Karelia_North":"Republik Karelien — Norden",
"Russia_Republic of Karelia_South":"Republik Karelien — Süden",
"Russia_Sverdlovsk Oblast_North":"Oblast Swerdlowsk — Norden",
"Russia_Sverdlovsk Oblast_Ekaterinburg":"Oblast Swerdlowsk — Jekaterinburg",
"Russia_Yugra_Khanty":"Autonomer Kreis der Chanten und Mansen/Jugra — Chanty-Mansijsk",
"Russia_Yugra_Surgut":"Autonomer Kreis der Chanten und Mansen/Jugra — Surgut",
"Saudi Arabia_North":"Saudi-Arabien — Norden",
"Saudi Arabia_South":"Saudi-Arabien — Süden",
"Slovenia_East":"Slowenien — Osten",
"Slovenia_West":"Slowenien — Westen",
"Spain_Andalusia_Granada":"Andalusien — Granada",
"Spain_Andalusia_Sevilla":"Andalusien — Sevilla",
"Spain_Castile and Leon_East":"Kastilien und León — Osten",
"Spain_Castile and Leon_West":"Kastilien und León — Westen",
"Spain_Galicia_North":"Galicien — Norden",
"Spain_Galicia_South":"Galicien — Süden",
"Sudan_East":"Sudan — Osten",
"Sudan_West":"Sudan — Westen",
"Sweden_Stockholm":"Stockholm",
"Switzerland_Espace Mittelland_Bern":"Espace Mittelland — Bern",
"Switzerland_Espace Mittelland_East":"Espace Mittelland — Osten",
"Taiwan_North":"Republik China (Taiwan) — Norden",
"Taiwan_South":"Republik China (Taiwan) — Süden",
"Thailand_Central":"Thailand — Mitte",
"Turkey_Central Anatolia Region_Ankara":"Zentralanatolien — Ankara",
"Turkey_Central Anatolia Region_Kayseri":"Zentralanatolien — Kayseri",
"Turkey_Marmara Region_Bursa":"Marmararegion — Bursa",
"Turkey_Marmara Region_Istanbul":"Marmararegion — Istanbul",
"US_Arkansas_North":"Arkansas — Norden",
"US_Arkansas_South":"Arkansas — Süden",
"US_Florida_Gainesvile":"Gainesville",
"US_Idaho_North":"Idaho — Norden",
"US_Idaho_South":"Idaho — Süden",
"US_Indiana_Evansville":"Evansville",
"US_Indiana_Indianapolis":"Indianapolis",
"US_Kansas_Wichita":"Wichita",
"US_Kentucky_Louisville":"Louisville",
"US_Michigan_Grand Rapids":"Grand Rapids",
"US_Michigan_Lansing":"Lansing",
"US_Mississippi_Gulfport":"Gulfport",
"US_Mississippi_North":"Mississippi — Norden",
"US_Missouri_Kansas":"Kansas City",
"US_Missouri_Springfield":"Springfield",
"US_Missouri_St Louis":"St. Louis",
"US_Montana_East":"Montana — Osten",
"US_Montana_West":"Montana — Westen",
"US_Nebraska_East":"Nebraska — Osten",
"US_Nebraska_West":"Nebraska — Westen",
"US_New Mexico_Albuquerque":"Albuquerque",
"US_New Mexico_Roswell":"Roswell",
"US_Ohio_Cincinnati":"Cincinnati",
"US_Ohio_Columbus":"Columbus",
"US_Ohio_Toledo":"Toledo",
"US_Oklahoma_Oklahoma":"Oklahoma City",
"US_Oklahoma_Tulsa":"Tulsa",
"US_South Carolina_Charleston":"Charleston",
"US_Texas_Amarillo":"Amarillo",
"US_Texas_Lubbock":"Lubbock",
"US_Utah_North":"Utah — Norden",
"US_Utah_South":"Utah — Süden",
"US_Virginia_Alexandria":"Alexandria",
"US_Wisconsin_Eau Claire":"Eau Claire",
"US_Wisconsin_Madison":"Madison",
"Venezuela_North":"Venezuela — Norden",
"Venezuela_South":"Venezuela — Süden",
"Argentina_Buenos Aires_Buenos Aires":"Buenos Aires",
"Canada_Quebek_Lachute":"Lachute",
"Canada_Saskatchewan_Regina":"Regina",
"Canada_Saskatchewan_Saskatoon":"Saskatoon",
"Germany_Lower Saxony_Braunschweig":"Braunschweig",
"Germany_Saxony-Anhalt_Halle":"Sachsen-Anhalt — Halle (Saale)",
"Germany_Saxony-Anhalt_Magdeburg":"Sachsen-Anhalt — Magdeburg",
"Germany_Schleswig-Holstein_Flensburg":"Schleswig-Holstein — Flensburg",
"Germany_Schleswig-Holstein_Kiel":"Schleswig-Holstein — Kiel",
"Portugal_Porto":"Porto",
"UK_England_North West England_Lancaster":"North West England — Lancaster",
"UK_England_North West England_Manchester":"North West England — Manchester",
"US_Florida_Gainesville":"Gainesville",
"US_Texas_Victoria":"Victoria",
"US_Virginia_Norfolk":"Norfolk"
}
