Abkhazia = Abkhazia
Afghanistan = Afghanistan
Alabama = Alabama
Albania = Albania
Algeria = Algeria
Algeria_Central = Algeria — Centre
Algeria_Coast = Algeria — North
Andorra = Andorra
Angola = Angola
Anguilla = Anguilla
Antarctica = Antarctica
Antigua and Barbuda = Antigua and Barbuda
Argentina = Argentina
Argentina_Buenos Aires_Buenos Aires = Buenos Aires
Argentina_Buenos Aires_North = Buenos Aires Province — North
Argentina_Buenos Aires_South = Buenos Aires Province — South
Argentina_Cuyo = Cuyo
Argentina_Mesopotamia = Mesopotamia
Argentina_Northwest = Argentine Northwest
Argentina_Pampas = Pampas
Argentina_Patagonia = Patagonia
Argentina_Santa Fe = Santa Fe Province
Arizona = Arizona
Armenia = Armenia
Australia = Australia
Australia_Brisbane = Brisbane
Australia_Melbourne = Melbourne
Australia_New South Wales = New South Wales
Australia_Northern Territory = Northern Territory
Australia_Queensland = Queensland
Australia_South Australia = South Australia
Australia_Sydney = Sydney
Australia_Tasmania = Tasmania
Australia_Victoria = Victoria
Australia_Western Australia = Western Australia
Austria = Austria
Austria_Burgenland = Burgenland
Austria_Carinthia = Carinthia
Austria_Lower Austria_West = Lower Austria — West
Austria_Lower Austria_Wien = Vienna
Austria_Salzburg = Salzburg
Austria_Styria = Styria
Austria_Styria_Graz = Styria — Graz
Austria_Styria_Leoben = Styria — Leoben
Austria_Tyrol = Tyrol
Austria_Upper Austria = Upper Austria
Austria_Upper Austria_Linz = Upper Austria — Linz
Austria_Upper Austria_Wels = Upper Austria — Wels
Austria_Vorarlberg = Vorarlberg
Azerbaijan = Azerbaijan
Azerbaijan Region = Azerbaijan
Bahrain = Bahrain
Bangladesh = Bangladesh
Barbados = Barbados
Belarus = Belarus
Belarus_Brest Region = Brest Region
Belarus_Homiel Region = Gomel Region
Belarus_Hrodna Region = Grodno Region
Belarus_Maglieu Region = Mogilev Region
Belarus_Minsk Region = Minsk Region
Belarus_Vitebsk Region = Vitebsk Region
Belgium = Belgium
Belgium_Antwerp = Antwerp Province
Belgium_East Flanders = East Flanders Province
Belgium_Flemish Brabant = Flemish Brabant Province
Belgium_Hainaut = Hainaut Province
Belgium_Liege = Liège Province
Belgium_Limburg = Limburg Province
Belgium_Luxembourg = Luxembourg Province
Belgium_Namur = Namur Province
Belgium_Walloon Brabant = Walloon Brabant Province
Belgium_West Flanders = West Flanders Province
Belize = Belize
Benin = Benin
Bermuda = Bermuda
Bhutan = Bhutan
Bolivia = Bolivia
Bolivia_North = Bolivia — North
Bolivia_South = Bolivia — South
Bosnia and Herzegovina = Bosnia and Herzegovina
Bosnia and Herzegovina_Brcko district of Bosnia and Herzegowina = Brčko District
Bosnia and Herzegovina_Entity Federation of Bosnia and Herzegovina = Federation of Bosnia and Herzegovina
Bosnia and Herzegovina_Republic of Srpska = Republika Srpska
Botswana = Botswana
Brazil = Brazil
Brazil_Bahia = Bahia
Brazil_Goias = Goiás
Brazil_Goias_Brasilia = Goiás — Brasília
Brazil_Goias_North = Goiás — North
Brazil_Mato Grosso = Mato Grosso
Brazil_Mato Grosso Do Sul = Mato Grosso do Sul
Brazil_North Region = North Region, Brazil
Brazil_North Region_East = North Region — East
Brazil_North Region_West = North Region — West
Brazil_Northeast Region = Northeast Region
Brazil_Northeast Region_East = Northeast Region — East
Brazil_Northeast Region_West = Northeast Region — West
Brazil_Paraiba = Paraíba
Brazil_Parana = Paraná
Brazil_Parana_East = Paraná — East
Brazil_Parana_West = Paraná — West
Brazil_Rio Grande do Norte = Rio Grande do Norte
Brazil_Santa Catarina = Santa Catarina
Brazil_South Region = Southern Brazil
Brazil_South Region_East = Southern Region — East
Brazil_South Region_West = Southern Region — West
Brazil_Southeast Region_Espirito Santo = Espírito Santo
Brazil_Southeast Region_Minas Gerais_Contagem = Minas Gerais — Contagem
Brazil_Southeast Region_Minas Gerais_North = Minas Gerais — North
Brazil_Southeast Region_Rio de Janeiro = Rio de Janeiro
Brazil_Southeast Region_Sao Paulo_Campinas = São Paulo — Campinas
Brazil_Southeast Region_Sao Paulo_City = São Paulo — Santos
Brazil_Southeast Region_Sao Paulo_West = São Paulo — Ribeirão Preto
British Indian Ocean Territory = British Indian Ocean Territory
British Virgin Islands = British Virgin Islands
Brunei = Brunei
Bulgaria = Bulgaria
Bulgaria_East = Bulgaria — East
Bulgaria_West = Bulgaria — West
Burkina Faso = Burkina Faso
Burundi = Burundi
California = California
Cambodia = Cambodia
Cameroon = Cameroon
Cameroon_Central = Cameroon — Centre
Cameroon_West = Cameroon — West
Campo de Hielo Sur = Southern Patagonian Ice Field
Canada = Canada
Canada_Alberta = Alberta
Canada_Alberta_Edmonton = Edmonton
Canada_Alberta_North = Alberta — North
Canada_Alberta_South = Alberta — South
Canada_British Columbia = British Columbia
Canada_British Columbia_Central = British Columbia — Centre
Canada_British Columbia_Far_North = British Columbia — East
Canada_British Columbia_Islands = Vancouver Island
Canada_British Columbia_North = British Columbia — West
Canada_British Columbia_Northeast = British Columbia — North
Canada_British Columbia_Southeast = Kelowna
Canada_British Columbia_Vancouver = Vancouver
Canada_Labrador = Labrador
Canada_Labrador_North = Labrador — North
Canada_Labrador_South = Labrador — South
Canada_Labrador_West = Labrador — West
Canada_Manitoba = Manitoba
Canada_Manitoba_Northeast = Manitoba — North
Canada_Manitoba_Northwest = Manitoba — West
Canada_Manitoba_South = Brandon
Canada_Manitoba_Winnipeg = Winnipeg
Canada_New Brunswick = New Brunswick
Canada_Newfoundland = Newfoundland
Canada_Newfoundland_East = Newfoundland — East
Canada_Newfoundland_North = Newfoundland — North
Canada_Newfoundland_South = Newfoundland — South
Canada_Newfoundland_West = Newfoundland — West
Canada_Northwest Territories = Northwest Territories
Canada_Northwest Territories_East = Northwest Territories — East
Canada_Northwest Territories_North = Northwest Territories — North
Canada_Northwest Territories_Yellowknife = Yellowknife
Canada_Nova Scotia = Nova Scotia
Canada_Nova Scotia_Halifax = Halifax
Canada_Nova Scotia_Sydney = Sydney
Canada_Nunavut = Nunavut
Canada_Nunavut_North = Nunavut — North
Canada_Nunavut_South = Nunavut — South
Canada_Ontario = Ontario
Canada_Ontario_Bame = Barrie
Canada_Ontario_Kingston = Kingston
Canada_Ontario_London = London
Canada_Ontario_Northeastern_Central = Timmins
Canada_Ontario_Northeastern_North = Moose Factory
Canada_Ontario_Northeastern_S = Greater Sudbury
Canada_Ontario_Northeastern_SE = North Bay
Canada_Ontario_Northeastern_SW = Sault Ste. Marie
Canada_Ontario_Northeastern_W = Wawa
Canada_Ontario_Northeastern_Wawa = Wawa
Canada_Ontario_Northern = Thunder Bay
Canada_Ontario_Northwestern = Ontario — North
Canada_Ontario_Toronto = Toronto
Canada_Prince Edward Island = Prince Edward Island
Canada_Quebec = Quebec
Canada_Quebec_Quebec = Quebec City
Canada_Quebek_Far North = Quebec — North
Canada_Quebek_Lachute = Lachute
Canada_Quebek_Montreal = Montreal
Canada_Quebek_North = Sept-Îles
Canada_Quebek_Southeast_Rimouski = Rimouski
Canada_Quebek_Southeast_Saguenay = Saguenay
Canada_Quebek_West_Chibougamau = Chibougamau
Canada_Quebek_West_Rouyn-Noranda = Rouyn-Noranda
Canada_Saskatchewan = Saskatchewan
Canada_Saskatchewan_North = Saskatchewan — North
Canada_Saskatchewan_Regina = Regina
Canada_Saskatchewan_Saskatoon = Saskatoon
Canada_Saskatchewan_South = Saskatchewan — South
Canada_Yukon = Yukon
Canada_Yukon_North = Yukon — North
Canada_Yukon_Whitehorse = Whitehorse
Cape Verde = Cape Verde
Caribisch Nederland = Caribbean Netherlands
Cayman Islands = Cayman Islands
Central African Republic = Central African Republic
Central Anatolia Region = Central Anatolia Region
Chad = Chad
Chile = Chile
Chile_Central = Chile — Centre
Chile_North = Chile — North
Chile_South = Chile — South
China_Anhui = Anhui
China_Chongqing = Chongqing
China_Fujian = Fujian
China_Gansu = Gansu
China_Guangdong = Guangdong
China_Guangxi = Guangxi Zhuang Autonomous Region
China_Guizhou = Guizhou
China_Hebei = Hebei
China_Heilongjiang = Heilongjiang
China_Henan = Henan
China_Hubei = Hubei
China_Hunan = Hunan
China_Inner Mongolia = Inner Mongolia
China_Jiangsu = Jiangsu
China_Jiangxi = Jiangxi
China_Jilin = Jilin
China_Liaoning = Liaoning
China_Ningxia Hui = Ningxia Hui Autonomous Region
China_Qinghai = Qinghai
China_Shaanxi = Shaanxi
China_Shandong = Shandong
China_Shanghai = Shanghai
China_Shanxi = Shanxi
China_Sichuan = Sichuan
China_Tibet Autonomous Region = Tibet Autonomous Region
China_Xinjiang = Xinjiang Uyghur Autonomous Region
China_Yunnan = Yunnan
China_Zhejiang = Zhejiang
Colombia = Colombia
Colombia_East = Colombia — East
Colombia_North = Colombia — North
Colombia_West = Colombia — West
Colorado = Colorado
Comoros = Comoros
Congo-Brazzaville = Republic of the Congo
Congo-Kinshasa = Democratic Republic of the Congo
Congo-Kinshasa_Kivu = Kivu
Congo-Kinshasa_West = Congo — West
Cook Islands = Cook Islands
Costa Rica = Costa Rica
Cote dIvoire = Ivory Coast
Crimea = Crimean Peninsula
Croatia = Croatia
Croatia_Central = Croatia — Centre
Croatia_West = Croatia — West
Cuba = Cuba
Cyprus = Cyprus
Czech Republic = Czech Republic
Czech_Jihovychod_Jihomoravsky kraj = South Moravian Region
Czech_Jihovychod_Kraj Vysocina = Vysočina Region
Czech_Jihozapad_Jihocesky kraj = South Bohemia Region
Czech_Jihozapad_Plzensky kraj = Plzeň Region
Czech_Karlovasky kraj = Karlovy Vary Region
Czech_Moravskoslezsko = Moravian-Silesian Region
Czech_Olomoucky kraj = Olomouc Region
Czech_Praha = Prague
Czech_Severovychod_Kralovehradecky kraj = Hradec Králové Region
Czech_Severovychod_Liberecky kraj = Liberec Region
Czech_Severovychod_Pardubicky kraj = Pardubice Region
Czech_Stredni Cechy_East = Central Bohemian Region — East
Czech_Stredni Cechy_West = Central Bohemian Region — West
Czech_Ustecky kraj = Ústí nad Labem Region
Czech_Zlinsky Kraj = Zlín Region
Denmark = Denmark
Denmark_Capital Region of Denmark = Capital Region of Denmark
Denmark_Central Denmark Region = Central Denmark Region
Denmark_North Denmark Region = North Denmark Region
Denmark_Region Zealand = Region Zealand
Denmark_Region of Southern Denmark = Region of Southern Denmark
Djibouti = Djibouti
Dominica = Dominica
Dominican Republic = Dominican Republic
East Timor = East Timor
Ecuador = Ecuador
Ecuador_East = Ecuador — East
Ecuador_West = Ecuador — West
Egypt = Egypt
El Salvador = El Salvador
Equatorial Guinea = Equatorial Guinea
Eritrea = Eritrea
Estonia = Estonia
Estonia_East = Estonia — East
Estonia_West = Estonia — West
Ethiopia = Ethiopia
Falkland Islands = Falkland Islands
Faroe Islands = Faroe Islands
Federated States of Micronesia = Federated States of Micronesia
Fiji = Fiji
Finland = Finland
Finland_Eastern Finland = Eastern Finland
Finland_Eastern Finland_North = Eastern Finland — North
Finland_Eastern Finland_South = Eastern Finland — South
Finland_Northern Finland = Northern Finland
Finland_Southern Finland_Helsinki = Southern Finland — Helsinki
Finland_Southern Finland_Lappeenranta = Southern Finland — Lappeenranta
Finland_Southern Finland_West = Southwest Finland
Finland_Western Finland = Western Finland
Finland_Western Finland_Jyvaskyla = Western Finland — Jyväskylä
Finland_Western Finland_Tampere = Western Finland — Tampere
Florida = Florida
France = France
France_Alsace = Alsace
France_Alsace_Bas-Rhin = Bas-Rhin
France_Alsace_Haut-Rhin = Haut-Rhin
France_Aquitaine = Aquitaine
France_Aquitaine_Dordogne = Dordogne
France_Aquitaine_Gironde = Gironde
France_Aquitaine_Landes = Landes
France_Aquitaine_Lot-et-Garonne = Lot-et-Garonne
France_Aquitaine_Pyrenees-Atlantiques = Pyrénées-Atlantiques
France_Auvergne = Auvergne
France_Auvergne_Allier = Allier
France_Auvergne_Cantal = Cantal
France_Auvergne_Haute-Loire = Haute-Loire
France_Auvergne_Puy-de-Dome = Puy-de-Dôme
France_Brittany = Brittany
France_Brittany_Cotes-dArmor = Côtes-d'Armor
France_Brittany_Finistere = Finistère
France_Brittany_Ille-et-Vilaine = Ille-et-Vilaine
France_Brittany_Morbihan = Morbihan
France_Burgundy = Burgundy
France_Burgundy_Cote-dOr = Côte-d'Or
France_Burgundy_Nievre = Nièvre
France_Burgundy_Saone-et-Loire = Saône-et-Loire
France_Burgundy_Yonne = Yonne
France_Centre-Val de Loire = Centre-Val de Loire
France_Centre-Val de Loire_Cher = Cher
France_Centre-Val de Loire_Eure-et-Loir = Eure-et-Loir
France_Centre-Val de Loire_Indre = Indre
France_Centre-Val de Loire_Indre-et-Loire = Indre-et-Loire
France_Centre-Val de Loire_Loir-et-Cher = Loir-et-Cher
France_Centre-Val de Loire_Loiret = Loiret
France_Champagne-Ardenne = Champagne-Ardenne
France_Corsica = Corsica
France_Free County = Franche-Comté
France_Free County_North = Franche-Comté — North
France_Free County_South = Franche-Comté — South
France_French Guiana = French Guiana
France_Ile-de-France = Île-de-France
France_Ile-de-France_Essonne = Essonne
France_Ile-de-France_Hauts-de-Seine = Hauts-de-Seine
France_Ile-de-France_Paris = Paris
France_Ile-de-France_Seine-Saint-Denis = Seine-Saint-Denis
France_Ile-de-France_Seine-et-Marne = Seine-et-Marne
France_Ile-de-France_Val-dOise = Val-d'Oise
France_Ile-de-France_Val-de-Marne = Val-de-Marne
France_Ile-de-France_Yvelines = Yvelines
France_Languedoc-Roussillon = Languedoc-Roussillon
France_Languedoc-Roussillon_Aude = Aude
France_Languedoc-Roussillon_Gard = Gard
France_Languedoc-Roussillon_Herault = Hérault
France_Languedoc-Roussillon_Lozere = Lozère
France_Languedoc-Roussillon_Pyrenees-Orientales = Pyrénées-Orientales
France_Limousin = Limousin
France_Lorraine = Lorraine
France_Lorraine_Meurthe-et-Moselle = Meurthe-et-Moselle
France_Lorraine_Meuse = Meuse
France_Lorraine_Moselle = Moselle
France_Lorraine_Vosges = Vosges
France_Lower Normandy = Lower Normandy
France_Lower Normandy_Calvados = Calvados
France_Lower Normandy_Manche = Manche
France_Lower Normandy_Orne = Orne
France_Midi-Pyrenees = Midi-Pyrénées
France_Midi-Pyrenees_Ariege = Ariège
France_Midi-Pyrenees_Aveyron = Aveyron
France_Midi-Pyrenees_Gers = Gers
France_Midi-Pyrenees_Haute-Garonne = Haute-Garonne
France_Midi-Pyrenees_Hautes-Pyrenees = Hautes-Pyrénées
France_Midi-Pyrenees_Lot = Lot
France_Midi-Pyrenees_Tarn = Tarn
France_Midi-Pyrenees_Tarn-et-Garonne = Tarn-et-Garonne
France_New Caledonia = New Caledonia
France_Nord-Pas-de-Calais = Nord-Pas-de-Calais
France_Nord-Pas-de-Calais_Lille = Lille
France_Nord-Pas-de-Calais_Nord = Nord
France_Nord-Pas-de-Calais_Pas-de-Calais = Pas-de-Calais
France_Pays de la Loire = Pays de la Loire
France_Pays de la Loire_Loire-Atlantique = Loire-Atlantique
France_Pays de la Loire_Loire-Atlantique_Nantes = Loire-Atlantique — Nantes
France_Pays de la Loire_Loire-Atlantique_Saint-Nazaire = Loire-Atlantique — Saint-Nazaire
France_Pays de la Loire_Maine-et-Loire = Maine-et-Loire
France_Pays de la Loire_Mayenne = Mayenne
France_Pays de la Loire_Sarthe = Sarthe
France_Pays de la Loire_Vendee = Vendée
France_Picardy = Picardy
France_Picardy_Aisne = Aisne
France_Picardy_Oise = Oise
France_Picardy_Somme = Somme
France_Poitou-Charentes = Poitou-Charentes
France_Poitou-Charentes_Charente = Charente
France_Poitou-Charentes_Charente-Maritime = Charente-Maritime
France_Poitou-Charentes_Deux-Sevres = Deux-Sèvres
France_Poitou-Charentes_Vienne = Vienne
France_Provence-Alpes-Cote dAzur = Provence-Alpes-Côte d'Azur
France_Provence-Alpes-Cote dAzur_Alpes-de-Haute-Provence = Alpes-de-Haute-Provence
France_Provence-Alpes-Cote dAzur_Bouches-du-Rhone = Bouches-du-Rhône
France_Provence-Alpes-Cote dAzur_Hautes-Alpes = Hautes-Alpes
France_Provence-Alpes-Cote dAzur_Maritime Alps = Alpes-Maritimes
France_Provence-Alpes-Cote dAzur_Var = Var
France_Provence-Alpes-Cote dAzur_Vaucluse = Vaucluse
France_Rhone-Alpes = Rhône-Alpes
France_Rhone-Alpes_Ain = Ain
France_Rhone-Alpes_Ardeche = Ardèche
France_Rhone-Alpes_Drome = Drôme
France_Rhone-Alpes_Haute-Savoie = Haute-Savoie
France_Rhone-Alpes_Isere = Isère
France_Rhone-Alpes_Loire = Loire
France_Rhone-Alpes_Rhone = Rhône
France_Rhone-Alpes_Savoie = Savoie
France_Southern Islands = French Southern and Antarctic Lands
France_Upper Normandy = Upper Normandy
French Polynesia = French Polynesia
Gabon = Gabon
Georgia = Georgia
Germany = Germany
Germany_Baden-Wurttemberg = Baden-Württemberg
Germany_Baden-Wurttemberg_Regierungsbezirk Freiburg = Freiburg im Breisgau
Germany_Baden-Wurttemberg_Regierungsbezirk Karlsruhe = Karlsruhe
Germany_Baden-Wurttemberg_Regierungsbezirk Stuttgart_Heilbronn = Stuttgart — Heilbronn
Germany_Baden-Wurttemberg_Regierungsbezirk Stuttgart_Stuttgart = Stuttgart — Stuttgart
Germany_Baden-Wurttemberg_Regierungsbezirk Tubingen = Tübingen
Germany_Berlin = Berlin
Germany_Brandenburg_North = Brandenburg — North
Germany_Brandenburg_South = Brandenburg — South
Germany_Free State of Bavaria = Bavaria
Germany_Free State of Bavaria_Lower Bavaria = Lower Bavaria
Germany_Free State of Bavaria_Lower Franconia = Lower Franconia
Germany_Free State of Bavaria_Middle Franconia = Middle Franconia
Germany_Free State of Bavaria_Swabia = Swabia
Germany_Free State of Bavaria_Upper Bavaria_East = Upper Bavaria — East
Germany_Free State of Bavaria_Upper Bavaria_Ingolstadt = Upper Bavaria — Ingolstadt
Germany_Free State of Bavaria_Upper Bavaria_Munchen = Upper Bavaria — Munich
Germany_Free State of Bavaria_Upper Bavaria_South = Upper Bavaria — South
Germany_Free State of Bavaria_Upper Franconia = Upper Franconia
Germany_Free State of Bavaria_Upper Palatinate = Upper Palatinate
Germany_Hamburg_main = Hamburg
Germany_Hesse = Hesse
Germany_Hesse_Regierungsbezirk Darmstadt = Darmstadt
Germany_Hesse_Regierungsbezirk Giessen = Giessen
Germany_Hesse_Regierungsbezirk Kassel = Kassel
Germany_Lower Saxony = Lower Saxony
Germany_Lower Saxony_Braunschweig = Braunschweig
Germany_Lower Saxony_Bremen_Bremen = Bremen
Germany_Lower Saxony_Bremen_Munster = Lüneburg
Germany_Lower Saxony_Hannover = Hanover
Germany_Lower Saxony_Oldenburg = Oldenburg
Germany_Mecklenburg-Vorpommern = Mecklenburg-Vorpommern
Germany_North Rhine-Westphalia = North Rhine-Westphalia
Germany_North Rhine-Westphalia_Regierungsbezirk Arnsberg_Arnsberg = Arnsberg — Arnsberg
Germany_North Rhine-Westphalia_Regierungsbezirk Arnsberg_Dortmund = Arnsberg — Dortmund
Germany_North Rhine-Westphalia_Regierungsbezirk Detmold = Detmold
Germany_North Rhine-Westphalia_Regierungsbezirk Dusseldorf_Dusseldorf = Düsseldorf — Düsseldorf
Germany_North Rhine-Westphalia_Regierungsbezirk Dusseldorf_Mulheim = Düsseldorf — Mülheim an der Ruhr
Germany_North Rhine-Westphalia_Regierungsbezirk Dusseldorf_Wesel = Düsseldorf — Wesel
Germany_North Rhine-Westphalia_Regierungsbezirk Koln_Aachen = Cologne — Aachen
Germany_North Rhine-Westphalia_Regierungsbezirk Koln_Koln = Cologne — Cologne
Germany_North Rhine-Westphalia_Regierungsbezirk Munster_Munster = Münster — Münster
Germany_North Rhine-Westphalia_Regierungsbezirk Munster_Recklinghausen = Münster — Recklinghausen
Germany_Rhineland-Palatinate_Koblenz = Rhineland-Palatinate — Koblenz
Germany_Rhineland-Palatinate_South = Rhineland-Palatinate — Mainz
Germany_Saarland = Saarland
Germany_Saxony-Anhalt = Saxony-Anhalt
Germany_Saxony-Anhalt_Halle = Saxony-Anhalt — Halle
Germany_Saxony-Anhalt_Magdeburg = Saxony-Anhalt — Magdeburg
Germany_Saxony_Dresden = Saxony — Dresden
Germany_Saxony_Leipzig = Saxony — Leipzig
Germany_Schleswig-Holstein = Schleswig-Holstein
Germany_Schleswig-Holstein_Flensburg = Schleswig-Holstein — Flensburg
Germany_Schleswig-Holstein_Kiel = Schleswig-Holstein — Kiel
Germany_Thuringia = Thuringia
Ghana = Ghana
Gibraltar = Gibraltar
Greece = Greece
Greece_Decentralized Administration of Aegean = Aegean
Greece_Decentralized Administration of Attica = Attica
Greece_Decentralized Administration of Crete = Crete
Greece_Decentralized Administration of Epirus - Western Macedonia = Epirus and Western Macedonia
Greece_Decentralized Administration of Macedonia and Thrace = Macedonia and Thrace
Greece_Decentralized Administration of Thessaly - Central Greece = Thessaly and Central Greece
Greece_Decentralized Administration of West Greece = Peloponnese
Greenland = Greenland
Grenada = Grenada
Guadeloupe = Guadeloupe
Guatemala = Guatemala
Guernsey = Guernsey
Guinea = Guinea
Guinea-Bissau = Guinea-Bissau
Guyana = Guyana
Haiti = Haiti
Honduras = Honduras
Hungary = Hungary
Hungary_Kozep-Magyarorszag = Central Hungary
Hungary_Northern Great Plain = Hungary — East
Hungary_Transdanubia = Hungary — West
Iceland = Iceland
Illinois = Illinois
India = India
India_Andaman and Nicobar Islands = Andaman and Nicobar Islands
India_Andhra Pradesh = Andhra Pradesh
India_Arunachal Pradesh = Arunachal Pradesh
India_Assam = Assam
India_Bihar = Bihar
India_Chandigarh = Chandigarh
India_Chhattisgarh = Chhattisgarh
India_Delhi = Delhi
India_Goa = Goa
India_Gujarat = Gujarat
India_Haryana = Haryana
India_Himachal Pradesh = Himachal Pradesh
India_Jammu and Kashmir = Jammu and Kashmir
India_Jharkhand = Jharkhand
India_Karnataka = Karnataka
India_Karnataka_North = Karnataka — North
India_Karnataka_South = Karnataka — South
India_Kerala = Kerala
India_Lakshadweep = Lakshadweep
India_Madhya Pradesh = Madhya Pradesh
India_Maharashtra = Maharashtra
India_Manipur = Manipur
India_Meghalaya = Meghalaya
India_Mizoram = Mizoram
India_Nagaland = Nagaland
India_Odisha = Odisha
India_Punjab = Punjab
India_Rajasthan = Rajasthan
India_Sikkim = Sikkim
India_Tamil Nadu = Tamil Nadu
India_Telangana = Telangana
India_Tripura = Tripura
India_Uttar Pradesh = Uttar Pradesh
India_Uttarakhand = Uttarakhand
India_West Bengal = West Bengal
Indiana = Indiana
Indonesia = Indonesia
Indonesia_Central = Sulawesi, Kalimantan
Indonesia_East = Indonesia — East
Indonesia_Jawa Barat = West Java Province
Indonesia_Jawa Tengah = Central Java Province
Indonesia_Jawa Timur = East Java Province
Indonesia_Nusa Tenggara = Lesser Sunda Islands
Indonesia_West = Sumatra
Iowa = Iowa
Iran = Iran
Iran_East = Iran — East
Iran_North = Iran — North
Iran_South = Iran — South
Iraq = Iraq
Iraq_North = Iraq — North
Iraq_South = Iraq — South
Ireland = Ireland
Ireland_Connacht = Connacht
Ireland_Leinster = Leinster
Ireland_Munster = Munster
Ireland_Northern Counties = Ulster
Isle of Man = Isle of Man
Israel = Israel
Israel Region = Israel
Italy = Italy
Italy_Abruzzo = Abruzzo
Italy_Aosta Valley = Aosta Valley
Italy_Apulia = Apulia
Italy_Basilicata = Basilicata
Italy_Calabria = Calabria
Italy_Campania = Campania
Italy_Emilia = Emilia-Romagna
Italy_Emilia-Romagna_Bologna = Province of Bologna
Italy_Emilia-Romagna_Ferrara = Province of Ferrara
Italy_Emilia-Romagna_Forli-Cesena = Province of Forlì-Cesena
Italy_Emilia-Romagna_Modena = Province of Modena
Italy_Emilia-Romagna_Parma = Province of Parma
Italy_Emilia-Romagna_Piacenza = Province of Piacenza
Italy_Emilia-Romagna_Ravenna = Province of Ravenna
Italy_Emilia-Romagna_Reggio Emilia = Province of Reggio Emilia
Italy_Emilia-Romagna_Rimini = Province of Rimini
Italy_Friuli = Friuli–Venezia Giulia
Italy_Friuli-Venezia Giulia_Gorizia = Province of Gorizia
Italy_Friuli-Venezia Giulia_Pordenone = Province of Pordenone
Italy_Friuli-Venezia Giulia_Trieste = Province of Trieste
Italy_Friuli-Venezia Giulia_Udine = Province of Udine
Italy_Lazio = Lazio
Italy_Liguria = Liguria
Italy_Lombardy = Lombardy
Italy_Lombardy_Bergamo = Province of Bergamo
Italy_Lombardy_Brescia = Province of Brescia
Italy_Lombardy_Como = Province of Como
Italy_Lombardy_Cremona = Province of Cremona
Italy_Lombardy_Lecco = Province of Lecco
Italy_Lombardy_Lodi = Province of Lodi
Italy_Lombardy_Mantua = Province of Mantua
Italy_Lombardy_Milan = Province of Milan
Italy_Lombardy_Monza and Brianza = Province of Monza and Brianza
Italy_Lombardy_Pavia = Province of Pavia
Italy_Lombardy_Sondrio = Province of Sondrio
Italy_Lombardy_Varese = Province of Varese
Italy_Marche = Marche
Italy_Molise = Molise
Italy_Piemont = Piedmont
Italy_Piemont_Alessandria = Province of Alessandria
Italy_Piemont_Asti = Province of Asti
Italy_Piemont_Biella = Province of Biella
Italy_Piemont_Cuneo = Province of Cuneo
Italy_Piemont_Novara = Province of Novara
Italy_Piemont_Torino = Province of Turin
Italy_Piemont_Verbano-Cusio-Ossola = Verbano-Cusio-Ossola
Italy_Piemont_Vercelli = Province of Vercelli
Italy_Sardinia = Sardinia
Italy_Sicily = Sicily
Italy_Trentino-Alto Adige Sudtirol = Trentino-South Tyrol
Italy_Tuscany_Grosseto = Tuscany — Province of Grosseto
Italy_Tuscany_Massa e Carrara = Tuscany — Province of Massa and Carrara
Italy_Umbria = Umbria
Italy_Veneto = Veneto
Italy_Veneto_Belluno = Province of Belluno
Italy_Veneto_Padova = Province of Padua
Italy_Veneto_Rovigo = Province of Rovigo
Italy_Veneto_Treviso = Province of Treviso
Italy_Veneto_Venezia = Province of Venice
Italy_Veneto_Verona = Province of Verona
Italy_Veneto_Vicenza = Province of Vicenza
Jamaica = Jamaica
Japan = Japan
Japan_Chubu Region = Chūbu Region
Japan_Chubu Region_Aichi = Aichi Prefecture
Japan_Chubu Region_Aichi_Nagoya = Aichi — Nagoya
Japan_Chubu Region_Aichi_Toyohashi = Aichi — Toyohashi
Japan_Chubu Region_Fukui = Fukui Prefecture
Japan_Chubu Region_Gifu = Gifu Prefecture
Japan_Chubu Region_Ishikawa = Ishikawa Prefecture
Japan_Chubu Region_Nagano = Nagano Prefecture
Japan_Chubu Region_Niigata = Niigata Prefecture
Japan_Chubu Region_Shizuoka = Shizuoka Prefecture
Japan_Chubu Region_Toyama = Toyama Prefecture
Japan_Chubu Region_Yamanashi = Yamanashi Prefecture
Japan_Chugoku Region = Chūgoku Region
Japan_Chugoku Region_Hiroshima = Hiroshima Prefecture
Japan_Chugoku Region_Okayama = Okayama Prefecture
Japan_Chugoku Region_Shimane = Shimane Prefecture
Japan_Chugoku Region_Tottori = Tottori Prefecture
Japan_Chugoku Region_Yamaguchi = Yamaguchi Prefecture
Japan_Hokkaido Region = Hokkaidō
Japan_Hokkaido Region_East = Hokkaidō — East
Japan_Hokkaido Region_North = Hokkaidō — North
Japan_Hokkaido Region_Sapporo = Sapporo
Japan_Hokkaido Region_West = Hokkaidō — West
Japan_Kanto = Kantō Region
Japan_Kanto_Chiba = Chiba Prefecture
Japan_Kanto_Gunma = Gunma Prefecture
Japan_Kanto_Ibaraki = Ibaraki Prefecture
Japan_Kanto_Kanagawa = Kanagawa Prefecture
Japan_Kanto_Saitama = Saitama Prefecture
Japan_Kanto_Tochigi = Tochigi Prefecture
Japan_Kanto_Tokyo = Tokyo Prefecture
Japan_Kinki Region = Kansai Region
Japan_Kinki Region_Mie = Mie Prefecture
Japan_Kinki Region_Nara = Nara Prefecture
Japan_Kinki Region_Osaka = Ōsaka Prefecture
Japan_Kinki Region_Osaka_Osaka = Ōsaka
Japan_Kinki Region_Osaka_West = Ōsaka — West
Japan_Kinki Region_Wakayama = Wakayama Prefecture
Japan_Kyushu Region = Kyushu
Japan_Kyushu Region_Fukuoka = Fukuoka Prefecture
Japan_Kyushu Region_Kagoshima = Kagoshima Prefecture
Japan_Kyushu Region_Kumamoto = Kumamoto Prefecture
Japan_Kyushu Region_Miyazaki = Miyazaki Prefecture
Japan_Kyushu Region_Nagasaki = Nagasaki Prefecture
Japan_Kyushu Region_Oita = Ōita Prefecture
Japan_Kyushu Region_Okinawa = Okinawa Prefecture
Japan_Kyushu Region_Saga = Saga Prefecture
Japan_Shikoku Region = Shikoku
Japan_Shikoku Region_Ehime = Ehime Prefecture
Japan_Shikoku Region_Kagawa = Kagawa Prefecture
Japan_Shikoku Region_Kochi = Kōchi Prefecture
Japan_Shikoku Region_Kyoto = Kyōto Prefecture
Japan_Shikoku Region_Tokushima = Tokushima Prefecture
Japan_Tohoku = Tōhoku Region
Japan_Tohoku_Akita = Akita Prefecture
Japan_Tohoku_Aomori = Aomori Prefecture
Japan_Tohoku_Fukushima = Fukushima Prefecture
Japan_Tohoku_Iwate = Iwate Prefecture
Japan_Tohoku_Miyagi = Miyagi Prefecture
Japan_Tohoku_Yamagata = Yamagata Prefecture
Jersey = Jersey
Jerusalem = Jerusalem
Jordan = Jordan
Kansas = Kansas
Kazakhstan = Kazakhstan
Kazakhstan_North = Kazakhstan — North
Kazakhstan_South = Kazakhstan — South
Kentucky = Kentucky
Kenya = Kenya
Kingdom of Lesotho = Lesotho
Kiribati = Kiribati
Kuwait = Kuwait
Kyrgyzstan = Kyrgyzstan
Laos = Laos
Latvia = Latvia
Lebanon = Lebanon
Liberia = Liberia
Libya = Libya
Liechtenstein = Liechtenstein
Lithuania = Lithuania
Lithuania_East = Lithuania — East
Lithuania_West = Lithuania — West
Louisiana = Louisiana
Luxembourg = Luxembourg
Macedonia = Macedonia
Madagascar = Madagascar
Malawi = Malawi
Malaysia = Malaysia
Maldives = Maldives
Mali = Mali
Malta = Malta
Marshall Islands = Marshall Islands
Martinique = Martinique
Maryland = Maryland
Massachusetts = Massachusetts
Mauritania = Mauritania
Mauritius = Mauritius
Mexico = Mexico
Mexico_California = Baja California
Mexico_Central_East = Nuevo León
Mexico_Central_West = Nayarit
Mexico_Chihuahua = Chihuahua
Mexico_East = Mexico — East
Mexico_Mexico = Mexico City
Mexico_North = Mexico — North
Mexico_Sonora = Sonora
Mexico_South = Mexico — South
Michigan = Michigan
Minnesota = Minnesota
Missouri = Missouri
Moldova = Moldova
Monaco = Monaco
Mongolia = Mongolia
Montenegro = Montenegro
Montserrat = Montserrat
Morocco = Morocco
Morocco_Doukkala-Abda = Doukkala-Abda
Morocco_Rabat-Sale-Zemmour-Zaer = Rabat-Salé-Zemmour-Zaer
Morocco_Southern = Morocco — South
Morocco_Western Sahara = Western Sahara
Mozambique = Mozambique
Myanmar = Myanmar
Nagorno-Karabakh = Nagorno-Karabakh
Namibia = Namibia
Nauru = Nauru
Nepal = Nepal
Nepal_East = Nepal — East
Nepal_Kathmandu = Kathmandu
Nepal_Madhyamanchal = Central Region
Nepal_Purwanchal = Eastern Region
Nepal_West = Nepal — West
Netherlands = Netherlands
Netherlands_Drenthe = Drenthe
Netherlands_Flevoland = Flevoland
Netherlands_Friesland = Friesland
Netherlands_Gelderland_Nijmegen = Gelderland — Nijmegen
Netherlands_Gelderland_North = Gelderland — Apeldoorn
Netherlands_Gelderland_Zutphen = Gelderland — Zutphen
Netherlands_Groningen = Groningen
Netherlands_Limburg = Limburg
Netherlands_North Brabant_Eindhoven = North Brabant — Eindhoven
Netherlands_North Brabant_Roosendaal = North Brabant — Roosendaal
Netherlands_North Brabant_Tiburg = North Brabant — Tilburg
Netherlands_North Brabant_Uden = North Brabant — Uden
Netherlands_North Holland_Alkmaar = North Holland — Alkmaar
Netherlands_North Holland_Amsterdam = North Holland — Amsterdam
Netherlands_North Holland_Zaandam = North Holland — Zaanstad
Netherlands_Overijssel_Enschede = Overijssel — Enschede
Netherlands_Overijssel_Zwolle = Overijssel — Zwolle
Netherlands_South Holland_Brielle = South Holland — Brielle
Netherlands_South Holland_Den Haag = South Holland — The Hague
Netherlands_South Holland_Leiden = South Holland — Leiden
Netherlands_South Holland_Rotterdam = South Holland — Rotterdam
Netherlands_Utrecht_Amersfoort = Utrecht — Amersfoort
Netherlands_Utrecht_Utrecht = Utrecht — Utrecht
Netherlands_Zeeland = Zeeland
New Jersey = New Jersey
New York = New York
New Zealand = New Zealand
New Zealand North_Auckland = North — Auckland
New Zealand North_Wellington = North — Wellington
New Zealand South_Canterbury = South — Canterbury Region
New Zealand South_Southland = South — Southland Region
Nicaragua = Nicaragua
Niger = Niger
Nigeria = Nigeria
Nigeria_North = Nigeria — North
Nigeria_South = Nigeria — South
Niue = Niue
North Carolina = North Carolina
North Dakota = North Dakota
North Korea = North Korea
Norway = Norway
Norway_Bouvet Island = Bouvet Island
Norway_Central = Oslo
Norway_Hedmark = Hedmark
Norway_Hordaland = Hordaland
Norway_Jan Mayen = Jan Mayen
Norway_Nordland = Nordland
Norway_North Trondelag = Northern Trøndelag
Norway_Northern = Northern Norway
Norway_Oppland = Oppland
Norway_Rogaland = Rogaland
Norway_South Trondelag = Southern Trøndelag
Norway_Southern = Southern Norway
Norway_Svalbard = Svalbard
Norway_Trondelag = Trøndelag
Norway_Western = Western Norway
Ohio = Ohio
Oklahoma = Oklahoma
Oman = Oman
Oregon = Oregon
Pakistan = Pakistan
Palau = Palau
Palestine = Palestine
Palestine Region = Palestine
Panama = Panama
Papua New Guinea = Papua New Guinea
Paraguay = Paraguay
Pennsylvania = Pennsylvania
People's Republic of China = People's Republic of China
Peru = Peru
Peru_Lima = Lima
Peru_North = Peru — North
Peru_South = Peru — South
Philippines = Philippines
Philippines_Luzon_Manila = Metro Manila
Philippines_Luzon_North = Luzon — North
Philippines_Luzon_South = Luzon — South
Philippines_Mindanao = Mindanao
Philippines_Visayas = Visayas
Pitcairn Islands = Pitcairn
Poland = Poland
Poland_Greater Poland Voivodeship = Greater Poland Voivodeship
Poland_Kuyavian-Pomeranian Voivodeship = Kuyavian-Pomeranian Voivodeship
Poland_Lesser Poland Voivodeship = Lesser Poland Voivodeship
Poland_Lodz Voivodeship = Łódź Voivodeship
Poland_Lower Silesian Voivodeship = Lower Silesian Voivodeship
Poland_Lublin Voivodeship = Lublin Voivodeship
Poland_Lubusz Voivodeship = Lubusz Voivodeship
Poland_Masovian Voivodeship = Masovian Voivodeship
Poland_Opole Voivodeship = Opole Voivodeship
Poland_Podlaskie Voivodeship = Podlaskie Voivodeship
Poland_Pomeranian Voivodeship = Pomeranian Voivodeship
Poland_Silesian Voivodeship = Silesian Voivodeship
Poland_Subcarpathian Voivodeship = Podkarpackie Voivodeship
Poland_Swietokrzyskie Voivodeship = Świętokrzyskie Voivodeship
Poland_Warmian-Masurian Voivodeship = Warmian-Masurian Voivodeship
Poland_West Pomeranian Voivodeship = West Pomeranian Voivodeship
Portugal = Portugal
Portugal_Islands = Islands of Portugal
Portugal_North = Portugal — North
Portugal_Porto = Porto
Portugal_South = Portugal — South
Portugal_Viseu = Viseu
Qatar = Qatar
Republic of Kosovo = Kosovo
Romania = Romania
Romania_Centre = Centru
Romania_North_East = Nord-Est
Romania_North_West = Nord-Vest
Romania_South = Sud
Romania_South_East = Sud-Est
Romania_South_West = Sud-Vest
Romania_West = Vest
Russia_Altai Krai = Altai Krai
Russia_Altai Republic = Altai Republic
Russia_Amur Oblast = Amur Oblast
Russia_Arkhangelsk Oblast_Central = Arkhangelsk Oblast — Centre
Russia_Arkhangelsk Oblast_North = Arkhangelsk Oblast — North
Russia_Astrakhan Oblast = Astrakhan Oblast
Russia_Bashkortostan = Republic of Bashkortostan
Russia_Belgorod Oblast = Belgorod Oblast
Russia_Bryansk Oblast = Bryansk Oblast
Russia_Buryatia = Buryat Republic
Russia_Chechen Republic = Chechen Republic
Russia_Chelyabinsk Oblast = Chelyabinsk Oblast
Russia_Chukotka Autonomous Okrug = Chukotka Autonomous Okrug
Russia_Chuvashia = Chuvash Republic
Russia_Ingushetia = Republic of Ingushetia
Russia_Irkutsk Oblast = Irkutsk Oblast
Russia_Ivanovo Oblast = Ivanovo Oblast
Russia_Jewish Autonomous Oblast = Jewish Autonomous Oblast
Russia_Kabardino-Balkaria = Kabardino-Balkar Republic
Russia_Kaliningrad Oblast = Kaliningrad Oblast
Russia_Kaluga Oblast = Kaluga Oblast
Russia_Kamchatka Krai = Kamchatka Krai
Russia_Karachay-Cherkessia = Karachay-Cherkess Republic
Russia_Kemerov Oblast = Kemerovo Oblast
Russia_Khabarovsk Krai = Khabarovsk Krai
Russia_Khakassia = Republic of Khakassia
Russia_Kirov Oblast = Kirov Oblast
Russia_Komi Republic = Komi Republic
Russia_Kostroma Oblast = Kostroma Oblast
Russia_Krasnodar Krai = Krasnodar Krai — North
Russia_Krasnodar Krai_Adygeya = Krasnodar Krai, Republic of Adygea
Russia_Krasnoyarsk Krai = Krasnoyarsk Krai
Russia_Krasnoyarsk Krai_North = Krasnoyarsk Krai — North
Russia_Krasnoyarsk Krai_South = Krasnoyarsk Krai — South
Russia_Kurgan Oblast = Kurgan Oblast
Russia_Kursk Oblast = Kursk Oblast
Russia_Leningradskaya Oblast_Karelsky = Leningrad Oblast — North
Russia_Leningradskaya Oblast_Southeast = Leningrad Oblast — South
Russia_Lipetsk Oblast = Lipetsk Oblast
Russia_Magadan Oblast = Magadan Oblast
Russia_Mari El = Mari El Republic
Russia_Moscow = Moscow
Russia_Moscow Oblast = Moscow Oblast
Russia_Moscow Oblast_East = Moscow Oblast — East
Russia_Moscow Oblast_West = Moscow Oblast — West
Russia_Murmansk Oblast = Murmansk Oblast
Russia_Nenets Autonomous Okrug = Nenets Autonomous Okrug
Russia_Nizhny Novgorod Oblast = Nizhny Novgorod Oblast
Russia_North Ossetia-Alania = Republic of North Ossetia-Alania
Russia_Novgorod Oblast = Novgorod Oblast
Russia_Novosibirsk Oblast = Novosibirsk Oblast
Russia_Omsk Oblast = Omsk Oblast
Russia_Orenburg Oblast = Orenburg Oblast
Russia_Oryol Oblast = Oryol Oblast
Russia_Penza Oblast = Penza Oblast
Russia_Perm Krai = Perm Krai
Russia_Perm Krai_North = Perm Krai — North
Russia_Perm Krai_South = Perm Krai — South
Russia_Primorsky Krai = Primorsky Krai
Russia_Pskov Oblast = Pskov Oblast
Russia_Republic of Dagestan = Republic of Dagestan
Russia_Republic of Kalmykia = Republic of Kalmykia
Russia_Republic of Karelia = Republic of Karelia
Russia_Republic of Karelia_North = Republic of Karelia — North
Russia_Republic of Karelia_South = Republic of Karelia — South
Russia_Republic of Mordovia = Republic of Mordovia
Russia_Rostov Oblast = Rostov Oblast
Russia_Ryazan Oblast = Ryazan Oblast
Russia_Saint Petersburg = Saint Petersburg
Russia_Sakha Republic = Sakha Republic
Russia_Sakhalin Oblast = Sakhalin Oblast
Russia_Samara Oblast = Samara Oblast
Russia_Saratov Oblast = Saratov Oblast
Russia_Smolensk Oblast = Smolensk Oblast
Russia_Stavropol Krai = Stavropol Krai
Russia_Sverdlovsk Oblast = Sverdlovsk Oblast
Russia_Sverdlovsk Oblast_Ekaterinburg = Sverdlovsk Oblast — Yekaterinburg
Russia_Sverdlovsk Oblast_North = Sverdlovsk Oblast — North
Russia_Tambov Oblast = Tambov Oblast
Russia_Tatarstan = Republic of Tatarstan
Russia_Tomsk Oblast = Tomsk Oblast
Russia_Tula Oblast = Tula Oblast
Russia_Tuva = Tuva Republic
Russia_Tver Oblast = Tver Oblast
Russia_Tyumen Oblast = Tyumen Oblast
Russia_Udmurt Republic = Udmurt Republic
Russia_Ulyanovsk Oblast = Ulyanovsk Oblast
Russia_Vladimir Oblast = Vladimir Oblast
Russia_Volgograd Oblast = Volgograd Oblast
Russia_Vologda Oblast = Vologda Oblast
Russia_Voronezh Oblast = Voronezh Oblast
Russia_Yamalo-Nenets Autonomous Okrug = Yamalo-Nenets Autonomous Okrug
Russia_Yaroslavl Oblast = Yaroslavl Oblast
Russia_Yugra = Khanty-Mansi Autonomous Okrug
Russia_Yugra_Khanty = Yugra — Khanty-Mansiysk
Russia_Yugra_Surgut = Yugra — Surgut
Russia_Zabaykalsky Krai = Zabaykalsky Krai
Russian Federation = Russia
Rwanda = Rwanda
Sahrawi Arab Democratic Republic = Sahrawi Arab Democratic Republic
Saint Barthelemy = Saint-Barthélemy
Saint Helena Ascension and Tristan da Cunha = Saint Helena, Ascension and Tristan da Cunha
Saint Kitts and Nevis = Saint Kitts and Nevis
Saint Lucia = Saint Lucia
Saint Martin = Saint Martin
Saint Vincent and the Grenadines = Saint Vincent and the Grenadines
Samoa = Samoa
San Marino = San Marino
Sao Tome and Principe = Sao Tomé and Príncipe
Saudi Arabia = Saudi Arabia
Saudi Arabia_North = Saudi Arabia — North
Saudi Arabia_South = Saudi Arabia — South
Senegal = Senegal
Serbia = Serbia
Seychelles = Seychelles
Sierra Leone = Sierra Leone
Singapore = Singapore
Slovakia = Slovakia
Slovakia_Region of Banska Bystrica = Banská Bystrica Region
Slovakia_Region of Bratislava = Bratislava Region
Slovakia_Region of Kosice = Košice Region
Slovakia_Region of Nitra = Nitra Region
Slovakia_Region of Presov = Prešov Region
Slovakia_Region of Trencin = Trenčín Region
Slovakia_Region of Trnava = Trnava Region
Slovakia_Region of Zilina = Žilina Region
Slovenia = Slovenia
Slovenia_East = Slovenia — East
Slovenia_West = Slovenia — West
Solomon Islands = Solomon Islands
Somalia = Somalia
South Africa = South Africa
South Africa_Eastern Cape = Eastern Cape
South Africa_Free State = Free State
South Africa_Gauteng = Gauteng
South Africa_KwaZulu-Natal = KwaZulu-Natal
South Africa_Limpopo = Limpopo
South Africa_Mpumalanga = Mpumalanga
South Africa_North West = North West
South Africa_Northern Cape = Northern Cape
South Africa_Western Cape = Western Cape
South Carolina = South Carolina
South Georgia and the South Sandwich Islands = South Georgia and the South Sandwich Islands
South Korea = South Korea
South Korea_North = South Korea — North
South Korea_South = South Korea — South
South Ossetia = South Ossetia
South Sudan = South Sudan
Spain = Spain
Spain_Andalusia = Andalusia
Spain_Andalusia_Granada = Andalusia — Granada
Spain_Andalusia_Sevilla = Andalusia — Seville
Spain_Aragon = Aragon
Spain_Balearic Islands = Balearic Islands
Spain_Basque Country = Basque Country
Spain_Canary Islands = Canary Islands
Spain_Cantabria = Cantabria
Spain_Castile and Leon = Castile and León
Spain_Castile and Leon_East = Castile and León — East
Spain_Castile and Leon_West = Castile and León — West
Spain_Castile-La Mancha = Castile-La Mancha
Spain_Catalonia_Provincia de Barcelona = Barcelona Province
Spain_Catalonia_Provincia de Girona = Girona Province
Spain_Catalonia_Provincia de Lleida = Lleida Province
Spain_Catalonia_Provincia de Tarragona = Tarragona Province
Spain_Ceuta = Ceuta
Spain_Community of Madrid = Community of Madrid
Spain_Comunidad Foral de Navarra = Navarre
Spain_Extremadura = Extremadura
Spain_Galicia = Galicia
Spain_Galicia_North = Galicia — North
Spain_Galicia_South = Galicia — South
Spain_La Rioja = La Rioja
Spain_Melilla = Melilla
Spain_Principado de Asturias = Asturias
Spain_Region de Murcia = Region of Murcia
Spain_Valencian Community = Valencian Country
Sri Lanka = Sri Lanka
Sudan = Sudan
Sudan_East = Sudan — East
Sudan_West = Sudan — West
Suriname = Suriname
Swaziland = Swaziland
Sweden = Sweden
Sweden_Bergslagen = Bergslagen
Sweden_Malardalen = Capital Region
Sweden_Mellannorrland = Mellannorrland
Sweden_Norra Sverige = Northern Sweden
Sweden_Ostra Gotaland = Eastern Götaland
Sweden_Sodra Gotaland = Southern Götaland
Sweden_Stockholm = Stockholm
Sweden_Vastra Gotaland = Western Götaland
Switzerland = Switzerland
Switzerland_Central = Central Switzerland
Switzerland_Eastern = Eastern Switzerland
Switzerland_Espace Mittelland = Espace Mittelland
Switzerland_Espace Mittelland_Bern = Espace Mittelland — Bern
Switzerland_Espace Mittelland_East = Espace Mittelland — East
Switzerland_Lake Geneva region = Lake Geneva Region
Switzerland_Northwestern = Northwestern Switzerland
Switzerland_Ticino = Ticino
Switzerland_Zurich = Zurich
Syria = Syria
Taiwan = Taiwan
Taiwan_North = Taiwan — North
Taiwan_South = Taiwan — South
Tajikistan = Tajikistan
Tanzania = Tanzania
Tennessee = Tennessee
Texas = Texas
Thailand = Thailand
Thailand_Central = Thailand — Centre
Thailand_North = Thailand — North
Thailand_South = Thailand — South
The Bahamas = The Bahamas
The Gambia = Gambia
Togo = Togo
Tokelau = Tokelau
Tonga = Tonga
Trinidad and Tobago = Trinidad and Tobago
Tunisia = Tunisia
Turkey = Turkey
Turkey_Aegean Region = Aegean Region
Turkey_Black Sea Region = Black Sea Region
Turkey_Central Anatolia Region_Ankara = Central Anatolia — Ankara
Turkey_Central Anatolia Region_Kayseri = Central Anatolia — Kayseri
Turkey_Eastern Anatolia Region = Eastern Anatolia Region
Turkey_Marmara Region = Marmara Region
Turkey_Marmara Region_Bursa = Marmara Region — Bursa
Turkey_Marmara Region_Istanbul = Marmara Region — Istanbul
Turkey_Mediterranean Region = Mediterranean Region
Turkey_Southeastern Anatolia Region = Southeastern Anatolia Region
Turkmenistan = Turkmenistan
Turks and Caicos Islands = Turks and Caicos Islands
Tuvalu = Tuvalu
UK_England_East Midlands = East Midlands
UK_England_East of England_Essex = East of England — Essex
UK_England_East of England_Norfolk = East of England — Norfolk
UK_England_Greater London = Greater London
UK_England_North East England = North East England
UK_England_North West England = North West England
UK_England_North West England_Lancaster = North West England — Lancaster
UK_England_North West England_Manchester = North West England — Manchester
UK_England_South East_Brighton = South East England — Brighton
UK_England_South East_Oxford = South East England — Oxford
UK_England_South West England_Bristol = South West England — Bristol
UK_England_South West England_Cornwall = South West England — Cornwall
UK_England_West Midlands = West Midlands
UK_England_Yorkshire and the Humber = Yorkshire and the Humber
UK_Northern Ireland = Northern Ireland
UK_Scotland_North = Scotland — North
UK_Scotland_South = Scotland — South
UK_Wales = Wales
US_Alabama_Birmingham = Birmingham
US_Alabama_Montgomery = Montgomery
US_Alaska = Alaska
US_Arizona_Flagstaff = Flagstaff
US_Arizona_Phoenix = Phoenix
US_Arizona_Tucson = Tucson
US_Arkansas = Arkansas
US_Arkansas_North = Arkansas — North
US_Arkansas_South = Arkansas — South
US_California_Bakersfield_Bakersfield = Bakersfield
US_California_Bakersfield_Lancaster = Lancaster
US_California_Chico = Chico
US_California_LA = Los Angeles
US_California_LA North = Los Angeles — North
US_California_Redding = Redding
US_California_Sacramento_Fresno = Fresno
US_California_Sacramento_Sacramento = Sacramento
US_California_Sacramento_Stockton = Stockton
US_California_San Diego = San Diego
US_California_Santa_Clara_Palo Alto = San Francisco
US_California_Santa_Clara_Santa Cruz = Santa Cruz
US_Colorado_Aspen = Aspen
US_Colorado_Denver = Denver
US_Colorado_South = Colorado — South
US_Connecticut = Connecticut
US_Delaware = Delaware
US_Florida_Gainesvile = Gainesville
US_Florida_Gainesville = Gainesville
US_Florida_Jacksonville = Jacksonville
US_Florida_Miami = Miami
US_Florida_Orlando = Orlando
US_Florida_Tampa = Tampa
US_Georgia = Georgia
US_Georgia_Atlanta = Atlanta
US_Georgia_Macon = Macon
US_Georgia_North = Georgia — North
US_Georgia_South = Georgia — South
US_Guam = Guam
US_Hawaii = Hawaii
US_Idaho = Idaho
US_Idaho_North = Idaho — North
US_Idaho_South = Idaho — South
US_Illinois_Chickago = Chicago
US_Illinois_Elgin = Elgin
US_Illinois_Rockford = Rockford
US_Illinois_South = Illinois — South
US_Illinois_Springfield = Springfield
US_Indiana_Evansville = Evansville
US_Indiana_Indianapolis = Indianapolis
US_Indiana_North = Indiana — North
US_Indiana_South = Indiana — South
US_Iowa_Des Moines = Des Moines
US_Iowa_Waterloo = Waterloo
US_Iowa_West = Iowa — West
US_Kansas_East = Kansas — East
US_Kansas_West = Kansas — West
US_Kansas_Wichita = Wichita
US_Kentucky_East = Kentucky — East
US_Kentucky_Louisville = Louisville
US_Kentucky_West = Kentucky — West
US_Louisiana_Central = Louisiana — West
US_Louisiana_New Orleans = New Orleans
US_Maine = Maine
US_Maryland_Baltimore = Baltimore
US_Maryland_and_DC = West, Washington, D.C.
US_Massachusetts_Boston = Boston
US_Massachusetts_Central = Worcester
US_Massachusetts_Plymouth = Plymouth
US_Massachusetts_Southeastern = Barnstable
US_Massachusetts_West = Springfield
US_Michigan_Detroit = Detroit
US_Michigan_Grand Rapids = Grand Rapids
US_Michigan_Lansing = Lansing
US_Michigan_North = Michigan — North
US_Michigan_South = Michigan — South
US_Minnesota_Minneapolis = Minneapolis
US_Minnesota_North = Minnesota — North
US_Minnesota_Rochester = Rochester
US_Minnesota_Saint Cloud = St. Cloud
US_Mississippi = Mississippi
US_Mississippi_Gulfport = Gulfport
US_Mississippi_North = Mississippi — North
US_Missouri_East = Missouri — East
US_Missouri_Kansas = Kansas City
US_Missouri_Springfield = Springfield
US_Missouri_St Louis = St. Louis
US_Missouri_West = Missouri — West
US_Montana = Montana
US_Montana_East = Montana — East
US_Montana_West = Montana — West
US_Nebraska = Nebraska
US_Nebraska_East = Nebraska — East
US_Nebraska_West = Nebraska — West
US_Nevada = Nevada
US_New Hampshire = New Hampshire
US_New Jersey_North = New Jersey — North
US_New Jersey_South = New Jersey — South
US_New Mexico = New Mexico
US_New Mexico_Albuquerque = Albuquerque
US_New Mexico_Roswell = Roswell
US_New York_East = New York — East
US_New York_New York = New York — New York City
US_New York_North = New York — North
US_New York_West = New York — West
US_North Carolina_Asheville = Asheville
US_North Carolina_Charlotte = Charlotte
US_North Carolina_Greensboro = Greensboro
US_North Carolina_Raleigh = Raleigh
US_North Carolina_Wilmington = Wilmington
US_North Carolina_Wilson = Wilson
US_North Dakota_Bismarck = Bismarck
US_North Dakota_East = Fargo
US_North Dakota_Minot = Minot
US_Ohio_Cincinnati = Cincinnati
US_Ohio_Cleveland = Cleveland
US_Ohio_Columbus = Columbus
US_Ohio_Dayton = Dayton
US_Ohio_Toledo = Toledo
US_Oklahoma_East = Oklahoma — East
US_Oklahoma_Oklahoma = Oklahoma City
US_Oklahoma_Tulsa = Tulsa
US_Oklahoma_West = Oklahoma — West
US_Oregon_Eugene = Eugene
US_Oregon_Portland = Portland
US_Oregon_West = Oregon — West
US_Pennsylvania_Central = Altoona
US_Pennsylvania_Pittsburgh = Pittsburgh
US_Pennsylvania_Reading = Reading
US_Pennsylvania_Scranton = Scranton
US_Puerto Rico = Puerto Rico
US_Rhode Island = Rhode Island
US_South Carolina_Charleston = Charleston
US_South Carolina_Columbia = Columbia
US_South Carolina_Florence = Florence
US_South Dakota = South Dakota
US_Tennessee_East = Tennessee — East
US_Tennessee_West = Tennessee — West
US_Texas_Amarillo = Amarillo
US_Texas_Austin = Austin
US_Texas_Dallas = Dallas
US_Texas_Houston = Houston
US_Texas_Lubbock = Lubbock
US_Texas_Northwest = Amarillo
US_Texas_San Antonio = San Antonio
US_Texas_Southwest = Laredo
US_Texas_Tyler = Tyler
US_Texas_Victoria = Victoria
US_Texas_Wako = Waco
US_Texas_West = Odessa
US_United States Minor Outlying Islands = US Minor Outlying Islands
US_Utah = Utah
US_Utah_North = Utah — North
US_Utah_South = Utah — South
US_Vermont = Vermont
US_Virginia_Alexandria = Alexandria
US_Virginia_Chesapeake = Chesapeake
US_Virginia_Lynchburg = Lynchburg
US_Virginia_Norfolk = Norfolk
US_Virginia_Richmond = Richmond
US_Virginia_Roanoke = Roanoke
US_Washington_Coast = Tacoma
US_Washington_Seattle = Seattle
US_Washington_Yakima = Yakima
US_West Virginia = West Virginia
US_Wisconsin_Eau Claire = Eau Claire
US_Wisconsin_Madison = Madison
US_Wisconsin_Milwaukee = Milwaukee
US_Wisconsin_North = Eau Claire
US_Wyoming = Wyoming
Uganda = Uganda
Ukraine = Ukraine
Ukraine_Cherkasy Oblast = Cherkasy Oblast
Ukraine_Chernihiv Oblast = Chernihiv Oblast
Ukraine_Chernivtsi Oblast = Chernivtsi Oblast
Ukraine_Dnipropetrovsk Oblast = Dnipropetrovsk Oblast
Ukraine_Donetsk Oblast = Donetsk Oblast
Ukraine_Ivano-Frankivsk Oblast = Ivano-Frankivsk Oblast
Ukraine_Kharkiv Oblast = Kharkiv Oblast
Ukraine_Kherson Oblast = Kherson Oblast
Ukraine_Khmelnytskyi Oblast = Khmelnytsky Oblast
Ukraine_Kirovohrad Oblast = Kirovohrad Oblast
Ukraine_Kyiv Oblast = Kiev Oblast
Ukraine_Luhansk Oblast = Luhansk Oblast
Ukraine_Lviv Oblast = Lviv Oblast
Ukraine_Mykolaiv Oblast = Mykolaiv Oblast
Ukraine_Odessa Oblast = Odessa Oblast
Ukraine_Poltava Oblast = Poltava Oblast
Ukraine_Rivne Oblast = Rivne Oblast
Ukraine_Sumy Oblast = Sumy Oblast
Ukraine_Ternopil Oblast = Ternopil Oblast
Ukraine_Vinnytsia Oblast = Vinnytsia Oblast
Ukraine_Volyn Oblast = Volyn Oblast
Ukraine_Zakarpattia Oblast = Zakarpattia Oblast
Ukraine_Zaporizhia Oblast = Zaporizhzhya Oblast
Ukraine_Zhytomyr Oblast = Zhytomyr Oblast
United Arab Emirates = United Arab Emirates
United Kingdom = United Kingdom
United States Virgin Islands = United States Virgin Islands
United States of America = United States of America
Uruguay = Uruguay
Uzbekistan = Uzbekistan
Vanuatu = Vanuatu
Venezuela = Venezuela
Venezuela_North = Venezuela — North
Venezuela_South = Venezuela — South
Vietnam = Vietnam
Virginia = Virginia
Wallis and Futuna = Wallis and Futuna
Washington = Washington
Willis Island = Willis Island
Wisconsin = Wisconsin
Yemen = Yemen
Zambia = Zambia
Zimbabwe = Zimbabwe
