Kyrgyzstan	Kyrgyzstan
Laos	Laos
Latvia	Latvia
Lebanon	Lebanon
Mexico	Mexico_Central_East
Mexico	Mexico_East
Mexico	Mexico_South
Mexico	Mexico_Chihuahua
Mexico	Mexico_Sonora
Mexico	Mexico_Mexico
Mexico	Mexico_California
Mexico	Mexico_Central_West
Japan_Chugoku	Japan_Chugoku Region_Shimane
Japan_Chugoku	Japan_Chugoku Region_Okayama
Japan_Chugoku	Japan_Chugoku Region_Tottori
Japan_Chugoku	Japan_Chugoku Region_Yamaguchi
Japan_Chugoku	Japan_Chugoku Region_Hiroshima
Ethiopia	Ethiopia
Reunion	France_Southern Islands
Romania	Romania_North_West
Romania	Romania_North_East
Romania	Romania_South_East
Romania	Romania_South
Romania	Romania_Centre
Romania	Romania_South_West
Romania	Romania_West
Russia_Central	Russia_Ivanovo Oblast
Russia_Central	Russia_Smolensk Oblast
Russia_Central	Russia_Yaroslavl Oblast
Russia_Central	Russia_Kostroma Oblast
Russia_Central	Russia_Moscow Oblast_West
Russia_Central	Russia_Moscow Oblast_East
Russia_Central	Russia_Tver Oblast
Russia_Central	Russia_Vladimir Oblast
Russia_Central	Russia_Oryol Oblast
Russia_Central	Russia_Voronezh Oblast
Russia_Central	Russia_Bryansk Oblast
Russia_Central	Russia_Kursk Oblast
Russia_Central	Russia_Lipetsk Oblast
Russia_Central	Russia_Tula Oblast
Russia_Central	Russia_Belgorod Oblast
Russia_Central	Russia_Tambov Oblast
Russia_Central	Russia_Kaluga Oblast
Russia_Central	Russia_Ryazan Oblast
Russia_Central	Russia_Moscow
Mongolia	Mongolia
Montenegro	Montenegro
Samoa	Samoa
Morocco	Morocco_Western Sahara
Morocco	Morocco_Southern
Morocco	Morocco_Doukkala-Abda
Morocco	Spain_Melilla
Morocco	Morocco_Rabat-Sale-Zemmour-Zaer
Mozambique	Mozambique
Namibia	Namibia
Philippines	Philippines_Visayas
Philippines	Philippines_Luzon_Manila
Philippines	Philippines_Mindanao
Philippines	Philippines_Luzon_South
Philippines	Philippines_Luzon_North
Portugal	Portugal_Islands
Portugal	Portugal_South
Portugal	Portugal_Porto
Portugal	Portugal_Viseu
USA_Florida	US_Florida_Tampa
USA_Florida	US_Florida_Miami
USA_Florida	US_Florida_Jacksonville
USA_Florida	US_Florida_Orlando
USA_Florida	US_Florida_Gainesville
USA_Georgia	US_Georgia_North
USA_Georgia	US_Georgia_Atlanta
USA_Georgia	US_Georgia_South
USA_Georgia	US_Georgia_Macon
Uruguay	Uruguay
USA_Connecticut	US_Connecticut
USA_Delaware	US_Delaware
Falkland Islands	Falkland Islands
Croatia	Croatia_West
Croatia	Croatia_Central
Uzbekistan	Uzbekistan
Vanuatu	Vanuatu
France_Bourgogne	France_Burgundy_Cote-dOr
France_Bourgogne	France_Burgundy_Yonne
France_Bourgogne	France_Burgundy_Nievre
France_Bourgogne	France_Burgundy_Saone-et-Loire
France_Champagne-Ardenne	France_Champagne-Ardenne
France_Pays de la Loire	France_Pays de la Loire_Vendee
France_Pays de la Loire	France_Pays de la Loire_Maine-et-Loire
France_Pays de la Loire	France_Pays de la Loire_Mayenne
France_Pays de la Loire	France_Pays de la Loire_Sarthe
France_Pays de la Loire	France_Pays de la Loire_Loire-Atlantique_Nantes
France_Pays de la Loire	France_Pays de la Loire_Loire-Atlantique_Saint-Nazaire
France_Picardie	France_Picardy_Somme
France_Picardie	France_Picardy_Oise
France_Picardie	France_Picardy_Aisne
France_Poitou-Charentes	France_Poitou-Charentes_Charente
France_Poitou-Charentes	France_Poitou-Charentes_Vienne
France_Poitou-Charentes	France_Poitou-Charentes_Deux-Sevres
France_Poitou-Charentes	France_Poitou-Charentes_Charente-Maritime
France_Provence-Alpes-Cote d'Azur	France_Provence-Alpes-Cote dAzur_Hautes-Alpes
France_Provence-Alpes-Cote d'Azur	France_Provence-Alpes-Cote dAzur_Alpes-de-Haute-Provence
France_Provence-Alpes-Cote d'Azur	France_Provence-Alpes-Cote dAzur_Maritime Alps
France_Provence-Alpes-Cote d'Azur	France_Provence-Alpes-Cote dAzur_Bouches-du-Rhone
France_Provence-Alpes-Cote d'Azur	France_Provence-Alpes-Cote dAzur_Vaucluse
France_Provence-Alpes-Cote d'Azur	France_Provence-Alpes-Cote dAzur_Var
France_Rhone-Alpes	France_Rhone-Alpes_Ardeche
France_Rhone-Alpes	France_Rhone-Alpes_Ain
France_Rhone-Alpes	France_Rhone-Alpes_Loire
France_Rhone-Alpes	France_Rhone-Alpes_Haute-Savoie
France_Rhone-Alpes	France_Rhone-Alpes_Rhone
France_Rhone-Alpes	France_Rhone-Alpes_Savoie
France_Rhone-Alpes	France_Rhone-Alpes_Isere
France_Rhone-Alpes	France_Rhone-Alpes_Drome
French Guiana	France_French Guiana
French Polynesia	French Polynesia
French Southern Territories	France_Southern Islands
Gabon	Gabon
Galapagos Islands	Ecuador_West
Gambia	The Gambia
Georgia	South Ossetia
Georgia	Georgia
Georgia	Abkhazia
Germany_Baden-Wurttemberg	Germany_Baden-Wurttemberg_Regierungsbezirk Stuttgart_Heilbronn
Germany_Baden-Wurttemberg	Germany_Baden-Wurttemberg_Regierungsbezirk Karlsruhe
Germany_Baden-Wurttemberg	Germany_Baden-Wurttemberg_Regierungsbezirk Freiburg
Germany_Baden-Wurttemberg	Germany_Baden-Wurttemberg_Regierungsbezirk Stuttgart_Stuttgart
Germany_Baden-Wurttemberg	Germany_Baden-Wurttemberg_Regierungsbezirk Tubingen
Germany_Bavaria	Germany_Free State of Bavaria_Upper Palatinate
Germany_Bavaria	Germany_Free State of Bavaria_Upper Franconia
Germany_Bavaria	Germany_Free State of Bavaria_Swabia
Germany_Bavaria	Germany_Free State of Bavaria_Middle Franconia
Germany_Bavaria	Germany_Free State of Bavaria_Lower Franconia
Germany_Bavaria	Germany_Free State of Bavaria_Lower Bavaria
Germany_Bavaria	Germany_Free State of Bavaria_Upper Bavaria_Ingolstadt
Germany_Bavaria	Germany_Free State of Bavaria_Upper Bavaria_Munchen
Germany_Bavaria	Germany_Free State of Bavaria_Upper Bavaria_East
Germany_Bavaria	Germany_Free State of Bavaria_Upper Bavaria_South
Germany_Berlin & Brandenburg	Germany_Brandenburg_South
Germany_Berlin & Brandenburg	Germany_Berlin
Germany_Berlin & Brandenburg	Germany_Brandenburg_North
Germany_Bremen & Lower Saxony	Germany_Lower Saxony_Bremen_Munster
Germany_Bremen & Lower Saxony	Germany_Lower Saxony_Braunschweig
Germany_Bremen & Lower Saxony	Germany_Lower Saxony_Oldenburg
Germany_Bremen & Lower Saxony	Germany_Lower Saxony_Bremen_Bremen
Germany_Bremen & Lower Saxony	Germany_Lower Saxony_Hannover
Germany_Hamburg	Germany_Lower Saxony_Bremen_Bremen
Germany_Hamburg	Germany_Hamburg_main
Germany_Hesse	Germany_Hesse_Regierungsbezirk Darmstadt
Germany_Hesse	Germany_Hesse_Regierungsbezirk Kassel
Germany_Hesse	Germany_Hesse_Regierungsbezirk Giessen
Germany_Mecklenburg-Vorpommern	Germany_Mecklenburg-Vorpommern
Germany_North Rhine-Westphalia	Germany_North Rhine-Westphalia_Regierungsbezirk Detmold
Germany_North Rhine-Westphalia	Germany_North Rhine-Westphalia_Regierungsbezirk Munster_Recklinghausen
Germany_North Rhine-Westphalia	Germany_North Rhine-Westphalia_Regierungsbezirk Arnsberg_Dortmund
Germany_North Rhine-Westphalia	Germany_North Rhine-Westphalia_Regierungsbezirk Dusseldorf_Dusseldorf
Germany_North Rhine-Westphalia	Germany_North Rhine-Westphalia_Regierungsbezirk Dusseldorf_Mulheim
Germany_North Rhine-Westphalia	Germany_North Rhine-Westphalia_Regierungsbezirk Arnsberg_Arnsberg
Germany_North Rhine-Westphalia	Germany_North Rhine-Westphalia_Regierungsbezirk Munster_Munster
Germany_North Rhine-Westphalia	Germany_North Rhine-Westphalia_Regierungsbezirk Koln_Koln
Germany_North Rhine-Westphalia	Germany_North Rhine-Westphalia_Regierungsbezirk Koln_Aachen
Germany_North Rhine-Westphalia	Germany_North Rhine-Westphalia_Regierungsbezirk Dusseldorf_Wesel
Germany_Rhineland-Palatinate	Germany_Rhineland-Palatinate_South
Germany_Rhineland-Palatinate	Germany_Rhineland-Palatinate_Koblenz
Germany_Saarland	Germany_Saarland
Germany_Saxony	Germany_Saxony_Leipzig
Germany_Saxony	Germany_Saxony_Dresden
Germany_Saxony-Anhalt	Germany_Saxony-Anhalt_Halle
Germany_Saxony-Anhalt	Germany_Saxony-Anhalt_Magdeburg
Cocos Islands	Australia_Western Australia
Puerto Rico	US_Puerto Rico
Cocos Island	Costa Rica
Czech Republic	Czech_Jihozapad_Jihocesky kraj
Czech Republic	Czech_Jihovychod_Jihomoravsky kraj
Czech Republic	Czech_Stredni Cechy_West
Czech Republic	Czech_Karlovasky kraj
Czech Republic	Czech_Severovychod_Kralovehradecky kraj
Czech Republic	Czech_Moravskoslezsko
Czech Republic	Czech_Praha
Czech Republic	Czech_Severovychod_Pardubicky kraj
Czech Republic	Czech_Olomoucky kraj
Czech Republic	Czech_Stredni Cechy_East
Czech Republic	Czech_Zlinsky Kraj
Czech Republic	Czech_Jihovychod_Kraj Vysocina
Czech Republic	Czech_Ustecky kraj
Czech Republic	Czech_Severovychod_Liberecky kraj
Czech Republic	Czech_Jihozapad_Plzensky kraj
Denmark	Denmark_North Denmark Region
Denmark	Denmark_Central Denmark Region
Denmark	Denmark_Region Zealand
Denmark	Denmark_Capital Region of Denmark
Denmark	Denmark_Region of Southern Denmark
Colombia	Colombia_North
Colombia	Colombia_West
Colombia	Colombia_East
Cook Islands	Cook Islands
Costa Rica	Costa Rica
Guadalupe Island	Mexico_California
Crimea	Crimea
Cuba	Cuba
Japan_Kanto	Japan_Kanto_Tochigi
Japan_Kanto	Japan_Kanto_Chiba
Japan_Kanto	Japan_Kanto_Kanagawa
Japan_Kanto	Japan_Kanto_Tokyo
Japan_Kanto	Japan_Kanto_Gunma
Japan_Kanto	Japan_Kanto_Ibaraki
Japan_Kanto	Japan_Kanto_Saitama
Japan_Kinki	Japan_Kinki Region_Wakayama
Japan_Kinki	Japan_Shikoku Region_Kyoto
Japan_Kinki	Japan_Kinki Region_Nara
Japan_Kinki	Japan_Kinki Region_Osaka_Osaka
Japan_Kinki	Japan_Kinki Region_Mie
Japan_Kinki	Japan_Kinki Region_Osaka_West
Japan_Kyushu	Japan_Kyushu Region_Okinawa
Japan_Kyushu	Japan_Kyushu Region_Kagoshima
Japan_Kyushu	Japan_Kyushu Region_Miyazaki
Japan_Kyushu	Japan_Kyushu Region_Oita
Japan_Kyushu	Japan_Kyushu Region_Kumamoto
Japan_Kyushu	Japan_Kyushu Region_Saga
Japan_Kyushu	Japan_Kyushu Region_Fukuoka
Japan_Kyushu	Japan_Kyushu Region_Nagasaki
Japan_Tohoku	Japan_Tohoku_Fukushima
Japan_Tohoku	Japan_Tohoku_Miyagi
Japan_Tohoku	Japan_Tohoku_Aomori
Japan_Tohoku	Japan_Tohoku_Iwate
Japan_Tohoku	Japan_Tohoku_Yamagata
Japan_Tohoku	Japan_Tohoku_Akita
Jersey	Jersey
Jordan	Jordan
Kazakhstan	Kazakhstan_South
Kazakhstan	Kazakhstan_North
Kenya	Kenya
USA_Indiana	US_Indiana_Indianapolis
USA_Indiana	US_Indiana_North
USA_Indiana	US_Indiana_Evansville
USA_Iowa	US_Iowa_Waterloo
USA_Iowa	US_Iowa_West
USA_Iowa	US_Iowa_Des Moines
USA_Kansas	US_Kansas_Wichita
USA_Kansas	US_Kansas_West
USA_Kansas	US_Kansas_East
USA_Kentucky	US_Kentucky_East
USA_Kentucky	US_Kentucky_Louisville
USA_Kentucky	US_Kentucky_West
USA_Louisiana	US_Louisiana_New Orleans
USA_Louisiana	US_Louisiana_Central
USA_Maine	US_Maine
USA_Maryland	US_Maryland_and_DC
USA_Maryland	US_Maryland_Baltimore
USA_Massachusetts	US_Massachusetts_Central
USA_Massachusetts	US_Massachusetts_Southeastern
USA_Massachusetts	US_Massachusetts_Plymouth
USA_Massachusetts	US_Massachusetts_West
USA_Massachusetts	US_Massachusetts_Boston
USA_Michigan	US_Michigan_Detroit
USA_Michigan	US_Michigan_Grand Rapids
USA_Michigan	US_Michigan_Lansing
USA_Michigan	US_Michigan_North
USA_Minnesota	US_Minnesota_Minneapolis
USA_Minnesota	US_Minnesota_North
USA_Minnesota	US_Minnesota_Rochester
USA_Minnesota	US_Minnesota_Saint Cloud
USA_Mississippi	US_Mississippi_North
USA_Mississippi	US_Mississippi_Gulfport
USA_Missouri	US_Missouri_St Louis
USA_Missouri	US_Missouri_Kansas
USA_Missouri	US_Missouri_East
USA_Missouri	US_Missouri_Springfield
USA_Montana	US_Montana_West
USA_Montana	US_Montana_East
USA_Nebraska	US_Nebraska_West
USA_Nebraska	US_Nebraska_East
USA_Nevada	US_Nevada
USA_New Hampshire	US_New Hampshire
USA_New Jersey	US_New Jersey_South
USA_New Jersey	US_New Jersey_North
USA_New Mexico	US_New Mexico_Albuquerque
USA_New Mexico	US_New Mexico_Roswell
USA_New York	US_New York_East
USA_New York	US_New York_West
USA_New York	US_New York_North
USA_New York	US_New York_New York
USA_North Carolina	US_North Carolina_Raleigh
USA_North Carolina	US_North Carolina_Asheville
USA_North Carolina	US_North Carolina_Greensboro
USA_North Carolina	US_North Carolina_Charlotte
USA_North Carolina	US_North Carolina_Wilson
USA_North Carolina	US_North Carolina_Wilmington
USA_North Dakota	US_North Dakota_East
USA_North Dakota	US_North Dakota_Bismarck
USA_North Dakota	US_North Dakota_Minot
USA_Ohio	US_Ohio_Columbus
USA_Ohio	US_Ohio_Cincinnati
USA_Ohio	US_Ohio_Cleveland
USA_Ohio	US_Ohio_Toledo
USA_Oklahoma	US_Oklahoma_East
USA_Oklahoma	US_Oklahoma_Tulsa
USA_Oklahoma	US_Oklahoma_Oklahoma
USA_Oklahoma	US_Oklahoma_West
USA_Oregon	US_Oregon_West
USA_Oregon	US_Oregon_Portland
USA_Oregon	US_Oregon_Eugene
USA_Pennsylvania	US_Pennsylvania_Central
USA_Pennsylvania	US_Pennsylvania_Scranton
USA_Pennsylvania	US_Pennsylvania_Reading
USA_Pennsylvania	US_Pennsylvania_Pittsburgh
USA_Rhode Island	US_Rhode Island
Burma	Myanmar
Guinea	Guinea
Guinea-Bissau	Guinea-Bissau
Guyana	Guyana
Iceland	Iceland
India	India_Goa
India	India_Lakshadweep
India	India_Sikkim
India	India_Tamil Nadu
India	India_Kerala
India	India_Andhra Pradesh
India	India_Delhi
India	India_Maharashtra
India	India_Uttar Pradesh
India	India_Jharkhand
India	India_Mizoram
India	India_Karnataka_North
India	India_Karnataka_South
India	India_Telangana
India	India_Haryana
India	India_Gujarat
India	India_Rajasthan
India	India_Madhya Pradesh
India	India_West Bengal
India	India_Tripura
India	India_Odisha
India	India_Bihar
India	India_Chhattisgarh
India	India_Andaman and Nicobar Islands
India	India_Uttarakhand
India	India_Assam
India	India_Meghalaya
India	India_Arunachal Pradesh
India	India_Manipur
India	India_Nagaland
India	India_Himachal Pradesh
India	India_Jammu and Kashmir
India	India_Punjab
India	India_Chandigarh
Indonesia	Indonesia_Jawa Barat
Indonesia	East Timor
Indonesia	Indonesia_West
Indonesia	Indonesia_Jawa Tengah
Indonesia	Indonesia_Central
Indonesia	Indonesia_Jawa Timur
Indonesia	Indonesia_Nusa Tenggara
Indonesia	Indonesia_East
Iran	Iran_South
Iran	Iran_East
Iran	Iran_North
Iraq	Iraq_South
Iraq	Iraq_North
Ireland	Ireland_Leinster
Ireland	Ireland_Northern Counties
Ireland	Ireland_Connacht
Ireland	Ireland_Munster
Isle of Man	Isle of Man
Israel	Jerusalem
Israel	Israel
Italy	Italy_Calabria
Italy	Italy_Abruzzo
Italy	Italy_Sardinia
Italy	Italy_Tuscany_Massa e Carrara
Italy	Italy_Basilicata
Italy	Italy_Apulia
Italy	Italy_Tuscany_Grosseto
Italy	Italy_Campania
Italy	Italy_Lombardy_Cremona
Italy	Italy_Veneto_Verona
Italy	Italy_Piemont_Vercelli
Italy	Italy_Lombardy_Monza and Brianza
Italy	Vatican City
Italy	Italy_Molise
Italy	Italy_Lazio
Italy	Italy_Piemont_Asti
Italy	Italy_Lombardy_Lecco
Italy	Italy_Lombardy_Lodi
Italy	Italy_Liguria
Italy	Italy_Emilia-Romagna_Piacenza
Italy	Italy_Emilia-Romagna_Modena
Italy	Italy_Trentino-Alto Adige Sudtirol
Italy	Italy_Friuli-Venezia Giulia_Udine
Italy	Italy_Sicily
Italy	Italy_Lombardy_Sondrio
Italy	Italy_Piemont_Alessandria
Italy	Italy_Emilia-Romagna_Reggio Emilia
Italy	Italy_Lombardy_Bergamo
Italy	Italy_Lombardy_Brescia
Italy	Italy_Lombardy_Varese
Italy	Italy_Lombardy_Pavia
Italy	Italy_Emilia-Romagna_Ferrara
Italy	Italy_Friuli-Venezia Giulia_Trieste
Italy	Italy_Veneto_Venezia
Italy	Italy_Veneto_Vicenza
Italy	Italy_Veneto_Belluno
Italy	Italy_Friuli-Venezia Giulia_Pordenone
Italy	Italy_Piemont_Cuneo
Italy	Italy_Piemont_Novara
Italy	Italy_Lombardy_Milan
Italy	Italy_Lombardy_Mantua
Italy	Italy_Emilia-Romagna_Bologna
Italy	Italy_Emilia-Romagna_Parma
Italy	Italy_Aosta Valley
Italy	San Marino
Italy	Italy_Umbria
Italy	Italy_Lombardy_Como
Italy	Italy_Piemont_Verbano-Cusio-Ossola
Italy	Italy_Friuli-Venezia Giulia_Gorizia
Italy	Italy_Veneto_Rovigo
Italy	Italy_Marche
Italy	Italy_Emilia-Romagna_Forli-Cesena
Italy	Italy_Emilia-Romagna_Rimini
Italy	Italy_Emilia-Romagna_Ravenna
Italy	Italy_Piemont_Biella
Italy	Italy_Veneto_Padova
Italy	Italy_Veneto_Treviso
Italy	Italy_Piemont_Torino
Ivory Coast	Cote dIvoire
Jamaica	Jamaica
Japan_Chubu	Japan_Chubu Region_Niigata
Japan_Chubu	Japan_Chubu Region_Ishikawa
Japan_Chubu	Japan_Chubu Region_Yamanashi
Japan_Chubu	Japan_Chubu Region_Gifu
Japan_Chubu	Japan_Chubu Region_Nagano
Japan_Chubu	Japan_Chubu Region_Aichi_Nagoya
Japan_Chubu	Japan_Chubu Region_Toyama
Japan_Chubu	Japan_Chubu Region_Fukui
Japan_Chubu	Japan_Chubu Region_Shizuoka
Japan_Chubu	Japan_Chubu Region_Aichi_Toyohashi
Mauritius	Mauritius
Micronesia	Federated States of Micronesia
Moldova	Moldova
Nepal	Nepal_West
Nepal	Nepal_Purwanchal
Nepal	Nepal_Kathmandu
Nepal	Nepal_Madhyamanchal
Netherlands	Netherlands_Groningen
Netherlands	Netherlands_Gelderland_North
Netherlands	Netherlands_North Holland_Amsterdam
Netherlands	Netherlands_North Holland_Zaandam
Netherlands	Netherlands_Utrecht_Utrecht
Netherlands	Netherlands_Zeeland
Netherlands	Netherlands_North Brabant_Roosendaal
Netherlands	Netherlands_Friesland
Netherlands	Netherlands_Gelderland_Zutphen
Netherlands	Netherlands_North Brabant_Eindhoven
Netherlands	Netherlands_Utrecht_Amersfoort
Netherlands	Netherlands_South Holland_Rotterdam
Netherlands	Netherlands_Overijssel_Enschede
Netherlands	Netherlands_North Holland_Alkmaar
Netherlands	Netherlands_Flevoland
Netherlands	Netherlands_Drenthe
Netherlands	Netherlands_South Holland_Brielle
Netherlands	Netherlands_Overijssel_Zwolle
Netherlands	Netherlands_Gelderland_Nijmegen
Netherlands	Netherlands_North Brabant_Uden
Netherlands	Netherlands_North Brabant_Tiburg
Netherlands	Netherlands_South Holland_Den Haag
Netherlands	Netherlands_South Holland_Leiden
Netherlands	Netherlands_Limburg
Netherlands Antilles	Caribisch Nederland
Netherlands Antilles	Caribbees
New Caledonia	France_New Caledonia
New Zealand	New Zealand North_Wellington
New Zealand	New Zealand South_Southland
New Zealand	New Zealand South_Canterbury
New Zealand	New Zealand North_Auckland
Nicaragua	Nicaragua
Niger	Niger
Nigeria	Nigeria_South
Nigeria	Nigeria_North
Niue	Niue
North Korea	North Korea
Northern Mariana Islands	US_Guam
Afghanistan	Afghanistan
Albania	Albania
Algeria	Algeria_Central
Algeria	Algeria_Coast
American Samoa	Samoa
Andorra	Andorra
Angola	Angola
Anguilla	Anguilla
Anguilla	Caribbees
Antigua and Barbuda	Antigua and Barbuda
Antigua and Barbuda	Caribbees
Argentina	Argentina_Patagonia
Argentina	Argentina_Mesopotamia
Argentina	Argentina_Buenos Aires_South
Argentina	Argentina_Cuyo
Argentina	Argentina_Northwest
Argentina	Argentina_Pampas
Argentina	Argentina_Santa Fe
Argentina	Argentina_Buenos Aires_Buenos Aires
Argentina	Argentina_Buenos Aires_North
Armenia	Armenia
Aruba	Caribisch Nederland
Australia	Australia_Melbourne
Australia	Australia_Western Australia
Australia	Australia_Victoria
Australia	Australia_Sydney
Australia	Australia_New South Wales
Australia	Australia_Tasmania
Australia	Australia_South Australia
Australia	Australia_Northern Territory
Australia	Australia_Brisbane
Australia	Australia_Queensland
Austria	Austria_Lower Austria_West
Austria	Austria_Lower Austria_Wien
Austria	Austria_Upper Austria_Wels
Austria	Austria_Styria_Graz
Austria	Austria_Carinthia
Austria	Austria_Burgenland
Austria	Austria_Upper Austria_Linz
Austria	Austria_Salzburg
Austria	Austria_Tyrol
Austria	Austria_Styria_Leoben
Austria	Austria_Vorarlberg
Azerbaijan	Nagorno-Karabakh
Azerbaijan	Azerbaijan
Bahamas	The Bahamas
Bahrain	Bahrain
Belarus	Belarus_Vitebsk Region
Belarus	Belarus_Minsk Region
Belarus	Belarus_Hrodna Region
Belarus	Belarus_Brest Region
Belarus	Belarus_Maglieu Region
Belarus	Belarus_Homiel Region
Belgium	Belgium_Antwerp
Belgium	Belgium_West Flanders
Belgium	Belgium_Limburg
Belgium	Belgium_Flemish Brabant
Belgium	Belgium_Walloon Brabant
Belgium	Belgium_East Flanders
Belgium	Belgium_Namur
Belgium	Belgium_Hainaut
Belgium	Belgium_Liege
Belgium	Belgium_Luxembourg
Qatar	Qatar
Saint Martin	Saint Martin
Saint Martin	Caribbees
Saint Pierre and Miquelon	Canada_Newfoundland_South
Senegal	Senegal
Serbia	Serbia
Seychelles	Seychelles
Sierra Leone	Sierra Leone
Slovakia	Slovakia_Region of Kosice
Slovakia	Slovakia_Region of Zilina
Slovakia	Slovakia_Region of Presov
Slovakia	Slovakia_Region of Trencin
Slovakia	Slovakia_Region of Banska Bystrica
Slovakia	Slovakia_Region of Bratislava
Slovakia	Slovakia_Region of Nitra
Slovakia	Slovakia_Region of Trnava
Slovenia	Slovenia_East
Slovenia	Slovenia_West
Socorro Island	Mexico_California
Solomon Islands	Solomon Islands
Kiribati	Kiribati
Kosovo	Republic of Kosovo
Luxembourg	Luxembourg
Macedonia	Macedonia
Malpelo Island	Colombia_West
Marshall Islands	Marshall Islands
Taiwan	Taiwan_South
Taiwan	Taiwan_North
Tajikistan	Tajikistan
Tanzania	Tanzania
Thailand	Thailand_South
Thailand	Thailand_North
Thailand	Thailand_Central
Togo	Togo
Tokelau	Tokelau
Tonga	Tonga
Trinidad and Tobago	Trinidad and Tobago
Trinidad and Tobago	Caribbees
South Africa	South Africa_Western Cape
South Africa	South Africa_Limpopo
South Africa	South Africa_KwaZulu-Natal
South Africa	South Africa_Mpumalanga
South Africa	South Africa_Gauteng
South Africa	South Africa_Eastern Cape
South Africa	Kingdom of Lesotho
South Africa	South Africa_Northern Cape
South Africa	South Africa_North West
South Africa	South Africa_Free State
South Georgia and the South Sandwich Islands	South Georgia and the South Sandwich Islands
South Korea	South Korea_North
South Korea	South Korea_South
South Sudan	South Sudan
Spain	Spain_Canary Islands
Spain	Spain_Castile-La Mancha
Spain	Spain_Aragon
Spain	Spain_Extremadura
Spain	Gibraltar
Spain	Spain_Castile and Leon_West
Spain	Spain_Castile and Leon_East
Spain	Spain_Region de Murcia
Spain	Spain_Balearic Islands
Spain	Spain_Ceuta
Spain	Spain_Andalusia_Granada
Spain	Spain_Valencian Community
Spain	Spain_Comunidad Foral de Navarra
Spain	Spain_Catalonia_Provincia de Tarragona
Spain	Spain_Catalonia_Provincia de Lleida
Spain	Spain_La Rioja
Spain	Spain_Community of Madrid
Spain	Spain_Galicia_South
Spain	Spain_Melilla
Spain	Spain_Catalonia_Provincia de Girona
Spain	Spain_Catalonia_Provincia de Barcelona
Spain	Spain_Andalusia_Sevilla
Spain	Spain_Cantabria
Spain	Spain_Basque Country
Spain	Spain_Principado de Asturias
Spain	Spain_Galicia_North
Sri Lanka	Sri Lanka
Sudan	Sudan_West
Sudan	Sudan_East
Suriname	Suriname
Svalbard and Jan Mayen	Norway_Svalbard
Swaziland	Swaziland
Sweden	Sweden_Vastra Gotaland
Sweden	Sweden_Bergslagen
Sweden	Sweden_Norra Sverige
Sweden	Sweden_Mellannorrland
Sweden	Sweden_Ostra Gotaland
Sweden	Sweden_Stockholm
Sweden	Sweden_Malardalen
Sweden	Sweden_Sodra Gotaland
Switzerland	Switzerland_Eastern
Switzerland	Switzerland_Northwestern
Switzerland	Switzerland_Central
Switzerland	Switzerland_Espace Mittelland_East
Switzerland	Switzerland_Lake Geneva region
Switzerland	Switzerland_Zurich
Switzerland	Switzerland_Ticino
Switzerland	Switzerland_Espace Mittelland_Bern
UK_England	UK_England_North East England
UK_England	UK_England_South West England_Bristol
UK_England	UK_England_West Midlands
UK_England	Belgium_West Flanders
UK_England	UK_England_South East_Brighton
UK_England	UK_England_South West England_Cornwall
UK_England	UK_England_East Midlands
UK_England	UK_England_East of England_Essex
UK_England	UK_England_Yorkshire and the Humber
UK_England	Guernsey
UK_England	UK_England_Greater London
UK_England	UK_England_South East_Oxford
UK_England	UK_England_East of England_Norfolk
UK_England	UK_England_North West England_Manchester
UK_England	UK_England_North West England_Lancaster
UK_Northern Ireland	UK_Northern Ireland
UK_Scotland	UK_Scotland_North
UK_Scotland	UK_Scotland_South
UK_Wales	UK_Wales
Uganda	Uganda
Ukraine	Ukraine_Khmelnytskyi Oblast
Ukraine	Ukraine_Sumy Oblast
Ukraine	Ukraine_Volyn Oblast
Ukraine	Ukraine_Chernihiv Oblast
Ukraine	Ukraine_Zhytomyr Oblast
Ukraine	Ukraine_Kyiv Oblast
Ukraine	Ukraine_Dnipropetrovsk Oblast
Ukraine	Ukraine_Rivne Oblast
Ukraine	Ukraine_Lviv Oblast
Ukraine	Ukraine_Ternopil Oblast
Ukraine	Ukraine_Zaporizhia Oblast
Ukraine	Ukraine_Poltava Oblast
Ukraine	Ukraine_Luhansk Oblast
Ukraine	Ukraine_Cherkasy Oblast
Ukraine	Ukraine_Vinnytsia Oblast
Ukraine	Ukraine_Kharkiv Oblast
Ukraine	Ukraine_Donetsk Oblast
Ukraine	Ukraine_Zakarpattia Oblast
Ukraine	Ukraine_Ivano-Frankivsk Oblast
Ukraine	Ukraine_Kirovohrad Oblast
Ukraine	Ukraine_Chernivtsi Oblast
Ukraine	Ukraine_Odessa Oblast
Ukraine	Ukraine_Kherson Oblast
Ukraine	Ukraine_Mykolaiv Oblast
United Arab Emirates	Qatar
United Arab Emirates	United Arab Emirates
USA_Alabama	US_Alabama_Birmingham
USA_Alabama	US_Alabama_Montgomery
USA_Alaska	US_Alaska
USA_Arizona	US_Arizona_Flagstaff
USA_Arizona	US_Arizona_Phoenix
USA_Arizona	US_Arizona_Tucson
USA_Arkansas	US_Arkansas_South
USA_Arkansas	US_Arkansas_North
USA_California	US_California_Sacramento_Fresno
USA_California	US_California_Sacramento_Sacramento
USA_California	US_California_San Diego
USA_California	US_California_Santa_Clara_Santa Cruz
USA_California	US_California_Santa_Clara_Palo Alto
USA_California	US_California_Chico
USA_California	US_California_Bakersfield_Lancaster
USA_California	US_California_LA
USA_California	US_California_LA North
USA_California	US_California_Redding
USA_California	US_California_Bakersfield_Bakersfield
USA_California	US_California_Sacramento_Stockton
Vatican	Vatican City
Vatican	Italy_Lazio
Venezuela	Venezuela_North
Venezuela	Venezuela_South
Vietnam	Vietnam
Wallis and Futuna	Wallis and Futuna
Clarion Island	Mexico_California
Clipperton Island	Costa Rica
Canada_Quebec	Canada_Quebek_Far North
Canada_Quebec	Canada_Quebek_North
Canada_Quebec	Canada_Quebek_Southeast_Rimouski
Canada_Quebec	Canada_Quebek_West_Chibougamau
Canada_Quebec	Canada_Quebek_Montreal
Canada_Quebec	Canada_Quebek_Southeast_Saguenay
Canada_Quebec	Canada_Quebek_West_Rouyn-Noranda
Canada_Quebec	Canada_Quebec_Quebec
Canada_Quebec	Canada_Quebek_Lachute
Canada_Saskatchewan	Canada_Saskatchewan_North
Canada_Saskatchewan	Canada_Saskatchewan_Regina
Canada_Saskatchewan	Canada_Saskatchewan_Saskatoon
Canada_Yukon	Canada_Yukon_North
Canada_Yukon	Canada_Yukon_Whitehorse
Cape Verde	Cape Verde
Cayman Islands	Cayman Islands
Central African Republic	Central African Republic
Chad	Chad
Chile	Chile_Central
Chile	Chile_North
Chile	Chile_South
China	China_Tibet Autonomous Region
China	China_Jiangxi
China	China_Sichuan
China	China_Shaanxi
China	China_Chongqing
China	China_Fujian
China	China_Hunan
China	China_Guizhou
China	China_Guangxi
China	China_Guangdong
China	China_Yunnan
China	China_Hubei
China	China_Jilin
China	China_Anhui
China	China_Heilongjiang
China	China_Gansu
China	China_Hebei
China	China_Inner Mongolia
China	China_Xinjiang
China	China_Shanxi
China	China_Liaoning
China	China_Zhejiang
China	Taiwan_North
China	China_Shanghai
China	China_Jiangsu
China	China_Shandong
China	China_Henan
China	China_Qinghai
China	China_Ningxia Hui
Christmas Island	Australia_Western Australia
Belize	Belize
Benin	Benin
Greece	Greece_Decentralized Administration of Thessaly - Central Greece
Greece	Greece_Decentralized Administration of Attica
Greece	Greece_Decentralized Administration of Macedonia and Thrace
Greece	Greece_Decentralized Administration of Aegean
Greece	Greece_Decentralized Administration of Epirus - Western Macedonia
Greece	Greece_Decentralized Administration of West Greece
Greece	Greece_Decentralized Administration of Crete
Hungary	Hungary_Northern Great Plain
Hungary	Hungary_Kozep-Magyarorszag
Hungary	Hungary_Transdanubia
Guam	US_Guam
Guatemala	Guatemala
USA_Colorado	US_Colorado_Aspen
USA_Colorado	US_Colorado_Denver
USA_Colorado	US_Colorado_South
USA_Vermont	US_Vermont
USA_Virginia	US_Virginia_Norfolk
USA_Virginia	US_Virginia_Roanoke
USA_Virginia	US_Virginia_Lynchburg
USA_Virginia	US_Virginia_Richmond
USA_Virginia	US_Virginia_Alexandria
USA_Washington	US_Washington_Coast
USA_Washington	US_Washington_Seattle
USA_Washington	US_Washington_Yakima
USA_West Virginia	US_West Virginia
Zambia	Zambia
Zimbabwe	Zimbabwe
USA_Wisconsin	US_Wisconsin_Milwaukee
USA_Wisconsin	US_Wisconsin_Eau Claire
USA_Wisconsin	US_Wisconsin_Madison
USA_Wisconsin	US_Wisconsin_North
USA_Wyoming	US_Wyoming
Japan_Hokkaido	Japan_Hokkaido Region_West
Japan_Hokkaido	Japan_Hokkaido Region_Sapporo
Japan_Hokkaido	Japan_Hokkaido Region_North
Japan_Hokkaido	Japan_Hokkaido Region_East
Malawi	Malawi
Malaysia	Malaysia
Djibouti	Djibouti
Dominica	Dominica
Dominica	Caribbees
Dominican Republic	Dominican Republic
East Timor	East Timor
Ecuador	Ecuador_East
Ecuador	Ecuador_West
Egypt	Egypt
Barbados	Barbados
Barbados	Caribbees
Bermuda	Bermuda
Bhutan	Bhutan
Bolivia	Bolivia_South
Bolivia	Bolivia_North
Bosnia and Herzegovina	Bosnia and Herzegovina_Republic of Srpska
Bosnia and Herzegovina	Bosnia and Herzegovina_Brcko district of Bosnia and Herzegowina
Bosnia and Herzegovina	Bosnia and Herzegovina_Entity Federation of Bosnia and Herzegovina
Botswana	Botswana
Bouvet Island	Norway_Bouvet Island
Brazil_Central-West	Brazil_Mato Grosso
Brazil_Central-West	Brazil_Goias_North
Brazil_Central-West	Brazil_Goias_Brasilia
Brazil_Central-West	Brazil_Mato Grosso Do Sul
Brazil_North	Brazil_North Region_East
Brazil_North	Brazil_North Region_West
Brazil_Northeast	Brazil_Rio Grande do Norte
Brazil_Northeast	Brazil_Paraiba
Brazil_Northeast	Brazil_Northeast Region_West
Brazil_Northeast	Brazil_Bahia
Brazil_Northeast	Brazil_Northeast Region_East
Brazil_South	Brazil_Santa Catarina
Brazil_South	Brazil_Parana_East
Brazil_South	Brazil_South Region_East
Brazil_South	Brazil_South Region_West
Brazil_South	Brazil_Parana_West
Brazil_Southeast	Brazil_Southeast Region_Sao Paulo_City
Brazil_Southeast	Brazil_Southeast Region_Sao Paulo_Campinas
Brazil_Southeast	Brazil_Southeast Region_Sao Paulo_West
Brazil_Southeast	Brazil_Southeast Region_Minas Gerais_Contagem
Brazil_Southeast	Brazil_Southeast Region_Rio de Janeiro
Brazil_Southeast	Brazil_Southeast Region_Minas Gerais_North
Brazil_Southeast	Brazil_Southeast Region_Espirito Santo
British Indian Ocean Territory	British Indian Ocean Territory
Germany_Schleswig-Holstein	Germany_Schleswig-Holstein_Kiel
Germany_Schleswig-Holstein	Germany_Schleswig-Holstein_Flensburg
Germany_Thuringia	Germany_Thuringia
Ghana	Ghana
Maldives	Maldives
British Virgin Islands	British Virgin Islands
British Virgin Islands	Caribbees
Brunei	Brunei
Bulgaria	Bulgaria_East
Bulgaria	Bulgaria_West
Burkina Faso	Burkina Faso
Curacao	Caribisch Nederland
Gibraltar	Gibraltar
Mali	Mali
France_Bretagne	France_Brittany_Cotes-dArmor
France_Bretagne	France_Brittany_Finistere
France_Bretagne	France_Brittany_Ille-et-Vilaine
France_Bretagne	France_Brittany_Morbihan
France_Centre	France_Centre-Val de Loire_Loiret
France_Centre	France_Centre-Val de Loire_Indre-et-Loire
France_Centre	France_Centre-Val de Loire_Eure-et-Loir
France_Centre	France_Centre-Val de Loire_Loir-et-Cher
France_Centre	France_Centre-Val de Loire_Indre
France_Centre	France_Centre-Val de Loire_Cher
Cyprus	Cyprus
Greenland	Greenland
Guernsey	Guernsey
El Salvador	El Salvador
Equatorial Guinea	Equatorial Guinea
Eritrea	Eritrea
Estonia	Estonia_West
Estonia	Estonia_East
Faroe Islands	Faroe Islands
Fiji	Fiji
Finland	Finland_Southern Finland_West
Finland	Finland_Southern Finland_Helsinki
Finland	Finland_Southern Finland_Lappeenranta
Finland	Finland_Northern Finland
Finland	Finland_Western Finland_Jyvaskyla
Finland	Finland_Western Finland_Tampere
Finland	Finland_Eastern Finland_North
Finland	Finland_Eastern Finland_South
France_Alsace	France_Alsace_Bas-Rhin
France_Alsace	France_Alsace_Haut-Rhin
France_Aquitaine	France_Aquitaine_Dordogne
France_Aquitaine	France_Aquitaine_Lot-et-Garonne
France_Aquitaine	France_Aquitaine_Pyrenees-Atlantiques
France_Aquitaine	France_Aquitaine_Landes
France_Aquitaine	France_Aquitaine_Gironde
France_Auvergne	France_Auvergne_Puy-de-Dome
France_Auvergne	France_Auvergne_Haute-Loire
France_Auvergne	France_Auvergne_Cantal
France_Auvergne	France_Auvergne_Allier
France_Basse-Normandie	France_Lower Normandy_Calvados
France_Basse-Normandie	France_Lower Normandy_Orne
France_Basse-Normandie	France_Lower Normandy_Manche
France_Corsica	France_Corsica
France_Franche-Comte	France_Free County_North
France_Franche-Comte	France_Free County_South
France_Haute-Normandie	France_Upper Normandy
France_Languedoc-Roussillon	France_Languedoc-Roussillon_Aude
France_Languedoc-Roussillon	France_Languedoc-Roussillon_Lozere
France_Languedoc-Roussillon	France_Languedoc-Roussillon_Pyrenees-Orientales
France_Languedoc-Roussillon	France_Languedoc-Roussillon_Gard
France_Languedoc-Roussillon	France_Languedoc-Roussillon_Herault
France_Limousin	France_Limousin
France_Lorraine	France_Lorraine_Moselle
France_Lorraine	France_Lorraine_Meurthe-et-Moselle
France_Lorraine	France_Lorraine_Meuse
France_Lorraine	France_Lorraine_Vosges
France_Midi-Pyrenees	France_Midi-Pyrenees_Gers
France_Midi-Pyrenees	France_Midi-Pyrenees_Tarn-et-Garonne
France_Midi-Pyrenees	France_Midi-Pyrenees_Haute-Garonne
France_Midi-Pyrenees	France_Midi-Pyrenees_Ariege
France_Midi-Pyrenees	France_Midi-Pyrenees_Tarn
France_Midi-Pyrenees	France_Midi-Pyrenees_Hautes-Pyrenees
France_Midi-Pyrenees	France_Midi-Pyrenees_Aveyron
France_Midi-Pyrenees	France_Midi-Pyrenees_Lot
France_Nord-Pas-de-Calais	France_Nord-Pas-de-Calais_Pas-de-Calais
France_Nord-Pas-de-Calais	France_Nord-Pas-de-Calais_Lille
France_Nord-Pas-de-Calais	France_Nord-Pas-de-Calais_Nord
France_Paris & Ile-de-France	France_Ile-de-France_Hauts-de-Seine
France_Paris & Ile-de-France	France_Ile-de-France_Val-de-Marne
France_Paris & Ile-de-France	France_Ile-de-France_Seine-Saint-Denis
France_Paris & Ile-de-France	France_Ile-de-France_Val-dOise
France_Paris & Ile-de-France	France_Ile-de-France_Yvelines
France_Paris & Ile-de-France	France_Ile-de-France_Paris
France_Paris & Ile-de-France	France_Ile-de-France_Seine-et-Marne
France_Paris & Ile-de-France	France_Ile-de-France_Essonne
USA_District of Columbia	US_Maryland_and_DC
USA_Hawaii	US_Hawaii
USA_Idaho	US_Idaho_North
USA_Idaho	US_Idaho_South
USA_Illinois	US_Illinois_Chickago
USA_Illinois	US_Illinois_South
USA_Illinois	US_Illinois_Elgin
USA_Illinois	US_Illinois_Springfield
USA_Illinois	US_Illinois_Rockford
Comoros	Comoros
Congo-Brazzaville	Congo-Brazzaville
Congo-Kinshasa	Congo-Kinshasa_Kivu
Congo-Kinshasa	Congo-Kinshasa_West
Grenada	Grenada
Grenada	Caribbees
Guadeloupe	Guadeloupe
Guadeloupe	Caribbees
Madagascar	Madagascar
Malta	Malta
Kuwait	Kuwait
Haiti	Haiti
Heard Island and McDonald Islands	France_Southern Islands
Honduras	Honduras
Liberia	Liberia
Libya	Libya
Liechtenstein	Liechtenstein
Lithuania	Lithuania_West
Lithuania	Lithuania_East
Rwanda	Rwanda
Saint Helena, Ascension and Tristan da Cunha	Saint Helena Ascension and Tristan da Cunha
Mayotte	France_Southern Islands
Norfolk Island	Australia_New South Wales
Russia_Far Eastern	Russia_Primorsky Krai
Russia_Far Eastern	Russia_Chukotka Autonomous Okrug
Russia_Far Eastern	Russia_Sakha Republic
Russia_Far Eastern	Russia_Khabarovsk Krai
Russia_Far Eastern	Russia_Magadan Oblast
Russia_Far Eastern	Russia_Kamchatka Krai
Russia_Far Eastern	Russia_Amur Oblast
Russia_Far Eastern	Russia_Sakhalin Oblast
Russia_Far Eastern	Russia_Jewish Autonomous Oblast
Russia_North Caucasian	Russia_Republic of Dagestan
Russia_North Caucasian	Russia_Stavropol Krai
Russia_North Caucasian	Russia_Ingushetia
Russia_North Caucasian	Russia_Chechen Republic
Russia_North Caucasian	Russia_Karachay-Cherkessia
Russia_North Caucasian	Russia_Kabardino-Balkaria
Russia_North Caucasian	Russia_North Ossetia-Alania
Russia_Northwestern	Russia_Leningradskaya Oblast_Karelsky
Russia_Northwestern	Russia_Saint Petersburg
Russia_Northwestern	Russia_Arkhangelsk Oblast_Central
Russia_Northwestern	Russia_Novgorod Oblast
Russia_Northwestern	Russia_Murmansk Oblast
Russia_Northwestern	Russia_Arkhangelsk Oblast_North
Russia_Northwestern	Russia_Nenets Autonomous Okrug
Russia_Northwestern	Russia_Vologda Oblast
Russia_Northwestern	Russia_Komi Republic
Russia_Northwestern	Russia_Republic of Karelia_North
Russia_Northwestern	Russia_Leningradskaya Oblast_Southeast
Russia_Northwestern	Russia_Republic of Karelia_South
Russia_Northwestern	Russia_Pskov Oblast
Russia_Northwestern	Russia_Kaliningrad Oblast
Russia_Siberian	Russia_Irkutsk Oblast
Russia_Siberian	Russia_Kemerov Oblast
Russia_Siberian	Russia_Tomsk Oblast
Russia_Siberian	Russia_Zabaykalsky Krai
Russia_Siberian	Russia_Omsk Oblast
Russia_Siberian	Russia_Novosibirsk Oblast
Russia_Siberian	Russia_Krasnoyarsk Krai_South
Russia_Siberian	Russia_Krasnoyarsk Krai_North
Russia_Siberian	Russia_Buryatia
Russia_Siberian	Russia_Altai Krai
Russia_Siberian	Russia_Tuva
Russia_Siberian	Russia_Altai Republic
Russia_Siberian	Russia_Khakassia
Russia_Southern	Russia_Volgograd Oblast
Russia_Southern	Russia_Astrakhan Oblast
Russia_Southern	Russia_Rostov Oblast
Russia_Southern	Russia_Krasnodar Krai_Adygeya
Russia_Southern	Russia_Republic of Kalmykia
Russia_Southern	Russia_Krasnodar Krai
Russia_Urals	Russia_Yamalo-Nenets Autonomous Okrug
Russia_Urals	Russia_Sverdlovsk Oblast_North
Russia_Urals	Russia_Tyumen Oblast
Russia_Urals	Russia_Yugra_Khanty
Russia_Urals	Russia_Yugra_Surgut
Russia_Urals	Russia_Sverdlovsk Oblast_Ekaterinburg
Russia_Urals	Russia_Kurgan Oblast
Russia_Urals	Russia_Chelyabinsk Oblast
Russia_Volga	Russia_Nizhny Novgorod Oblast
Russia_Volga	Russia_Mari El
Russia_Volga	Russia_Udmurt Republic
Russia_Volga	Russia_Kirov Oblast
Russia_Volga	Russia_Perm Krai_South
Russia_Volga	Russia_Perm Krai_North
Russia_Volga	Russia_Ulyanovsk Oblast
Russia_Volga	Russia_Chuvashia
Russia_Volga	Russia_Tatarstan
Russia_Volga	Russia_Bashkortostan
Russia_Volga	Russia_Penza Oblast
Russia_Volga	Russia_Republic of Mordovia
Russia_Volga	Russia_Orenburg Oblast
Russia_Volga	Russia_Samara Oblast
Russia_Volga	Russia_Saratov Oblast
Montserrat	Montserrat
Montserrat	Caribbees
Monaco	France_Provence-Alpes-Cote dAzur_Maritime Alps
Monaco	Monaco
Nauru	Nauru
Saint Barthelemy	Saint Barthelemy
Saint Barthelemy	Caribbees
Sahrawi	Morocco_Western Sahara
Sahrawi	Sahrawi Arab Democratic Republic
Saint Kitts and Nevis	Saint Kitts and Nevis
Saint Kitts and Nevis	Caribbees
San Marino	San Marino
Saint Lucia	Saint Lucia
Saint Lucia	Caribbees
Japan_Shikoku	Japan_Shikoku Region_Kochi
Japan_Shikoku	Japan_Shikoku Region_Tokushima
Japan_Shikoku	Japan_Shikoku Region_Ehime
Japan_Shikoku	Japan_Shikoku Region_Kagawa
Martinique	Martinique
Martinique	Caribbees
Mauritania	Mauritania
Norway	Norway_Central
Norway	Norway_Oppland
Norway	Norway_Southern
Norway	Norway_Hedmark
Norway	Norway_Rogaland
Norway	Norway_Hordaland
Norway	Norway_Western
Norway	Norway_South Trondelag
Norway	Norway_North Trondelag
Norway	Norway_Nordland
Norway	Norway_Northern
Oman	Oman
Pakistan	Pakistan
Singapore	Singapore
Palau	Palau
Palestine	Palestine
Palestine	Jerusalem
Panama	Panama
Papua New Guinea	Papua New Guinea
Paraguay	Paraguay
Peru	Peru_North
Peru	Peru_Lima
Peru	Peru_South
Pitcairn Islands	Pitcairn Islands
Poland	Poland_Lower Silesian Voivodeship
Poland	Poland_Podlaskie Voivodeship
Poland	Poland_Warmian-Masurian Voivodeship
Poland	Poland_Greater Poland Voivodeship
Poland	Poland_Swietokrzyskie Voivodeship
Poland	Poland_Opole Voivodeship
Poland	Poland_Pomeranian Voivodeship
Poland	Poland_Masovian Voivodeship
Poland	Poland_Lublin Voivodeship
Poland	Poland_Lodz Voivodeship
Poland	Poland_Kuyavian-Pomeranian Voivodeship
Poland	Poland_Subcarpathian Voivodeship
Poland	Poland_Lesser Poland Voivodeship
Poland	Poland_Silesian Voivodeship
Poland	Poland_West Pomeranian Voivodeship
Poland	Poland_Lubusz Voivodeship
Sao Tome and Principe	Sao Tome and Principe
Saudi Arabia	Saudi Arabia_South
Saudi Arabia	Saudi Arabia_North
Tunisia	Tunisia
Turkey	Turkey_Aegean Region
Turkey	Turkey_Southeastern Anatolia Region
Turkey	Turkey_Central Anatolia Region_Ankara
Turkey	Turkey_Marmara Region_Istanbul
Turkey	Turkey_Marmara Region_Bursa
Turkey	Turkey_Black Sea Region
Turkey	Turkey_Central Anatolia Region_Kayseri
Turkey	Turkey_Mediterranean Region
Turkey	Turkey_Eastern Anatolia Region
Turkmenistan	Turkmenistan
Turks and Caicos Islands	Turks and Caicos Islands
Somalia	Somalia
USA_South Carolina	US_South Carolina_Columbia
USA_South Carolina	US_South Carolina_Florence
USA_South Carolina	US_South Carolina_Charleston
USA_South Dakota	US_South Dakota
USA_Tennessee	US_Tennessee_West
USA_Tennessee	US_Tennessee_East
USA_Texas	US_Texas_Houston
USA_Texas	US_Texas_Southwest
USA_Texas	US_Texas_Victoria
USA_Texas	US_Texas_San Antonio
USA_Texas	US_Texas_Dallas
USA_Texas	US_Texas_Amarillo
USA_Texas	US_Texas_Lubbock
USA_Texas	US_Texas_Wako
USA_Texas	US_Texas_Tyler
USA_Texas	US_Texas_West
USA_Texas	US_Texas_Austin
Syria	Syria
Tuvalu	Tuvalu
Bangladesh	Bangladesh
Burundi	Burundi
Cambodia	Cambodia
Cameroon	Cameroon_West
Cameroon	Cameroon_Central
Canada_Alberta	Canada_Alberta_North
Canada_Alberta	Canada_Alberta_South
Canada_Alberta	Canada_Alberta_Edmonton
Canada_British Columbia	Canada_British Columbia_Islands
Canada_British Columbia	Canada_British Columbia_Vancouver
Canada_British Columbia	Canada_British Columbia_Far_North
Canada_British Columbia	Canada_British Columbia_North
Canada_British Columbia	Canada_British Columbia_Northeast
Canada_British Columbia	Canada_British Columbia_Central
Canada_British Columbia	Canada_British Columbia_Southeast
Canada_Manitoba	Canada_Manitoba_Northwest
Canada_Manitoba	Canada_Manitoba_Northeast
Canada_Manitoba	Canada_Manitoba_Winnipeg
Canada_Manitoba	Canada_Manitoba_South
Canada_New Brunswick	Canada_New Brunswick
Canada_Newfoundland and Labrador	Canada_Labrador_North
Canada_Newfoundland and Labrador	Canada_Newfoundland_North
Canada_Newfoundland and Labrador	Canada_Labrador_West
Canada_Newfoundland and Labrador	Canada_Newfoundland_East
Canada_Newfoundland and Labrador	Canada_Newfoundland_South
Canada_Newfoundland and Labrador	Canada_Labrador_South
Canada_Newfoundland and Labrador	Canada_Newfoundland_West
Canada_Northwest Territories	Canada_Northwest Territories_North
Canada_Northwest Territories	Canada_Northwest Territories_East
Canada_Northwest Territories	Canada_Northwest Territories_Yellowknife
Canada_Nova Scotia	Canada_Nova Scotia_Sydney
Canada_Nova Scotia	Canada_Nova Scotia_Halifax
Canada_Nunavut	Canada_Nunavut_South
Canada_Nunavut	Canada_Ontario_Northwestern
Canada_Nunavut	Canada_Nunavut_North
Canada_Nunavut	Canada_Manitoba_Northeast
Canada_Nunavut	Canada_Quebek_Far North
Canada_Nunavut	Canada_Ontario_Northeastern_North
Canada_Ontario	Canada_Ontario_Northwestern
Canada_Ontario	Canada_Ontario_Northern
Canada_Ontario	Canada_Ontario_Northeastern_North
Canada_Ontario	Canada_Ontario_Northeastern_SE
Canada_Ontario	Canada_Ontario_Northeastern_S
Canada_Ontario	Canada_Ontario_Northeastern_Central
Canada_Ontario	Canada_Ontario_London
Canada_Ontario	Canada_Ontario_Northeastern_Wawa
Canada_Ontario	Canada_Ontario_Northeastern_SW
Canada_Ontario	Canada_Ontario_Toronto
Canada_Ontario	Canada_Ontario_Bame
Canada_Ontario	Canada_Ontario_Kingston
Canada_Prince Edward Island	Canada_Prince Edward Island
Saint Vincent and the Grenadines	Saint Vincent and the Grenadines
Saint Vincent and the Grenadines	Caribbees
USA_Utah	US_Utah_North
USA_Utah	US_Utah_South
United States Virgin Islands	United States Virgin Islands
United States Virgin Islands	Caribbees
Yemen	Yemen
