Afghanistan
Albania
Algeria
American Samoa
Andorra
Angola
Anguilla
Antigua and Barbuda
Argentina
Armenia
Aruba
Australia
Austria
Azerbaijan
Bahamas
Bahrain
Bangladesh
Barbados
Belarus
Belgium
Belize
Benin
Bermuda
Bhutan
Bolivia
Bosnia and Herzegovina
Botswana
Bouvet Island
Brazil_Northeast
Brazil_Central-West
Brazil_North
Brazil_South
Brazil_Southeast
British Indian Ocean Territory
British Virgin Islands
Brunei
Bulgaria
Burkina Faso
Burma
Burundi
Cambodia
Cameroon
Cape Verde
Cayman Islands
Central African Republic
Chad
Chile
China
Christmas Island
Cocos Islands
Colombia
Comoros
Congo-Brazzaville
Congo-Kinshasa
Cook Islands
Costa Rica
Croatia
Cuba
Curacao
Cyprus
Czech Republic
Denmark
Djibouti
Dominica
Dominican Republic
East Timor
Ecuador
Egypt
El Salvador
Equatorial Guinea
Eritrea
Estonia
Ethiopia
Falkland Islands
Faroe Islands
Fiji
Finland
French Guiana
French Polynesia
French Southern Territories
Gabon
Gambia
Georgia
Ghana
Gibraltar
Greece
Greenland
Grenada
Guadeloupe
Guam
Guatemala
Guernsey
Guinea-Bissau
Guinea
Guyana
Haiti
Heard Island and McDonald Islands
Honduras
Hungary
Iceland
India
Indonesia
Iran
Iraq
Ireland
Isle of Man
Israel
Italy
Ivory Coast
Jamaica
Japan_Chubu
Japan_Chugoku
Japan_Hokkaido
Japan_Kanto
Japan_Kinki
Japan_Kyushu
Japan_Shikoku
Japan_Tohoku
Jersey
Jordan
Kazakhstan
Kenya
Kiribati
Kosovo
Kuwait
Kyrgyzstan
Laos
Latvia
Lebanon
Liberia
Libya
Liechtenstein
Lithuania
Luxembourg
Macedonia
Madagascar
Malawi
Malaysia
Maldives
Mali
Malta
Marshall Islands
Martinique
Mauritania
Mauritius
Mayotte
Mexico
Micronesia
Moldova
Monaco
Mongolia
Montenegro
Montserrat
Morocco
Mozambique
Namibia
Nauru
Nepal
Netherlands Antilles
Netherlands
New Caledonia
New Zealand
Nicaragua
Niger
Nigeria
Niue
Norfolk Island
North Korea
Northern Mariana Islands
Norway
Oman
Pakistan
Palau
Palestine
Panama
Papua New Guinea
Paraguay
Peru
Philippines
Pitcairn Islands
Poland
Portugal
Puerto Rico
Qatar
Reunion
Romania
Rwanda
Sahrawi
Saint Barthelemy
Saint Helena, Ascension and Tristan da Cunha
Saint Kitts and Nevis
Saint Lucia
Saint Martin
Saint Pierre and Miquelon
Saint Vincent and the Grenadines
Samoa
San Marino
Sao Tome and Principe
Saudi Arabia
Senegal
Serbia
Seychelles
Sierra Leone
Singapore
Slovakia
Slovenia
Solomon Islands
Somalia
South Africa
South Georgia and the South Sandwich Islands
South Korea
South Sudan
Spain
Sri Lanka
Sudan
Suriname
Svalbard and Jan Mayen
Swaziland
Sweden
Switzerland
Syria
Taiwan
Tajikistan
Tanzania
Thailand
Togo
Tokelau
Tonga
Trinidad and Tobago
Tunisia
Turkey
Turkmenistan
Turks and Caicos Islands
Tuvalu
Uganda
Ukraine
United Arab Emirates
United States Virgin Islands
Uruguay
Uzbekistan
Vanuatu
Vatican
Venezuela
Vietnam
Wallis and Futuna
Yemen
Zambia
Zimbabwe
USA_Alabama
USA_Alaska
USA_Arizona
USA_Arkansas
USA_California
USA_Colorado
USA_Connecticut
USA_Delaware
USA_District of Columbia
USA_Florida
USA_Georgia
USA_Hawaii
USA_Idaho
USA_Illinois
USA_Indiana
USA_Iowa
USA_Kansas
USA_Kentucky
USA_Louisiana
USA_Maine
USA_Maryland
USA_Massachusetts
USA_Michigan
USA_Minnesota
USA_Mississippi
USA_Missouri
USA_Montana
USA_Nebraska
USA_Nevada
USA_New Hampshire
USA_New Jersey
USA_New Mexico
USA_New York
USA_North Carolina
USA_North Dakota
USA_Ohio
USA_Oklahoma
USA_Oregon
USA_Pennsylvania
USA_Rhode Island
USA_South Carolina
USA_South Dakota
USA_Tennessee
USA_Texas
USA_Utah
USA_Vermont
USA_Virginia
USA_Washington
USA_West Virginia
USA_Wisconsin
USA_Wyoming
Canada_Alberta
Canada_British Columbia
Canada_Manitoba
Canada_New Brunswick
Canada_Newfoundland and Labrador
Canada_Northwest Territories
Canada_Nova Scotia
Canada_Nunavut
Canada_Ontario
Canada_Prince Edward Island
Canada_Quebec
Canada_Saskatchewan
Canada_Yukon
France_Alsace
France_Aquitaine
France_Auvergne
France_Basse-Normandie
France_Bourgogne
France_Bretagne
France_Centre
France_Champagne-Ardenne
France_Corsica
France_Franche-Comte
France_Haute-Normandie
France_Languedoc-Roussillon
France_Limousin
France_Lorraine
France_Midi-Pyrenees
France_Nord-Pas-de-Calais
France_Paris & Ile-de-France
France_Pays de la Loire
France_Picardie
France_Poitou-Charentes
France_Provence-Alpes-Cote d'Azur
France_Rhone-Alpes
Germany_Baden-Wurttemberg
Germany_Bavaria
Germany_Berlin & Brandenburg
Germany_Bremen & Lower Saxony
Germany_Hamburg
Germany_Hesse
Germany_Mecklenburg-Vorpommern
Germany_North Rhine-Westphalia
Germany_Rhineland-Palatinate
Germany_Saarland
Germany_Saxony-Anhalt
Germany_Saxony
Germany_Schleswig-Holstein
Germany_Thuringia
Russia_Central
Russia_Far Eastern
Russia_North Caucasian
Russia_Northwestern
Russia_Siberian
Russia_Southern
Russia_Urals
Russia_Volga
UK_England
UK_Northern Ireland
UK_Scotland
UK_Wales
Crimea
Clarion Island
Clipperton Island
Cocos Island
Galapagos Islands
Guadalupe Island
Malpelo Island
Socorro Island
