{
  "2025-04-18": "Good Friday",
  "2025-05-05": "May Day",
  "2025-05-26": "Spring Bank Holiday",
  "2025-04-21": "Easter Monday",
  "2025-08-25": "Late Summer Bank Holiday",
  "2025-06-06": "TT Bank Holiday",
  "2025-07-07": "Tynwald Day",
  "2025-01-01": "New Year's Day",
  "2025-12-25": "Christmas Day",
  "2025-12-26": "Boxing Day",
  "2026-04-03": "Good Friday",
  "2026-05-04": "May Day",
  "2026-05-25": "Spring Bank Holiday",
  "2026-04-06": "Easter Monday",
  "2026-08-31": "Late Summer Bank Holiday",
  "2026-06-05": "TT Bank Holiday",
  "2026-07-06": "Tynwald Day",
  "2026-01-01": "New Year's Day",
  "2026-12-25": "Christmas Day",
  "2026-12-26": "Boxing Day",
  "2026-12-28": "Boxing Day"
}