{
"Abkhazia":"Abkhazie",
"Afghanistan":"Afghanistan",
"Alabama":"Alabama",
"Albania":"Albanie",
"Algeria":"Algérie",
"Algeria_Central":"Algérie — Centre",
"Algeria_Coast":"Algérie — Nord",
"Andorra":"Andorre",
"Angola":"Angola",
"Anguilla":"Anguilla",
"Antarctica":"Antarctique",
"Antigua and Barbuda":"Antigua-et-Barbuda",
"Argentina":"Argentine",
"Argentina_Buenos Aires_North":"province de Buenos Aires — Nord",
"Argentina_Buenos Aires_South":"province de Buenos Aires — Sud",
"Argentina_Cuyo":"Cuyo",
"Argentina_Mesopotamia":"Mésopotamie",
"Argentina_Northwest":"Nord-ouest argentin",
"Argentina_Pampas":"Pampa",
"Argentina_Patagonia":"Patagonie",
"Arizona":"Arizona",
"Armenia":"Arménie",
"Australia":"Australie",
"Australia_Melbourne":"Melbourne",
"Australia_New South Wales":"Nouvelle-Galles du Sud",
"Australia_Northern Territory":"Territoire du Nord",
"Australia_Queensland":"Queensland",
"Australia_South Australia":"Australie-Méridionale",
"Australia_Tasmania":"Tasmanie",
"Australia_Victoria":"Victoria",
"Australia_Western Australia":"Australie-Occidentale",
"Austria":"Autriche",
"Austria_Burgenland":"Burgenland",
"Austria_Carinthia":"Carinthie",
"Austria_Lower Austria_West":"Basse-Autriche — Ouest",
"Austria_Lower Austria_Wien":"Vienne",
"Austria_Salzburg":"Salzbourg",
"Austria_Styria":"Styrie",
"Austria_Tyrol":"Tyrol",
"Austria_Upper Austria":"Haute-Autriche",
"Austria_Vorarlberg":"Vorarlberg",
"Azerbaijan":"Azerbaïdjan",
"Azerbaijan Region":"Azerbaïdjan",
"Bahrain":"Bahreïn",
"Bangladesh":"Bangladesh",
"Barbados":"Barbade",
"Belarus":"Biélorussie",
"Belarus_Brest Region":"Voblast de Brest",
"Belarus_Homiel Region":"voblast de Homiel",
"Belarus_Hrodna Region":"Voblast de Hrodna",
"Belarus_Maglieu Region":"Voblast de Moguilev",
"Belarus_Minsk Region":"Voblast de Minsk",
"Belarus_Vitebsk Region":"Voblast de Vitebsk",
"Belgium":"Belgique",
"Belgium_Antwerp":"Province d'Anvers",
"Belgium_East Flanders":"Province de Flandre-Orientale",
"Belgium_Flemish Brabant":"Brabant flamand",
"Belgium_Hainaut":"Hainaut",
"Belgium_Liege":"Province de Liège",
"Belgium_Limburg":"Limbourg",
"Belgium_Luxembourg":"Province de Luxembourg",
"Belgium_Namur":"Province de Namur",
"Belgium_Walloon Brabant":"Brabant wallon",
"Belgium_West Flanders":"Province de Flandre-Occidentale",
"Belize":"Belize",
"Benin":"Bénin",
"Bermuda":"Bermudes",
"Bhutan":"Bhoutan",
"Bolivia":"Bolivie",
"Bosnia and Herzegovina":"Bosnie-Herzégovine",
"Bosnia and Herzegovina_Brcko district of Bosnia and Herzegowina":"District de Brčko",
"Bosnia and Herzegovina_Entity Federation of Bosnia and Herzegovina":"Fédération de Bosnie-et-Herzégovine",
"Bosnia and Herzegovina_Republic of Srpska":"République serbe de Bosnie",
"Botswana":"Botswana",
"Brazil":"Brésil",
"Brazil_Bahia":"Bahia",
"Brazil_Goias":"Goiás",
"Brazil_Mato Grosso":"Mato Grosso",
"Brazil_Mato Grosso Do Sul":"Mato Grosso do Sul",
"Brazil_North Region":"Région Nord",
"Brazil_Northeast Region":"Nordeste",
"Brazil_Paraiba":"Paraíba",
"Brazil_Parana":"Paraná",
"Brazil_Rio Grande do Norte":"Rio Grande do Norte",
"Brazil_Santa Catarina":"Santa Catarina",
"Brazil_South Region":"Région Sud",
"Brazil_Southeast Region_Espirito Santo":"Espírito Santo",
"Brazil_Southeast Region_Minas Gerais_Contagem":"Minas Gerais — Contagem",
"Brazil_Southeast Region_Minas Gerais_North":"Minas Gerais — Nord",
"Brazil_Southeast Region_Rio de Janeiro":"État de Rio de Janeiro",
"Brazil_Southeast Region_Sao Paulo_Campinas":"État de São Paulo — Campinas",
"Brazil_Southeast Region_Sao Paulo_City":"État de São Paulo — Santos",
"Brazil_Southeast Region_Sao Paulo_West":"État de São Paulo — Ribeirão Preto",
"British Indian Ocean Territory":"Territoire britannique de l'océan Indien",
"British Virgin Islands":"Îles Vierges britanniques",
"Brunei":"Brunei",
"Bulgaria":"Bulgarie",
"Burkina Faso":"Burkina Faso",
"Burundi":"Burundi",
"California":"Californie",
"Cambodia":"Cambodge",
"Cameroon":"Cameroun",
"Cameroon_Central":"Cameroun — Centre",
"Cameroon_West":"Cameroun — Ouest",
"Campo de Hielo Sur":"champ de glace Sud de Patagonie",
"Canada":"Canada",
"Canada_Alberta":"Alberta",
"Canada_Alberta_Edmonton":"Edmonton",
"Canada_Alberta_North":"Alberta — Nord",
"Canada_Alberta_South":"Alberta — Sud",
"Canada_British Columbia":"Colombie-Britannique",
"Canada_British Columbia_Central":"Colombie-Britannique — Centre",
"Canada_British Columbia_Far_North":"Colombie-Britannique — Est",
"Canada_British Columbia_Islands":"Île de Vancouver",
"Canada_British Columbia_North":"Colombie-Britannique — Ouest",
"Canada_British Columbia_Northeast":"Colombie-Britannique — Nord",
"Canada_British Columbia_Southeast":"Kelowna",
"Canada_British Columbia_Vancouver":"Vancouver",
"Canada_Labrador":"Labrador",
"Canada_Labrador_North":"Labrador — Nord",
"Canada_Labrador_South":"Labrador — Sud",
"Canada_Labrador_West":"Labrador — Ouest",
"Canada_Manitoba":"Manitoba",
"Canada_Manitoba_Northeast":"Manitoba — Nord",
"Canada_Manitoba_Northwest":"Manitoba — Ouest",
"Canada_Manitoba_South":"Brandon",
"Canada_Manitoba_Winnipeg":"Winnipeg",
"Canada_New Brunswick":"Nouveau-Brunswick",
"Canada_Newfoundland":"Terre-Neuve",
"Canada_Newfoundland_East":"Terre-Neuve — Est",
"Canada_Newfoundland_North":"Terre-Neuve — Nord",
"Canada_Newfoundland_South":"Terre-Neuve — Sud",
"Canada_Newfoundland_West":"Terre-Neuve — Ouest",
"Canada_Northwest Territories":"Territoires du Nord-Ouest",
"Canada_Northwest Territories_East":"Territoires du Nord-Ouest — Est",
"Canada_Northwest Territories_North":"Territoires du Nord-Ouest — Nord",
"Canada_Northwest Territories_Yellowknife":"Yellowknife",
"Canada_Nova Scotia":"Nouvelle-Écosse",
"Canada_Nova Scotia_Halifax":"Halifax",
"Canada_Nova Scotia_Sydney":"Sydney",
"Canada_Nunavut":"Nunavut",
"Canada_Nunavut_North":"Nunavut — Nord",
"Canada_Nunavut_South":"Nunavut — Sud",
"Canada_Ontario":"Ontario",
"Canada_Ontario_Bame":"Barrie",
"Canada_Ontario_Kingston":"Kingston",
"Canada_Ontario_London":"London",
"Canada_Ontario_Northeastern_Central":"Timmins",
"Canada_Ontario_Northeastern_North":"Moose Factory",
"Canada_Ontario_Northeastern_S":"Grand Sudbury",
"Canada_Ontario_Northeastern_SE":"North Bay",
"Canada_Ontario_Northeastern_SW":"Sault-Sainte-Marie",
"Canada_Ontario_Northeastern_Wawa":"Wawa",
"Canada_Ontario_Northern":"Thunder Bay",
"Canada_Ontario_Northwestern":"Ontario — Nord",
"Canada_Ontario_Toronto":"Toronto",
"Canada_Prince Edward Island":"Île-du-Prince-Édouard",
"Canada_Quebec":"Québec",
"Canada_Quebec_Quebec":"Québec",
"Canada_Quebek_Far North":"Québec — Nord",
"Canada_Quebek_Montreal":"Montréal",
"Canada_Quebek_North":"Sept-Îles",
"Canada_Quebek_Southeast_Rimouski":"Rimouski",
"Canada_Quebek_Southeast_Saguenay":"Saguenay",
"Canada_Quebek_West_Chibougamau":"Chibougamau",
"Canada_Quebek_West_Rouyn-Noranda":"Rouyn-Noranda",
"Canada_Saskatchewan":"Saskatchewan",
"Canada_Saskatchewan_North":"Saskatchewan — Nord",
"Canada_Saskatchewan_South":"Saskatchewan — Sud",
"Canada_Yukon":"Yukon",
"Canada_Yukon_North":"Yukon — Nord",
"Canada_Yukon_Whitehorse":"Whitehorse",
"Cape Verde":"Cap-Vert",
"Caribees":"Petites Antilles",
"Caribisch Nederland":"Pays-Bas caribéens",
"Cayman Islands":"Îles Caïmans",
"Central African Republic":"République centrafricaine",
"Central Anatolia Region":"région de l'Anatolie centrale",
"Chad":"Tchad",
"Chile":"Chili",
"Chile_North":"Chili — Nord",
"Chile_South":"Chili — Sud",
"China_Anhui":"Anhui",
"China_Chongqing":"Chongqing",
"China_Fujian":"Fujian",
"China_Gansu":"Gansu",
"China_Guangdong":"Guangdong",
"China_Guangxi":"Guangxi",
"China_Guizhou":"Guizhou",
"China_Hebei":"Hebei",
"China_Heilongjiang":"Heilongjiang",
"China_Henan":"Henan",
"China_Hubei":"Hubei",
"China_Hunan":"Hunan",
"China_Inner Mongolia":"Mongolie-intérieure",
"China_Jiangsu":"Jiangsu",
"China_Jiangxi":"Jiangxi",
"China_Jilin":"Jilin",
"China_Liaoning":"Liaoning",
"China_Ningxia Hui":"Níngxià",
"China_Qinghai":"Qinghai",
"China_Shaanxi":"Shaanxi",
"China_Shandong":"Shandong",
"China_Shanghai":"Shanghai",
"China_Shanxi":"Shanxi",
"China_Sichuan":"Sichuan",
"China_Tibet Autonomous Region":"Région autonome du Tibet",
"China_Xinjiang":"Xinjiang",
"China_Yunnan":"Yunnan",
"China_Zhejiang":"Zhejiang",
"Colombia":"Colombie",
"Colombia_East":"Colombie — Est",
"Colombia_North":"Colombie — Nord",
"Colombia_West":"Colombie — Ouest",
"Colorado":"Colorado",
"Comoros":"Comores",
"Congo-Brazzaville":"République du Congo",
"Congo-Kinshasa":"République démocratique du Congo",
"Cook Islands":"Îles Cook",
"Costa Rica":"Costa Rica",
"Cote dIvoire":"Côte d'Ivoire",
"Crimea":"Crimée",
"Croatia":"Croatie",
"Cuba":"Cuba",
"Cyprus":"Chypre",
"Czech Republic":"République tchèque",
"Czech_Jihovychod_Jihomoravsky kraj":"Moravie du Sud",
"Czech_Jihovychod_Kraj Vysocina":"Région de Vysočina",
"Czech_Jihozapad_Jihocesky kraj":"Bohême-du-Sud",
"Czech_Jihozapad_Plzensky kraj":"Région de Plzeň",
"Czech_Karlovasky kraj":"Région de Karlovy Vary",
"Czech_Moravskoslezsko":"Région de Moravie-Silésie",
"Czech_Olomoucky kraj":"Région d'Olomouc",
"Czech_Praha":"Prague",
"Czech_Severovychod_Kralovehradecky kraj":"Région de Hradec Králové",
"Czech_Severovychod_Liberecky kraj":"Région de Liberec",
"Czech_Severovychod_Pardubicky kraj":"Région de Pardubice",
"Czech_Stredni Cechy_East":"Bohême centrale — Est",
"Czech_Stredni Cechy_West":"Bohême centrale — Ouest",
"Czech_Ustecky kraj":"Région d'Aussig-sur-Elbe",
"Czech_Zlinsky Kraj":"Région de Zlín",
"Denmark":"Danemark",
"Denmark_Capital Region of Denmark":"Hovedstaden",
"Denmark_Central Denmark Region":"Jutland-Central",
"Denmark_North Denmark Region":"Jutland-du-Nord",
"Denmark_Region Zealand":"Sjælland",
"Denmark_Region of Southern Denmark":"Danemark-du-Sud",
"Djibouti":"Djibouti",
"Dominica":"Dominique",
"Dominican Republic":"République dominicaine",
"East Timor":"Timor oriental",
"Ecuador":"Équateur",
"Egypt":"Égypte",
"El Salvador":"Salvador",
"Equatorial Guinea":"Guinée équatoriale",
"Eritrea":"Érythrée",
"Estonia":"Estonie",
"Estonia_East":"Estonie — Est",
"Estonia_West":"Estonie — Ouest",
"Ethiopia":"Éthiopie",
"Falkland Islands":"îles Malouines",
"Faroe Islands":"Îles Féroé",
"Federated States of Micronesia":"États fédérés de Micronésie",
"Fiji":"Fidji",
"Finland":"Finlande",
"Finland_Eastern Finland":"Finlande orientale",
"Finland_Northern Finland":"Finlande septentrionale",
"Finland_Southern Finland_Helsinki":"Finlande méridionale — Helsinki",
"Finland_Southern Finland_Lappeenranta":"Finlande méridionale — Lappeenranta",
"Finland_Southern Finland_West":"Finlande propre",
"Finland_Western Finland":"Finlande occidentale",
"Florida":"Floride",
"France":"France",
"France_Alsace":"Alsace",
"France_Alsace_Bas-Rhin":"Bas-Rhin‎",
"France_Alsace_Haut-Rhin":"Haut-Rhin‎",
"France_Aquitaine":"Aquitaine",
"France_Aquitaine_Dordogne":"Dordogne",
"France_Aquitaine_Gironde":"Gironde",
"France_Aquitaine_Landes":"Landes",
"France_Aquitaine_Lot-et-Garonne":"Lot-et-Garonne",
"France_Aquitaine_Pyrenees-Atlantiques":"Pyrénées-Atlantiques‎",
"France_Auvergne":"Auvergne",
"France_Auvergne_Allier":"Allier",
"France_Auvergne_Cantal":"Cantal",
"France_Auvergne_Haute-Loire":"Haute-Loire‎",
"France_Auvergne_Puy-de-Dome":"Puy-de-Dôme‎",
"France_Brittany":"Bretagne",
"France_Brittany_Cotes-dArmor":"Côtes-d'Armor‎",
"France_Brittany_Finistere":"Finistère",
"France_Brittany_Ille-et-Vilaine":"Ille-et-Vilaine‎",
"France_Brittany_Morbihan":"Morbihan",
"France_Burgundy":"Bourgogne",
"France_Burgundy_Cote-dOr":"Côte-d'Or‎",
"France_Burgundy_Nievre":"Nièvre",
"France_Burgundy_Saone-et-Loire":"Saône-et-Loire‎",
"France_Burgundy_Yonne":"Yonne‎",
"France_Centre-Val de Loire":"Centre-Val de Loire",
"France_Centre-Val de Loire_Cher":"Cher",
"France_Centre-Val de Loire_Eure-et-Loir":"Eure-et-Loir‎",
"France_Centre-Val de Loire_Indre":"Indre",
"France_Centre-Val de Loire_Indre-et-Loire":"Indre-et-Loire‎",
"France_Centre-Val de Loire_Loir-et-Cher":"Loir-et-Cher‎",
"France_Centre-Val de Loire_Loiret":"Loiret",
"France_Champagne-Ardenne":"Champagne-Ardenne",
"France_Corsica":"Corse",
"France_Free County":"Franche-Comté",
"France_French Guiana":"Guyane",
"France_Ile-de-France":"Île-de-France",
"France_Ile-de-France_Essonne":"Essonne",
"France_Ile-de-France_Hauts-de-Seine":"Hauts-de-Seine‎",
"France_Ile-de-France_Paris":"Paris",
"France_Ile-de-France_Seine-Saint-Denis":"Seine-Saint-Denis‎",
"France_Ile-de-France_Seine-et-Marne":"Seine-et-Marne‎",
"France_Ile-de-France_Val-dOise":"Val-d'Oise‎",
"France_Ile-de-France_Val-de-Marne":"Val-de-Marne‎",
"France_Ile-de-France_Yvelines":"Yvelines",
"France_Languedoc-Roussillon":"Languedoc-Roussillon",
"France_Languedoc-Roussillon_Aude":"Aude",
"France_Languedoc-Roussillon_Gard":"Gard",
"France_Languedoc-Roussillon_Herault":"Hérault‎",
"France_Languedoc-Roussillon_Lozere":"Lozère",
"France_Languedoc-Roussillon_Pyrenees-Orientales":"Pyrénées-Orientales",
"France_Limousin":"Limousin",
"France_Lorraine":"Lorraine",
"France_Lorraine_Meurthe-et-Moselle":"Meurthe-et-Moselle‎",
"France_Lorraine_Meuse":"Meuse",
"France_Lorraine_Moselle":"Moselle",
"France_Lorraine_Vosges":"Vosges",
"France_Lower Normandy":"Basse-Normandie",
"France_Lower Normandy_Calvados":"Calvados",
"France_Lower Normandy_Manche":"Manche",
"France_Lower Normandy_Orne":"Orne",
"France_Midi-Pyrenees":"Midi-Pyrénées",
"France_Midi-Pyrenees_Ariege":"Ariège",
"France_Midi-Pyrenees_Aveyron":"Aveyron‎",
"France_Midi-Pyrenees_Gers":"Gers",
"France_Midi-Pyrenees_Haute-Garonne":"Haute-Garonne",
"France_Midi-Pyrenees_Hautes-Pyrenees":"Hautes-Pyrénées‎",
"France_Midi-Pyrenees_Lot":"Lot",
"France_Midi-Pyrenees_Tarn":"Tarn",
"France_Midi-Pyrenees_Tarn-et-Garonne":"Tarn-et-Garonne‎",
"France_New Caledonia":"Nouvelle-Calédonie",
"France_Nord-Pas-de-Calais":"Nord-Pas-de-Calais",
"France_Nord-Pas-de-Calais_Lille":"Lille",
"France_Nord-Pas-de-Calais_Nord":"Nord",
"France_Nord-Pas-de-Calais_Pas-de-Calais":"Pas-de-Calais",
"France_Pays de la Loire":"Pays de la Loire",
"France_Pays de la Loire_Loire-Atlantique":"Loire-Atlantique",
"France_Pays de la Loire_Maine-et-Loire":"Maine-et-Loire",
"France_Pays de la Loire_Mayenne":"Mayenne",
"France_Pays de la Loire_Sarthe":"Sarthe‎",
"France_Pays de la Loire_Vendee":"Vendée",
"France_Picardy":"Picardie",
"France_Picardy_Aisne":"Aisne",
"France_Picardy_Oise":"Oise",
"France_Picardy_Somme":"Somme",
"France_Poitou-Charentes":"Poitou-Charentes",
"France_Poitou-Charentes_Charente":"Charente",
"France_Poitou-Charentes_Charente-Maritime":"Charente-Maritime‎",
"France_Poitou-Charentes_Deux-Sevres":"Deux-Sèvres‎",
"France_Poitou-Charentes_Vienne":"Vienne",
"France_Provence-Alpes-Cote dAzur":"Provence-Alpes-Côte d'Azur",
"France_Provence-Alpes-Cote dAzur_Alpes-de-Haute-Provence":"Alpes-de-Haute-Provence‎",
"France_Provence-Alpes-Cote dAzur_Bouches-du-Rhone":"Bouches-du-Rhône",
"France_Provence-Alpes-Cote dAzur_Hautes-Alpes":"Hautes-Alpes",
"France_Provence-Alpes-Cote dAzur_Maritime Alps":"Alpes-Maritimes",
"France_Provence-Alpes-Cote dAzur_Var":"Var",
"France_Provence-Alpes-Cote dAzur_Vaucluse":"Vaucluse",
"France_Rhone-Alpes":"Rhône-Alpes",
"France_Rhone-Alpes_Ain":"Ain",
"France_Rhone-Alpes_Ardeche":"Ardèche",
"France_Rhone-Alpes_Drome":"Drôme",
"France_Rhone-Alpes_Haute-Savoie":"Haute-Savoie‎",
"France_Rhone-Alpes_Isere":"Isère",
"France_Rhone-Alpes_Loire":"Loire",
"France_Rhone-Alpes_Rhone":"Rhône",
"France_Rhone-Alpes_Savoie":"Savoie",
"France_Southern Islands":"Terres australes et antarctiques françaises",
"France_Upper Normandy":"Haute-Normandie",
"French Polynesia":"Polynésie française",
"Gabon":"Gabon",
"Georgia":"Géorgie",
"Germany":"Allemagne",
"Germany_Baden-Wurttemberg":"Bade-Wurtemberg",
"Germany_Baden-Wurttemberg_Regierungsbezirk Freiburg":"Fribourg-en-Brisgau",
"Germany_Baden-Wurttemberg_Regierungsbezirk Karlsruhe":"District de Karlsruhe",
"Germany_Baden-Wurttemberg_Regierungsbezirk Stuttgart_Heilbronn":"District de Stuttgart — Heilbronn",
"Germany_Baden-Wurttemberg_Regierungsbezirk Stuttgart_Stuttgart":"District de Stuttgart — Stuttgart",
"Germany_Baden-Wurttemberg_Regierungsbezirk Tubingen":"District de Tübingen",
"Germany_Berlin":"Berlin",
"Germany_Brandenburg_North":"Brandebourg — Nord",
"Germany_Brandenburg_South":"Brandebourg — Sud",
"Germany_Free State of Bavaria":"Bavière",
"Germany_Free State of Bavaria_Lower Bavaria":"district de Basse-Bavière",
"Germany_Free State of Bavaria_Lower Franconia":"district de Basse-Franconie",
"Germany_Free State of Bavaria_Middle Franconia":"district de Moyenne-Franconie",
"Germany_Free State of Bavaria_Swabia":"district de Souabe",
"Germany_Free State of Bavaria_Upper Bavaria_East":"district de Haute-Bavière — Est",
"Germany_Free State of Bavaria_Upper Bavaria_Ingolstadt":"district de Haute-Bavière — Ingolstadt",
"Germany_Free State of Bavaria_Upper Bavaria_Munchen":"district de Haute-Bavière — Munich",
"Germany_Free State of Bavaria_Upper Franconia":"district de Haute-Franconie",
"Germany_Free State of Bavaria_Upper Palatinate":"district du Haut-Palatinat",
"Germany_Hamburg_main":"Hambourg",
"Germany_Hesse":"Hesse",
"Germany_Hesse_Regierungsbezirk Darmstadt":"District de Darmstadt",
"Germany_Hesse_Regierungsbezirk Giessen":"District de Giessen",
"Germany_Hesse_Regierungsbezirk Kassel":"district de Cassel",
"Germany_Lower Saxony":"Basse-Saxe",
"Germany_Lower Saxony_Bremen_Bremen":"Brême",
"Germany_Lower Saxony_Bremen_Munster":"Lunebourg",
"Germany_Lower Saxony_Hannover":"Hanovre",
"Germany_Lower Saxony_Oldenburg":"Oldenbourg",
"Germany_Mecklenburg-Vorpommern":"Mecklembourg-Poméranie-Occidentale",
"Germany_North Rhine-Westphalia":"Rhénanie-du-Nord-Westphalie",
"Germany_North Rhine-Westphalia_Regierungsbezirk Arnsberg_Arnsberg":"District d'Arnsberg — Arnsberg",
"Germany_North Rhine-Westphalia_Regierungsbezirk Arnsberg_Dortmund":"District d'Arnsberg — Dortmund",
"Germany_North Rhine-Westphalia_Regierungsbezirk Detmold":"District de Detmold",
"Germany_North Rhine-Westphalia_Regierungsbezirk Dusseldorf_Dusseldorf":"District de Düsseldorf — Düsseldorf",
"Germany_North Rhine-Westphalia_Regierungsbezirk Dusseldorf_Mulheim":"District de Düsseldorf — Mülheim",
"Germany_North Rhine-Westphalia_Regierungsbezirk Dusseldorf_Wesel":"District de Düsseldorf — Wesel",
"Germany_North Rhine-Westphalia_Regierungsbezirk Koln_Aachen":"District de Cologne — Aix-la-Chapelle",
"Germany_North Rhine-Westphalia_Regierungsbezirk Koln_Koln":"District de Cologne — Cologne",
"Germany_North Rhine-Westphalia_Regierungsbezirk Munster_Munster":"District de Münster — Münster",
"Germany_North Rhine-Westphalia_Regierungsbezirk Munster_Recklinghausen":"District de Münster — Recklinghausen",
"Germany_Rhineland-Palatinate_Koblenz":"Rhénanie-Palatinat — Coblence",
"Germany_Rhineland-Palatinate_South":"Rhénanie-Palatinat — Mayence",
"Germany_Saarland":"Sarre",
"Germany_Saxony-Anhalt":"Saxe-Anhalt",
"Germany_Saxony_Dresden":"Saxe — Dresde",
"Germany_Saxony_Leipzig":"Saxe — Leipzig",
"Germany_Schleswig-Holstein":"Schleswig-Holstein",
"Germany_Thuringia":"Thuringe",
"Ghana":"Ghana",
"Gibraltar":"Gibraltar",
"Greece":"Grèce",
"Greece_Decentralized Administration of Aegean":"Égée",
"Greece_Decentralized Administration of Attica":"Attique",
"Greece_Decentralized Administration of Crete":"Crète",
"Greece_Decentralized Administration of Epirus - Western Macedonia":"Épire-Macédoine occidentale",
"Greece_Decentralized Administration of Macedonia and Thrace":"Macédoine-et-Thrace",
"Greece_Decentralized Administration of Thessaly - Central Greece":"Thessalie-Grèce centrale",
"Greece_Decentralized Administration of West Greece":"Péloponnèse",
"Greenland":"Groenland",
"Grenada":"Grenade",
"Guadeloupe":"Guadeloupe",
"Guatemala":"Guatemala",
"Guernsey":"Bailliage de Guernesey",
"Guinea":"Guinée",
"Guinea-Bissau":"Guinée-Bissau",
"Guyana":"Guyana",
"Haiti":"Haïti",
"Honduras":"Honduras",
"Hungary":"Hongrie",
"Hungary_Kozep-Magyarorszag":"Hongrie centrale",
"Hungary_Northern Great Plain":"Hongrie — Est",
"Hungary_Transdanubia":"Hongrie — Ouest",
"Iceland":"Islande",
"Illinois":"Illinois",
"India":"Inde",
"India_Andaman and Nicobar Islands":"Îles Andaman-et-Nicobar",
"India_Andhra Pradesh":"Andhra Pradesh",
"India_Arunachal Pradesh":"Arunachal Pradesh",
"India_Assam":"Assam",
"India_Bihar":"Bihar",
"India_Chandigarh":"Chandigarh",
"India_Chhattisgarh":"Chhattisgarh",
"India_Delhi":"Delhi",
"India_Goa":"Goa",
"India_Gujarat":"Gujarat",
"India_Haryana":"Haryana",
"India_Himachal Pradesh":"Himachal Pradesh",
"India_Jammu and Kashmir":"Jammu-et-Cachemire",
"India_Jharkhand":"Jharkhand",
"India_Karnataka":"Karnataka",
"India_Kerala":"Kerala",
"India_Lakshadweep":"Lakshadweep",
"India_Madhya Pradesh":"Madhya Pradesh",
"India_Maharashtra":"Maharashtra",
"India_Manipur":"Manipur",
"India_Meghalaya":"Meghalaya",
"India_Mizoram":"Mizoram",
"India_Nagaland":"Nagaland",
"India_Odisha":"Orissa",
"India_Punjab":"Pendjab",
"India_Rajasthan":"Rajasthan",
"India_Sikkim":"Sikkim",
"India_Tamil Nadu":"Tamil Nadu",
"India_Telangana":"Télangana",
"India_Tripura":"Tripura",
"India_Uttar Pradesh":"Uttar Pradesh",
"India_Uttarakhand":"Uttarakhand",
"India_West Bengal":"Bengale-Occidental",
"Indiana":"Indiana",
"Indonesia":"Indonésie",
"Indonesia_Central":"Célèbes, Kalimantan",
"Indonesia_East":"Indonésie — Est",
"Indonesia_Jawa Barat":"Java occidental",
"Indonesia_Jawa Tengah":"Java central",
"Indonesia_Jawa Timur":"Java oriental",
"Indonesia_Nusa Tenggara":"Petites îles de la Sonde",
"Indonesia_West":"Sumatra",
"Iowa":"Iowa",
"Iran":"Iran",
"Iran_North":"Iran — Nord",
"Iran_South":"Iran — Sud",
"Iraq":"Irak",
"Ireland":"Irlande",
"Ireland_Connacht":"Connacht",
"Ireland_Leinster":"Leinster",
"Ireland_Munster":"Munster",
"Ireland_Northern Counties":"Ulster",
"Isle of Man":"Île de Man",
"Israel":"Israël",
"Israel Region":"Israël",
"Italy":"Italie",
"Italy_Abruzzo":"Abruzzes",
"Italy_Aosta Valley":"Vallée d'Aoste",
"Italy_Apulia":"Pouilles",
"Italy_Basilicata":"Basilicate",
"Italy_Calabria":"Calabre",
"Italy_Campania":"Campanie",
"Italy_Emilia":"Émilie-Romagne",
"Italy_Emilia-Romagna_Bologna":"Province de Bologne",
"Italy_Emilia-Romagna_Ferrara":"Province de Ferrare",
"Italy_Emilia-Romagna_Forli-Cesena":"Province de Forlì-Cesena",
"Italy_Emilia-Romagna_Modena":"Province de Modène",
"Italy_Emilia-Romagna_Parma":"Province de Parme",
"Italy_Emilia-Romagna_Piacenza":"Province de Plaisance",
"Italy_Emilia-Romagna_Ravenna":"Province de Ravenne",
"Italy_Emilia-Romagna_Reggio Emilia":"Province de Reggio d'Émilie",
"Italy_Emilia-Romagna_Rimini":"Province de Rimini",
"Italy_Friuli":"Frioul-Vénétie julienne",
"Italy_Friuli-Venezia Giulia_Gorizia":"Province de Gorizia",
"Italy_Friuli-Venezia Giulia_Pordenone":"Province de Pordenone",
"Italy_Friuli-Venezia Giulia_Trieste":"Province de Trieste",
"Italy_Friuli-Venezia Giulia_Udine":"Province d'Udine",
"Italy_Lazio":"Latium",
"Italy_Liguria":"Ligurie",
"Italy_Lombardy":"Lombardie",
"Italy_Lombardy_Bergamo":"Province de Bergame",
"Italy_Lombardy_Brescia":"Province de Brescia",
"Italy_Lombardy_Como":"Province de Côme",
"Italy_Lombardy_Cremona":"Province de Crémone",
"Italy_Lombardy_Lecco":"Province de Lecco",
"Italy_Lombardy_Lodi":"Province de Lodi",
"Italy_Lombardy_Mantua":"Province de Mantoue",
"Italy_Lombardy_Milan":"province de Milan",
"Italy_Lombardy_Monza and Brianza":"Province de Monza et de la Brianza",
"Italy_Lombardy_Pavia":"province de Pavie",
"Italy_Lombardy_Sondrio":"province de Sondrio",
"Italy_Lombardy_Varese":"Province de Varèse",
"Italy_Marche":"Marches",
"Italy_Molise":"Molise",
"Italy_Piemont":"Piémont",
"Italy_Piemont_Alessandria":"Province d'Alexandrie",
"Italy_Piemont_Asti":"Province d'Asti",
"Italy_Piemont_Biella":"Province de Biella",
"Italy_Piemont_Cuneo":"Province de Coni",
"Italy_Piemont_Novara":"Province de Novare",
"Italy_Piemont_Torino":"province de Turin",
"Italy_Piemont_Verbano-Cusio-Ossola":"province du Verbano-Cusio-Ossola",
"Italy_Piemont_Vercelli":"Province de Verceil",
"Italy_Sardinia":"Sardaigne",
"Italy_Sicily":"Sicile",
"Italy_Trentino-Alto Adige Sudtirol":"Trentin-Haut-Adige",
"Italy_Tuscany_Grosseto":"Toscane — Province de Grosseto",
"Italy_Tuscany_Massa e Carrara":"Toscane — Province de Massa-Carrara",
"Italy_Umbria":"Ombrie",
"Italy_Veneto":"Vénétie",
"Italy_Veneto_Belluno":"province de Belluno",
"Italy_Veneto_Padova":"Province de Padoue",
"Italy_Veneto_Rovigo":"province de Rovigo",
"Italy_Veneto_Treviso":"Province de Trévise",
"Italy_Veneto_Venezia":"province de Venise",
"Italy_Veneto_Verona":"province de Vérone",
"Italy_Veneto_Vicenza":"province de Vicence",
"Jamaica":"Jamaïque",
"Japan":"Japon",
"Japan_Chubu Region":"Région du Chūbu",
"Japan_Chubu Region_Aichi":"préfecture d'Aichi",
"Japan_Chubu Region_Fukui":"préfecture de Fukui",
"Japan_Chubu Region_Gifu":"préfecture de Gifu",
"Japan_Chubu Region_Ishikawa":"préfecture d'Ishikawa",
"Japan_Chubu Region_Nagano":"préfecture de Nagano",
"Japan_Chubu Region_Niigata":"préfecture de Niigata",
"Japan_Chubu Region_Shizuoka":"préfecture de Shizuoka",
"Japan_Chubu Region_Toyama":"préfecture de Toyama",
"Japan_Chubu Region_Yamanashi":"préfecture de Yamanashi",
"Japan_Chugoku Region":"Région de Chūgoku",
"Japan_Chugoku Region_Hiroshima":"préfecture de Hiroshima",
"Japan_Chugoku Region_Okayama":"préfecture d'Okayama",
"Japan_Chugoku Region_Shimane":"préfecture de Shimane",
"Japan_Chugoku Region_Tottori":"préfecture de Tottori",
"Japan_Chugoku Region_Yamaguchi":"préfecture de Yamaguchi",
"Japan_Hokkaido Region":"Hokkaidō",
"Japan_Hokkaido Region_East":"Hokkaidō — Est",
"Japan_Hokkaido Region_North":"Hokkaidō — Nord",
"Japan_Hokkaido Region_West":"Hokkaidō — Ouest",
"Japan_Kanto":"Région de Kantō",
"Japan_Kanto_Chiba":"préfecture de Chiba",
"Japan_Kanto_Gunma":"préfecture de Gunma",
"Japan_Kanto_Ibaraki":"préfecture d'Ibaraki",
"Japan_Kanto_Kanagawa":"préfecture de Kanagawa",
"Japan_Kanto_Saitama":"préfecture de Saitama",
"Japan_Kanto_Tochigi":"préfecture de Tochigi",
"Japan_Kanto_Tokyo":"préfecture de Tokyo",
"Japan_Kinki Region":"région du Kansai",
"Japan_Kinki Region_Mie":"préfecture de Mie",
"Japan_Kinki Region_Nara":"préfecture de Nara",
"Japan_Kinki Region_Osaka":"préfecture d'Osaka",
"Japan_Kinki Region_Wakayama":"préfecture de Wakayama",
"Japan_Kyushu Region":"Kyūshū",
"Japan_Kyushu Region_Fukuoka":"préfecture de Fukuoka",
"Japan_Kyushu Region_Kagoshima":"préfecture de Kagoshima",
"Japan_Kyushu Region_Kumamoto":"préfecture de Kumamoto",
"Japan_Kyushu Region_Miyazaki":"préfecture de Miyazaki",
"Japan_Kyushu Region_Nagasaki":"préfecture de Nagasaki",
"Japan_Kyushu Region_Oita":"préfecture d'Ōita",
"Japan_Kyushu Region_Okinawa":"préfecture d'Okinawa",
"Japan_Kyushu Region_Saga":"préfecture de Saga",
"Japan_Shikoku Region":"Shikoku",
"Japan_Shikoku Region_Ehime":"préfecture d'Ehime",
"Japan_Shikoku Region_Kagawa":"Préfecture de Kagawa",
"Japan_Shikoku Region_Kochi":"préfecture de Kōchi",
"Japan_Shikoku Region_Kyoto":"préfecture de Kyoto",
"Japan_Shikoku Region_Tokushima":"préfecture de Tokushima",
"Japan_Tohoku":"Région de Tōhoku",
"Japan_Tohoku_Akita":"préfecture d'Akita",
"Japan_Tohoku_Aomori":"préfecture d'Aomori",
"Japan_Tohoku_Fukushima":"préfecture de Fukushima",
"Japan_Tohoku_Iwate":"préfecture d'Iwate",
"Japan_Tohoku_Miyagi":"préfecture de Miyagi",
"Japan_Tohoku_Yamagata":"préfecture de Yamagata",
"Jersey":"Jersey",
"Jerusalem":"Jérusalem",
"Jordan":"Jordanie",
"Kansas":"Kansas",
"Kazakhstan":"Kazakhstan",
"Kentucky":"Kentucky",
"Kenya":"Kenya",
"Kingdom of Lesotho":"Lesotho",
"Kiribati":"Kiribati",
"Kuwait":"Koweït",
"Kyrgyzstan":"Kirghizistan",
"Laos":"Laos",
"Latvia":"Lettonie",
"Lebanon":"Liban",
"Liberia":"Liberia",
"Libya":"Libye",
"Liechtenstein":"Liechtenstein",
"Lithuania":"Lituanie",
"Louisiana":"Louisiane",
"Luxembourg":"Luxembourg",
"Macedonia":"République de Macédoine",
"Madagascar":"Madagascar",
"Malawi":"Malawi",
"Malaysia":"Malaisie",
"Maldives":"Maldives",
"Mali":"Mali",
"Malta":"Malte",
"Marshall Islands":"Îles Marshall",
"Martinique":"Martinique",
"Maryland":"Maryland",
"Massachusetts":"Massachusetts",
"Mauritania":"Mauritanie",
"Mauritius":"Maurice",
"Mexico":"Mexique",
"Mexico_California":"Basse-Californie",
"Mexico_Central_East":"Nuevo León",
"Mexico_Central_West":"Nayarit",
"Mexico_East":"Mexique — Est",
"Mexico_Mexico":"Mexico",
"Mexico_North":"Mexique — Nord",
"Mexico_South":"Mexique — Sud",
"Michigan":"Michigan",
"Minnesota":"Minnesota",
"Missouri":"Missouri",
"Moldova":"Moldavie",
"Monaco":"Monaco",
"Mongolia":"Mongolie",
"Montenegro":"Monténégro",
"Montserrat":"Montserrat",
"Morocco":"Maroc",
"Morocco_Doukkala-Abda":"Doukkala-Abda",
"Morocco_Rabat-Sale-Zemmour-Zaer":"Rabat-Salé-Zemmour-Zaër",
"Morocco_Southern":"Maroc — Sud",
"Morocco_Western Sahara":"Sahara occidental",
"Mozambique":"Mozambique",
"Myanmar":"Birmanie",
"Nagorno-Karabakh":"Haut-Karabagh",
"Namibia":"Namibie",
"Nauru":"Nauru",
"Nepal":"Népal",
"Nepal_East":"Népal — Est",
"Nepal_West":"Népal — Ouest",
"Netherlands":"Pays-Bas",
"Netherlands_Drenthe":"Drenthe",
"Netherlands_Flevoland":"Flevoland",
"Netherlands_Friesland":"Frise",
"Netherlands_Gelderland_Nijmegen":"Gueldre — Nimègue",
"Netherlands_Gelderland_North":"Gueldre — Apeldoorn",
"Netherlands_Gelderland_Zutphen":"Gueldre — Zutphen",
"Netherlands_Groningen":"Groningue",
"Netherlands_Limburg":"Province de Limbourg",
"Netherlands_North Brabant_Eindhoven":"Brabant-Septentrional — Eindhoven",
"Netherlands_North Brabant_Roosendaal":"Brabant-Septentrional — Roosendaal",
"Netherlands_North Brabant_Tiburg":"Brabant-Septentrional — Tilburg",
"Netherlands_North Brabant_Uden":"Brabant-Septentrional — Uden",
"Netherlands_North Holland_Alkmaar":"Hollande-Septentrionale — Alkmaar",
"Netherlands_North Holland_Amsterdam":"Hollande-Septentrionale — Amsterdam",
"Netherlands_North Holland_Zaandam":"Hollande-Septentrionale — Zaanstad",
"Netherlands_Overijssel_Enschede":"Overijssel — Enschede",
"Netherlands_Overijssel_Zwolle":"Overijssel — Zwolle",
"Netherlands_South Holland_Brielle":"Hollande-Méridionale — Brielle",
"Netherlands_South Holland_Den Haag":"Hollande-Méridionale — La Haye",
"Netherlands_South Holland_Leiden":"Hollande-Méridionale — Leyde",
"Netherlands_South Holland_Rotterdam":"Hollande-Méridionale — Rotterdam",
"Netherlands_Utrecht_Amersfoort":"Utrecht — Amersfoort",
"Netherlands_Utrecht_Utrecht":"Utrecht — Utrecht",
"Netherlands_Zeeland":"Zélande",
"New Jersey":"New Jersey",
"New York":"État de New York",
"New Zealand":"Nouvelle-Zélande",
"New Zealand North_Auckland":"Nord — Auckland",
"New Zealand North_Wellington":"Nord — Wellington",
"New Zealand South_Canterbury":"Sud — Canterbury",
"New Zealand South_Southland":"Sud — Southland",
"Nicaragua":"Nicaragua",
"Niger":"Niger",
"Nigeria":"Nigeria",
"Niue":"Niue",
"North Carolina":"Caroline du Nord",
"North Dakota":"Dakota du Nord",
"North Korea":"Corée du Nord",
"Norway":"Norvège",
"Norway_Bouvet Island":"île Bouvet",
"Norway_Central":"Oslo",
"Norway_Hedmark":"Comté de Hedmark",
"Norway_Jan Mayen":"Jan Mayen",
"Norway_Northern":"Nord-Norge",
"Norway_Oppland":"Comté d'Oppland",
"Norway_Southern":"Sørlandet",
"Norway_Svalbard":"Svalbard",
"Norway_Trondelag":"Trøndelag",
"Norway_Western":"Vestlandet",
"Ohio":"Ohio",
"Oklahoma":"Oklahoma",
"Oman":"Oman",
"Oregon":"Oregon",
"Pakistan":"Pakistan",
"Palau":"Palaos",
"Palestine":"Palestine",
"Palestine Region":"Palestine",
"Panama":"Panama",
"Papua New Guinea":"Papouasie-Nouvelle-Guinée",
"Paraguay":"Paraguay",
"Pennsylvania":"Pennsylvanie",
"People's Republic of China":"République populaire de Chine",
"Peru":"Pérou",
"Peru_North":"Pérou — Nord",
"Peru_South":"Pérou — Sud",
"Philippines":"Philippines",
"Philippines_Luzon_Manila":"Grand Manille",
"Philippines_Luzon_North":"Luçon — Nord",
"Philippines_Luzon_South":"Luçon — Sud",
"Philippines_Mindanao":"Mindanao",
"Philippines_Visayas":"Visayas",
"Pitcairn Islands":"Îles Pitcairn",
"Poland":"Pologne",
"Poland_Greater Poland Voivodeship":"Voïvodie de Grande-Pologne",
"Poland_Kuyavian-Pomeranian Voivodeship":"Voïvodie de Couïavie-Poméranie",
"Poland_Lesser Poland Voivodeship":"Voïvodie de Petite-Pologne",
"Poland_Lodz Voivodeship":"Voïvodie de Łódź",
"Poland_Lower Silesian Voivodeship":"Voïvodie de Basse-Silésie",
"Poland_Lublin Voivodeship":"Voïvodie de Lublin",
"Poland_Lubusz Voivodeship":"Voïvodie de Lubusz",
"Poland_Masovian Voivodeship":"Voïvodie de Mazovie",
"Poland_Opole Voivodeship":"Voïvodie d'Opole",
"Poland_Podlaskie Voivodeship":"Voïvodie de Podlachie",
"Poland_Pomeranian Voivodeship":"Voïvodie de Poméranie",
"Poland_Silesian Voivodeship":"Voïvodie de Silésie",
"Poland_Subcarpathian Voivodeship":"Voïvodie des Basses-Carpates",
"Poland_Swietokrzyskie Voivodeship":"Voïvodie de Sainte-Croix",
"Poland_Warmian-Masurian Voivodeship":"Voïvodie de Varmie-Mazurie",
"Poland_West Pomeranian Voivodeship":"Voïvodie de Poméranie occidentale",
"Portugal":"Portugal",
"Portugal_North":"Portugal — Nord",
"Portugal_South":"Portugal — Sud",
"Qatar":"Qatar",
"Republic of Kosovo":"République du Kosovo",
"Romania":"Roumanie",
"Romania_Centre":"Région de développement Centre",
"Romania_North_East":"Région de développement Nord-Est",
"Romania_North_West":"Région de développement Nord-Vest",
"Romania_South":"Région de développement Sud",
"Romania_South_East":"Région de développement Sud-Est",
"Romania_South_West":"Région de développement Sud-Vest",
"Romania_West":"Région de développement Ouest",
"Russia_Altai Krai":"Kraï de l'Altaï",
"Russia_Altai Republic":"République de l'Altaï",
"Russia_Amur Oblast":"Oblast d'Amour",
"Russia_Arkhangelsk Oblast_Central":"Oblast d'Arkhangelsk — Centre",
"Russia_Arkhangelsk Oblast_North":"Oblast d'Arkhangelsk — Nord",
"Russia_Astrakhan Oblast":"Oblast d'Astrakhan",
"Russia_Bashkortostan":"Bachkirie",
"Russia_Belgorod Oblast":"oblast de Belgorod",
"Russia_Bryansk Oblast":"Oblast de Briansk",
"Russia_Buryatia":"Bouriatie",
"Russia_Chechen Republic":"Tchétchénie",
"Russia_Chelyabinsk Oblast":"Oblast de Tcheliabinsk",
"Russia_Chukotka Autonomous Okrug":"Tchoukotka",
"Russia_Chuvashia":"Tchouvachie",
"Russia_Ingushetia":"Ingouchie",
"Russia_Irkutsk Oblast":"Oblast d'Irkoutsk",
"Russia_Ivanovo Oblast":"Oblast d'Ivanovo",
"Russia_Jewish Autonomous Oblast":"Oblast autonome juif",
"Russia_Kabardino-Balkaria":"Kabardino-Balkarie",
"Russia_Kaliningrad Oblast":"Oblast de Kaliningrad",
"Russia_Kaluga Oblast":"Oblast de Kalouga",
"Russia_Kamchatka Krai":"Kraï du Kamtchatka",
"Russia_Karachay-Cherkessia":"Karatchaïévo-Tcherkessie",
"Russia_Kemerov Oblast":"oblast de Kemerovo",
"Russia_Khabarovsk Krai":"Kraï de Khabarovsk",
"Russia_Khakassia":"Khakassie",
"Russia_Kirov Oblast":"Oblast de Kirov",
"Russia_Komi Republic":"République des Komis",
"Russia_Kostroma Oblast":"Oblast de Kostroma",
"Russia_Krasnodar Krai":"Kraï de Krasnodar — Nord",
"Russia_Krasnodar Krai_Adygeya":"Kraï de Krasnodar, Adyguée",
"Russia_Krasnoyarsk Krai":"Kraï de Krasnoïarsk",
"Russia_Kurgan Oblast":"Oblast de Kourgan",
"Russia_Kursk Oblast":"Oblast de Koursk",
"Russia_Leningradskaya Oblast_Karelsky":"Oblast de Léningrad — Nord",
"Russia_Leningradskaya Oblast_Southeast":"Oblast de Léningrad — Sud",
"Russia_Lipetsk Oblast":"oblast de Lipetsk",
"Russia_Magadan Oblast":"Oblast de Magadan",
"Russia_Mari El":"République des Maris",
"Russia_Moscow":"Moscou",
"Russia_Moscow Oblast":"oblast de Moscou",
"Russia_Murmansk Oblast":"Oblast de Mourmansk",
"Russia_Nenets Autonomous Okrug":"Nénétsie",
"Russia_Nizhny Novgorod Oblast":"oblast de Nijni Novgorod",
"Russia_North Ossetia-Alania":"Ossétie-du-Nord-Alanie",
"Russia_Novgorod Oblast":"oblast de Novgorod",
"Russia_Novosibirsk Oblast":"Oblast de Novossibirsk",
"Russia_Omsk Oblast":"Oblast d'Omsk",
"Russia_Orenburg Oblast":"Oblast d'Orenbourg",
"Russia_Oryol Oblast":"Oblast d'Orel",
"Russia_Penza Oblast":"oblast de Penza",
"Russia_Perm Krai":"Kraï de Perm",
"Russia_Primorsky Krai":"Kraï du Primorie",
"Russia_Pskov Oblast":"Oblast de Pskov",
"Russia_Republic of Dagestan":"Daghestan",
"Russia_Republic of Kalmykia":"Kalmoukie",
"Russia_Republic of Karelia":"République de Carélie",
"Russia_Republic of Mordovia":"Mordovie",
"Russia_Rostov Oblast":"Oblast de Rostov",
"Russia_Ryazan Oblast":"Oblast de Riazan",
"Russia_Saint Petersburg":"Saint-Pétersbourg",
"Russia_Sakha Republic":"République de Sakha",
"Russia_Sakhalin Oblast":"Oblast de Sakhaline",
"Russia_Samara Oblast":"Oblast de Samara",
"Russia_Saratov Oblast":"Oblast de Saratov",
"Russia_Smolensk Oblast":"Oblast de Smolensk",
"Russia_Stavropol Krai":"Kraï de Stavropol",
"Russia_Sverdlovsk Oblast":"Oblast de Sverdlovsk",
"Russia_Tambov Oblast":"oblast de Tambov",
"Russia_Tatarstan":"Tatarstan",
"Russia_Tomsk Oblast":"Oblast de Tomsk",
"Russia_Tula Oblast":"Oblast de Toula",
"Russia_Tuva":"Touva",
"Russia_Tver Oblast":"Oblast de Tver",
"Russia_Tyumen Oblast":"Oblast de Tioumen",
"Russia_Udmurt Republic":"Oudmourtie",
"Russia_Ulyanovsk Oblast":"Oblast d'Oulianovsk",
"Russia_Vladimir Oblast":"Oblast de Vladimir",
"Russia_Volgograd Oblast":"Oblast de Volgograd",
"Russia_Vologda Oblast":"Oblast de Vologda",
"Russia_Voronezh Oblast":"oblast de Voronej",
"Russia_Yamalo-Nenets Autonomous Okrug":"Iamalie",
"Russia_Yaroslavl Oblast":"Oblast de Iaroslavl",
"Russia_Yugra":"Khantys-Mansis",
"Russia_Zabaykalsky Krai":"Kraï de Transbaïkalie",
"Russian Federation":"Russie",
"Rwanda":"Rwanda",
"Sahrawi Arab Democratic Republic":"République sahraouie",
"Saint Barthelemy":"Saint-Barthélemy",
"Saint Helena Ascension and Tristan da Cunha":"Sainte-Hélène, Ascension et Tristan da Cunha",
"Saint Kitts and Nevis":"Saint-Christophe-et-Niévès",
"Saint Lucia":"Sainte-Lucie",
"Saint Martin":"Saint-Martin",
"Saint Vincent and the Grenadines":"Saint-Vincent-et-les-Grenadines",
"Samoa":"Samoa",
"San Marino":"Saint-Marin",
"Sao Tome and Principe":"Sao Tomé-et-Principe",
"Saudi Arabia":"Arabie saoudite",
"Senegal":"Sénégal",
"Serbia":"Serbie",
"Seychelles":"Seychelles",
"Sierra Leone":"Sierra Leone",
"Singapore":"Singapour",
"Slovakia":"Slovaquie",
"Slovakia_Region of Banska Bystrica":"Région de Banská Bystrica",
"Slovakia_Region of Bratislava":"Région de Bratislava",
"Slovakia_Region of Kosice":"Région de Košice",
"Slovakia_Region of Nitra":"Région de Nitra",
"Slovakia_Region of Presov":"Région de Prešov",
"Slovakia_Region of Trencin":"Région de Trenčín",
"Slovakia_Region of Trnava":"Région de Trnava",
"Slovakia_Region of Zilina":"Région de Žilina",
"Slovenia":"Slovénie",
"Solomon Islands":"Salomon",
"Somalia":"Somalie",
"South Africa":"Afrique du Sud",
"South Africa_Eastern Cape":"Cap oriental",
"South Africa_Free State":"État-Libre",
"South Africa_Gauteng":"Gauteng",
"South Africa_KwaZulu-Natal":"KwaZulu-Natal",
"South Africa_Limpopo":"Limpopo",
"South Africa_Mpumalanga":"Mpumalanga",
"South Africa_North West":"Nord-Ouest",
"South Africa_Northern Cape":"Cap du Nord",
"South Africa_Western Cape":"Cap occidental",
"South Carolina":"Caroline du Sud",
"South Georgia and the South Sandwich Islands":"Géorgie du Sud-et-les Îles Sandwich du Sud",
"South Korea":"Corée du Sud",
"South Korea_North":"Corée du Sud — Nord",
"South Korea_South":"Corée du Sud — Sud",
"South Ossetia":"Ossétie du Sud",
"South Sudan":"Soudan du Sud",
"Spain":"Espagne",
"Spain_Andalusia":"Andalousie",
"Spain_Aragon":"Aragon",
"Spain_Balearic Islands":"Îles Baléares",
"Spain_Basque Country":"Pays basque",
"Spain_Canary Islands":"Îles Canaries",
"Spain_Cantabria":"Cantabrie",
"Spain_Castile and Leon":"Castille-et-León",
"Spain_Castile-La Mancha":"Castille-La Manche",
"Spain_Catalonia_Provincia de Barcelona":"Province de Barcelone",
"Spain_Catalonia_Provincia de Girona":"Province de Gérone",
"Spain_Catalonia_Provincia de Lleida":"province de Lérida",
"Spain_Catalonia_Provincia de Tarragona":"Province de Tarragone",
"Spain_Ceuta":"Ceuta",
"Spain_Community of Madrid":"communauté de Madrid",
"Spain_Comunidad Foral de Navarra":"communauté forale de Navarre",
"Spain_Extremadura":"Estrémadure",
"Spain_Galicia":"Galice",
"Spain_La Rioja":"La Rioja",
"Spain_Melilla":"Melilla",
"Spain_Principado de Asturias":"Asturies",
"Spain_Region de Murcia":"Région de Murcie",
"Spain_Valencian Community":"communauté valencienne",
"Sri Lanka":"Sri Lanka",
"Sudan":"Soudan",
"Suriname":"Suriname",
"Swaziland":"Swaziland",
"Sweden":"Suède",
"Sweden_Bergslagen":"Bergslagen",
"Sweden_Malardalen":"Mälardalen",
"Sweden_Mellannorrland":"Norrland",
"Sweden_Norra Sverige":"Norra Sverige",
"Sweden_Ostra Gotaland":"Östra Götaland",
"Sweden_Sodra Gotaland":"Södra Götaland",
"Sweden_Vastra Gotaland":"Östra Götaland",
"Switzerland":"Suisse",
"Switzerland_Central":"Suisse centrale",
"Switzerland_Eastern":"Suisse orientale",
"Switzerland_Espace Mittelland":"Espace Mittelland",
"Switzerland_Lake Geneva region":"Région lémanique",
"Switzerland_Northwestern":"Suisse du Nord-Ouest",
"Switzerland_Ticino":"Tessin",
"Switzerland_Zurich":"Région métropolitaine de Zurich",
"Syria":"Syrie",
"Taiwan":"Taïwan",
"Tajikistan":"Tadjikistan",
"Tanzania":"Tanzanie",
"Tennessee":"Tennessee",
"Texas":"Texas",
"Thailand":"Thaïlande",
"Thailand_North":"Thaïlande — Nord",
"Thailand_South":"Thaïlande — Sud",
"The Bahamas":"Bahamas",
"The Gambia":"Gambie",
"Togo":"Togo",
"Tokelau":"Tokelau",
"Tonga":"Tonga",
"Trinidad and Tobago":"Trinité-et-Tobago",
"Tunisia":"Tunisie",
"Turkey":"Turquie",
"Turkey_Aegean Region":"Région égéenne",
"Turkey_Black Sea Region":"Région de la mer Noire",
"Turkey_Eastern Anatolia Region":"Région de l'Anatolie orientale",
"Turkey_Marmara Region":"Région de Marmara",
"Turkey_Mediterranean Region":"Région méditerranéenne",
"Turkey_Southeastern Anatolia Region":"Région de l'Anatolie du sud-est",
"Turkmenistan":"Turkménistan",
"Turks and Caicos Islands":"Îles Turques-et-Caïques",
"Tuvalu":"Tuvalu",
"UK_England_East Midlands":"Midlands de l'Est",
"UK_England_East of England_Essex":"Angleterre de l'Est — Essex",
"UK_England_East of England_Norfolk":"Angleterre de l'Est — Norfolk",
"UK_England_Greater London":"Grand Londres",
"UK_England_North East England":"Angleterre du Nord-Est",
"UK_England_North West England":"Angleterre du Nord-Ouest",
"UK_England_South East_Brighton":"Angleterre du Sud-Est — Brighton",
"UK_England_South East_Oxford":"Angleterre du Sud-Est — Oxford",
"UK_England_South West England_Bristol":"Angleterre du Sud-Ouest — Bristol",
"UK_England_South West England_Cornwall":"Angleterre du Sud-Ouest — Cornouailles",
"UK_England_West Midlands":"Midlands de l'Ouest",
"UK_England_Yorkshire and the Humber":"Yorkshire-et-Humber",
"UK_Northern Ireland":"Irlande du Nord",
"UK_Scotland_North":"Écosse — Nord",
"UK_Scotland_South":"Écosse — Sud",
"UK_Wales":"Pays de Galles",
"US_Alabama_Birmingham":"Birmingham",
"US_Alabama_Montgomery":"Montgomery",
"US_Alaska":"Alaska",
"US_Arizona_Flagstaff":"Flagstaff",
"US_Arizona_Phoenix":"Phoenix",
"US_Arizona_Tucson":"Tucson",
"US_Arkansas":"Arkansas",
"US_California_Bakersfield_Bakersfield":"Bakersfield",
"US_California_Bakersfield_Lancaster":"Lancaster",
"US_California_Chico":"Chico",
"US_California_LA":"Los Angeles",
"US_California_LA North":"Los Angeles — Nord",
"US_California_Redding":"Redding",
"US_California_Sacramento_Fresno":"Fresno",
"US_California_Sacramento_Sacramento":"Sacramento",
"US_California_Sacramento_Stockton":"Stockton",
"US_California_San Diego":"San Diego",
"US_California_Santa_Clara_Palo Alto":"San Francisco",
"US_California_Santa_Clara_Santa Cruz":"Santa Cruz",
"US_Colorado_Aspen":"Aspen",
"US_Colorado_Denver":"Denver",
"US_Colorado_South":"Colorado — Sud",
"US_Connecticut":"Connecticut",
"US_Delaware":"Delaware",
"US_Florida_Jacksonville":"Jacksonville",
"US_Florida_Miami":"Miami",
"US_Florida_Orlando":"Orlando",
"US_Florida_Tampa":"Tampa",
"US_Georgia":"Géorgie",
"US_Georgia_Atlanta":"Atlanta",
"US_Georgia_Macon":"Macon",
"US_Georgia_North":"Géorgie — Nord",
"US_Georgia_South":"Géorgie — Sud",
"US_Guam":"Guam",
"US_Hawaii":"Hawaï",
"US_Idaho":"Idaho",
"US_Illinois_Chickago":"Chicago",
"US_Illinois_Elgin":"Elgin",
"US_Illinois_Rockford":"Rockford",
"US_Illinois_South":"Illinois — Sud",
"US_Illinois_Springfield":"Springfield",
"US_Indiana_North":"Indiana — Nord",
"US_Indiana_South":"Indiana — Sud",
"US_Iowa_Des Moines":"Des Moines",
"US_Iowa_Waterloo":"Waterloo",
"US_Iowa_West":"Iowa — Ouest",
"US_Kansas_East":"Kansas — Est",
"US_Kansas_West":"Kansas — Ouest",
"US_Kentucky_East":"Kentucky — Est",
"US_Kentucky_West":"Kentucky — Ouest",
"US_Louisiana_Central":"Louisiane — Ouest",
"US_Louisiana_New Orleans":"La Nouvelle-Orléans",
"US_Maine":"Maine",
"US_Maryland_Baltimore":"Baltimore",
"US_Maryland_and_DC":"Ouest, Washington",
"US_Massachusetts_Boston":"Boston",
"US_Massachusetts_Central":"Worcester",
"US_Massachusetts_Plymouth":"Plymouth",
"US_Massachusetts_Southeastern":"Barnstable",
"US_Massachusetts_West":"Springfield",
"US_Michigan_Detroit":"Détroit",
"US_Michigan_North":"Michigan — Nord",
"US_Michigan_South":"Michigan — Sud",
"US_Minnesota_Minneapolis":"Minneapolis",
"US_Minnesota_North":"Minnesota — Nord",
"US_Minnesota_Rochester":"Rochester",
"US_Minnesota_Saint Cloud":"Saint Cloud",
"US_Mississippi":"Mississippi",
"US_Missouri_East":"Missouri — Est",
"US_Missouri_West":"Missouri — Ouest",
"US_Montana":"Montana",
"US_Nebraska":"Nebraska",
"US_Nevada":"Nevada",
"US_New Hampshire":"New Hampshire",
"US_New Jersey_North":"New Jersey — Nord",
"US_New Jersey_South":"New Jersey — Sud",
"US_New Mexico":"Nouveau-Mexique",
"US_New York_East":"État de New York — Est",
"US_New York_New York":"État de New York — New York",
"US_New York_North":"État de New York — Nord",
"US_New York_West":"État de New York — Ouest",
"US_North Carolina_Asheville":"Asheville",
"US_North Carolina_Charlotte":"Charlotte",
"US_North Carolina_Greensboro":"Greensboro",
"US_North Carolina_Raleigh":"Raleigh",
"US_North Carolina_Wilmington":"Wilmington",
"US_North Carolina_Wilson":"Wilson",
"US_North Dakota_Bismarck":"Bismarck",
"US_North Dakota_East":"Fargo",
"US_North Dakota_Minot":"Minot",
"US_Ohio_Cleveland":"Cleveland",
"US_Ohio_Dayton":"Dayton",
"US_Oklahoma_East":"Oklahoma — Est",
"US_Oklahoma_West":"Oklahoma — Ouest",
"US_Oregon_Eugene":"Eugene",
"US_Oregon_Portland":"Portland",
"US_Oregon_West":"Oregon — Ouest",
"US_Pennsylvania_Central":"Altoona",
"US_Pennsylvania_Pittsburgh":"Pittsburgh",
"US_Pennsylvania_Reading":"Reading",
"US_Pennsylvania_Scranton":"Scranton",
"US_Puerto Rico":"Porto Rico",
"US_Rhode Island":"Rhode Island",
"US_South Carolina_Columbia":"Columbia",
"US_South Carolina_Florence":"Florence",
"US_South Dakota":"Dakota du Sud",
"US_Tennessee_East":"Tennessee — Est",
"US_Tennessee_West":"Tennessee — Ouest",
"US_Texas_Austin":"Austin",
"US_Texas_Dallas":"Dallas",
"US_Texas_Houston":"Houston",
"US_Texas_Northwest":"Amarillo",
"US_Texas_San Antonio":"San Antonio",
"US_Texas_Southwest":"Laredo",
"US_Texas_Tyler":"Tyler",
"US_Texas_Wako":"Waco",
"US_Texas_West":"Odessa",
"US_United States Minor Outlying Islands":"Îles mineures éloignées des États-Unis",
"US_Utah":"Utah",
"US_Vermont":"Vermont",
"US_Virginia_Chesapeake":"Chesapeake",
"US_Virginia_Lynchburg":"Lynchburg",
"US_Virginia_Richmond":"Richmond",
"US_Virginia_Roanoke":"Roanoke",
"US_Washington_Coast":"Tacoma",
"US_Washington_Seattle":"Seattle",
"US_Washington_Yakima":"Yakima",
"US_West Virginia":"Virginie-Occidentale",
"US_Wisconsin_Milwaukee":"Milwaukee",
"US_Wisconsin_North":"Eau Claire",
"US_Wyoming":"Wyoming",
"Uganda":"Ouganda",
"Ukraine":"Ukraine",
"Ukraine_Cherkasy Oblast":"Oblast de Tcherkassy",
"Ukraine_Chernihiv Oblast":"Oblast de Tchernihiv",
"Ukraine_Chernivtsi Oblast":"Oblast de Tchernivtsi",
"Ukraine_Dnipropetrovsk Oblast":"Oblast de Dnipropetrovsk",
"Ukraine_Donetsk Oblast":"Oblast de Donetsk",
"Ukraine_Ivano-Frankivsk Oblast":"Oblast d'Ivano-Frankivsk",
"Ukraine_Kharkiv Oblast":"Oblast de Kharkiv",
"Ukraine_Kherson Oblast":"Oblast de Kherson",
"Ukraine_Khmelnytskyi Oblast":"Oblast de Khmelnitski",
"Ukraine_Kirovohrad Oblast":"Oblast de Kirovohrad",
"Ukraine_Kyiv Oblast":"Oblast de Kiev",
"Ukraine_Luhansk Oblast":"Oblast de Louhansk",
"Ukraine_Lviv Oblast":"Oblast de Lviv",
"Ukraine_Mykolaiv Oblast":"Oblast de Mykolaïv",
"Ukraine_Odessa Oblast":"Oblast d'Odessa",
"Ukraine_Poltava Oblast":"Oblast de Poltava",
"Ukraine_Rivne Oblast":"Oblast de Rivne",
"Ukraine_Sumy Oblast":"Oblast de Soumy",
"Ukraine_Ternopil Oblast":"Oblast de Ternopil",
"Ukraine_Vinnytsia Oblast":"Oblast de Vinnytsia",
"Ukraine_Volyn Oblast":"Oblast de Volhynie",
"Ukraine_Zakarpattia Oblast":"Oblast de Transcarpatie",
"Ukraine_Zaporizhia Oblast":"Oblast de Zaporijia",
"Ukraine_Zhytomyr Oblast":"Oblast de Jytomyr",
"United Arab Emirates":"Émirats arabes unis",
"United Kingdom":"Royaume-Uni",
"United States Virgin Islands":"Îles Vierges des États-Unis",
"United States of America":"États-Unis",
"Uruguay":"Uruguay",
"Uzbekistan":"Ouzbékistan",
"Vanuatu":"Vanuatu",
"Venezuela":"Venezuela",
"Vietnam":"Viêt Nam",
"Virginia":"Virginie",
"Wallis and Futuna":"Wallis-et-Futuna",
"Washington":"État de Washington",
"Willis Island":"Île Willis",
"Wisconsin":"Wisconsin",
"Yemen":"Yémen",
"Zambia":"Zambie",
"Zimbabwe":"Zimbabwe",
"Argentina_Santa Fe":"Province de Santa Fe",
"Australia_Brisbane":"Brisbane",
"Australia_Sydney":"Sydney",
"Austria_Styria_Graz":"Styrie — Graz",
"Austria_Styria_Leoben":"Styrie — Leoben",
"Austria_Upper Austria_Linz":"Haute-Autriche — Linz",
"Austria_Upper Austria_Wels":"Haute-Autriche — Wels",
"Bolivia_North":"Bolivie — Nord",
"Bolivia_South":"Bolivie — Sud",
"Brazil_Goias_Brasilia":"Goiás — Brasilia",
"Brazil_Goias_North":"Goiás — Nord",
"Brazil_North Region_East":"Région Nord — Est",
"Brazil_North Region_West":"Région Nord — Ouest",
"Brazil_Northeast Region_East":"Nordeste — Est",
"Brazil_Northeast Region_West":"Nordeste — Ouest",
"Brazil_Parana_East":"Paraná — Est",
"Brazil_Parana_West":"Paraná — Ouest",
"Brazil_South Region_East":"Région Sud — Est",
"Brazil_South Region_West":"Région Sud — Ouest",
"Bulgaria_East":"Bulgarie — Est",
"Bulgaria_West":"Bulgarie — Ouest",
"Canada_Ontario_Northeastern_W":"Wawa",
"Chile_Central":"Chili — Centre",
"Congo-Kinshasa_Kivu":"Kivu",
"Congo-Kinshasa_West":"République démocratique du Congo — Ouest",
"Croatia_Central":"Croatie — Centre",
"Croatia_West":"Croatie — Ouest",
"Ecuador_East":"Équateur — Est",
"Ecuador_West":"Équateur — Ouest",
"Finland_Eastern Finland_North":"Finlande orientale — Nord",
"Finland_Eastern Finland_South":"Finlande orientale — Sud",
"Finland_Western Finland_Jyvaskyla":"Finlande occidentale — Jyväskylä",
"Finland_Western Finland_Tampere":"Finlande occidentale — Tampere",
"France_Free County_North":"Franche-Comté — Nord",
"France_Free County_South":"Franche-Comté — Sud",
"France_Pays de la Loire_Loire-Atlantique_Nantes":"Loire-Atlantique — Nantes",
"France_Pays de la Loire_Loire-Atlantique_Saint-Nazaire":"Loire-Atlantique — Saint-Nazaire",
"Germany_Free State of Bavaria_Upper Bavaria_South":"district de Haute-Bavière — Sud",
"India_Karnataka_North":"Karnataka — Nord",
"India_Karnataka_South":"Karnataka — Sud",
"Iran_East":"Iran — Est",
"Iraq_North":"Irak — Nord",
"Iraq_South":"Irak — Sud",
"Japan_Chubu Region_Aichi_Nagoya":"préfecture d'Aichi — Nagoya",
"Japan_Chubu Region_Aichi_Toyohashi":"préfecture d'Aichi — Toyohashi",
"Japan_Hokkaido Region_Sapporo":"Sapporo",
"Japan_Kinki Region_Osaka_Osaka":"Osaka",
"Japan_Kinki Region_Osaka_West":"préfecture d'Osaka — Ouest",
"Kazakhstan_North":"Kazakhstan — Nord",
"Kazakhstan_South":"Kazakhstan — Sud",
"Lithuania_East":"Lituanie — Est",
"Lithuania_West":"Lituanie — Ouest",
"Mexico_Chihuahua":"Chihuahua",
"Mexico_Sonora":"Sonora",
"Nepal_Kathmandu":"Katmandou",
"Nepal_Madhyamanchal":"Région de développement Centre",
"Nepal_Purwanchal":"Région de développement Est",
"Nigeria_North":"Nigeria — Nord",
"Nigeria_South":"Nigeria — Sud",
"Norway_Hordaland":"comté de Hordaland",
"Norway_Nordland":"comté de Nordland",
"Norway_North Trondelag":"Comté de Nord-Trøndelag",
"Norway_Rogaland":"Comté de Rogaland",
"Norway_South Trondelag":"comté de Sør-Trøndelag",
"Peru_Lima":"Lima",
"Portugal_Islands":"Île du Portugal",
"Portugal_Viseu":"Viseu",
"Russia_Krasnoyarsk Krai_North":"Kraï de Krasnoïarsk — Nord",
"Russia_Krasnoyarsk Krai_South":"Kraï de Krasnoïarsk — Sud",
"Russia_Moscow Oblast_East":"oblast de Moscou — Est",
"Russia_Moscow Oblast_West":"oblast de Moscou — Ouest",
"Russia_Perm Krai_North":"Kraï de Perm — Nord",
"Russia_Perm Krai_South":"Kraï de Perm — Sud",
"Russia_Republic of Karelia_North":"République de Carélie — Nord",
"Russia_Republic of Karelia_South":"République de Carélie — Sud",
"Russia_Sverdlovsk Oblast_North":"Oblast de Sverdlovsk — Nord",
"Russia_Sverdlovsk Oblast_Ekaterinburg":"Oblast de Sverdlovsk — Iekaterinbourg",
"Russia_Yugra_Khanty":"Khantys-Mansis — Khanty-Mansiïsk",
"Russia_Yugra_Surgut":"Khantys-Mansis — Sourgout",
"Saudi Arabia_North":"Arabie saoudite — Nord",
"Saudi Arabia_South":"Arabie saoudite — Sud",
"Slovenia_East":"Slovénie — Est",
"Slovenia_West":"Slovénie — Ouest",
"Spain_Andalusia_Granada":"Andalousie — Grenade",
"Spain_Andalusia_Sevilla":"Andalousie — Séville",
"Spain_Castile and Leon_East":"Castille-et-León — Est",
"Spain_Castile and Leon_West":"Castille-et-León — Ouest",
"Spain_Galicia_North":"Galice — Nord",
"Spain_Galicia_South":"Galice — Sud",
"Sudan_East":"Soudan — Est",
"Sudan_West":"Soudan — Ouest",
"Sweden_Stockholm":"Stockholm",
"Switzerland_Espace Mittelland_Bern":"Espace Mittelland — Berne",
"Switzerland_Espace Mittelland_East":"Espace Mittelland — Est",
"Taiwan_North":"Taïwan — Nord",
"Taiwan_South":"Taïwan — Sud",
"Thailand_Central":"Thaïlande — Centre",
"Turkey_Central Anatolia Region_Ankara":"région de l'Anatolie centrale — Ankara",
"Turkey_Central Anatolia Region_Kayseri":"région de l'Anatolie centrale — Kayseri",
"Turkey_Marmara Region_Bursa":"Région de Marmara — Bursa",
"Turkey_Marmara Region_Istanbul":"Région de Marmara — Istanbul",
"US_Arkansas_North":"Arkansas — Nord",
"US_Arkansas_South":"Arkansas — Sud",
"US_Florida_Gainesvile":"Gainesville",
"US_Idaho_North":"Idaho — Nord",
"US_Idaho_South":"Idaho — Sud",
"US_Indiana_Evansville":"Evansville",
"US_Indiana_Indianapolis":"Indianapolis",
"US_Kansas_Wichita":"Wichita",
"US_Kentucky_Louisville":"Louisville",
"US_Michigan_Grand Rapids":"Grand Rapids",
"US_Michigan_Lansing":"Lansing",
"US_Mississippi_Gulfport":"Gulfport",
"US_Mississippi_North":"Mississippi — Nord",
"US_Missouri_Kansas":"Kansas City",
"US_Missouri_Springfield":"Springfield",
"US_Missouri_St Louis":"Saint-Louis",
"US_Montana_East":"Montana — Est",
"US_Montana_West":"Montana — Ouest",
"US_Nebraska_East":"Nebraska — Est",
"US_Nebraska_West":"Nebraska — Ouest",
"US_New Mexico_Albuquerque":"Albuquerque",
"US_New Mexico_Roswell":"Roswell",
"US_Ohio_Cincinnati":"Cincinnati",
"US_Ohio_Columbus":"Columbus",
"US_Ohio_Toledo":"Toledo",
"US_Oklahoma_Oklahoma":"Oklahoma City",
"US_Oklahoma_Tulsa":"Tulsa",
"US_South Carolina_Charleston":"Charleston",
"US_Texas_Amarillo":"Amarillo",
"US_Texas_Lubbock":"Lubbock",
"US_Utah_North":"Utah — Nord",
"US_Utah_South":"Utah — Sud",
"US_Virginia_Alexandria":"Alexandria",
"US_Wisconsin_Eau Claire":"Eau Claire",
"US_Wisconsin_Madison":"Madison",
"Venezuela_North":"Venezuela — Nord",
"Venezuela_South":"Venezuela — Sud",
"Argentina_Buenos Aires_Buenos Aires":"Buenos Aires",
"Canada_Quebek_Lachute":"Lachute",
"Canada_Saskatchewan_Regina":"Regina",
"Canada_Saskatchewan_Saskatoon":"Saskatoon",
"Germany_Lower Saxony_Braunschweig":"Brunswick",
"Germany_Saxony-Anhalt_Halle":"Saxe-Anhalt — Halle",
"Germany_Saxony-Anhalt_Magdeburg":"Saxe-Anhalt — Magdebourg",
"Germany_Schleswig-Holstein_Flensburg":"Schleswig-Holstein — Flensbourg",
"Germany_Schleswig-Holstein_Kiel":"Schleswig-Holstein — Kiel",
"Portugal_Porto":"Porto",
"UK_England_North West England_Lancaster":"Angleterre du Nord-Ouest — Lancaster",
"UK_England_North West England_Manchester":"Angleterre du Nord-Ouest — Manchester",
"US_Florida_Gainesville":"Gainesville",
"US_Texas_Victoria":"Victoria",
"US_Virginia_Norfolk":"Norfolk"
}
