{
"Abkhazia":"Abcházsko",
"Afghanistan":"Afganistan",
"Alabama":"Alabama",
"Albania":"Albánsko",
"Algeria":"Alžírsko",
"Algeria_Central":"Alžírsko — Stred",
"Algeria_Coast":"Alžírsko — Sever",
"Andorra":"Andorra",
"Angola":"Angola",
"Anguilla":"Anguilla",
"Antarctica":"Antarktída",
"Antigua and Barbuda":"Antigua a Barbuda",
"Argentina":"Argentína",
"Argentina_Buenos Aires_North":"Buenos Aires — Sever",
"Argentina_Buenos Aires_South":"Buenos Aires — Juh",
"Argentina_Cuyo":"Cuyo",
"Argentina_Mesopotamia":"Mesopotamia",
"Argentina_Northwest":"Argentína severozápad",
"Argentina_Pampas":"Pampa",
"Argentina_Patagonia":"Patagónia",
"Arizona":"Arizona",
"Armenia":"Arménsko",
"Australia":"Austrália",
"Australia_Melbourne":"Melbourne",
"Australia_New South Wales":"Nový Južný Wales",
"Australia_Northern Territory":"Severné teritórium",
"Australia_Queensland":"Queensland",
"Australia_South Australia":"Južná Austrália",
"Australia_Tasmania":"Tasmánia",
"Australia_Victoria":"Viktória",
"Australia_Western Australia":"Západná Austrália",
"Austria":"Rakúsko",
"Austria_Burgenland":"Burgenland",
"Austria_Carinthia":"Korutánsko",
"Austria_Lower Austria_West":"Dolné Rakúsko — Západ",
"Austria_Lower Austria_Wien":"Viedeň",
"Austria_Salzburg":"Salzbursko",
"Austria_Styria":"Štajersko",
"Austria_Tyrol":"Tirolsko",
"Austria_Upper Austria":"Horné Rakúsko",
"Austria_Vorarlberg":"Vorarlbersko",
"Azerbaijan":"Azerbajdžan",
"Azerbaijan Region":"Azerbajdžan",
"Bahrain":"Bahrajn",
"Bangladesh":"Bangladéš",
"Barbados":"Barbados",
"Belarus":"Bielorusko",
"Belarus_Brest Region":"Brestská oblasť",
"Belarus_Homiel Region":"Homeľská oblasť",
"Belarus_Hrodna Region":"Hrodnianska oblasť",
"Belarus_Maglieu Region":"Mahiľovská oblasť",
"Belarus_Minsk Region":"Minská oblasť",
"Belarus_Vitebsk Region":"Vicebská oblasť",
"Belgium":"Belgicko",
"Belgium_Antwerp":"Antverpy",
"Belgium_East Flanders":"Východné Flámsko",
"Belgium_Flemish Brabant":"Flámsky Brabant",
"Belgium_Hainaut":"Hennegavsko",
"Belgium_Liege":"Lutyšsko",
"Belgium_Limburg":"Limbursko",
"Belgium_Luxembourg":"Luxembourg (provincia)",
"Belgium_Namur":"Namursko",
"Belgium_Walloon Brabant":"Valónsky Brabant",
"Belgium_West Flanders":"Západné Flámsko",
"Belize":"Belize",
"Benin":"Benin",
"Bermuda":"Bermudy",
"Bhutan":"Bhután",
"Bolivia":"Bolívia",
"Bosnia and Herzegovina":"Bosna a Hercegovina",
"Bosnia and Herzegovina_Brcko district of Bosnia and Herzegowina":"Dištrikt Brčko",
"Bosnia and Herzegovina_Entity Federation of Bosnia and Herzegovina":"Federácia Bosna a Hercegovina",
"Bosnia and Herzegovina_Republic of Srpska":"Republika srbská",
"Botswana":"Botswana",
"Brazil":"Brazília",
"Brazil_Bahia":"Bahia",
"Brazil_Goias":"Goiás",
"Brazil_Mato Grosso":"Mato Grosso",
"Brazil_Mato Grosso Do Sul":"Mato Grosso do Sul",
"Brazil_North Region":"Severný región, Brazília",
"Brazil_Northeast Region":"Severovýchodný región",
"Brazil_Paraiba":"Paraíba",
"Brazil_Parana":"Paraná",
"Brazil_Rio Grande do Norte":"Rio Grande do Norte",
"Brazil_Santa Catarina":"Santa Catarina",
"Brazil_South Region":"Južná Brazília",
"Brazil_Southeast Region_Espirito Santo":"Espírito Santo",
"Brazil_Southeast Region_Minas Gerais_Contagem":"Minas Gerais — Contagem",
"Brazil_Southeast Region_Minas Gerais_North":"Minas Gerais — Sever",
"Brazil_Southeast Region_Rio de Janeiro":"Rio de Janeiro",
"Brazil_Southeast Region_Sao Paulo_Campinas":"São Paulo — Campinas",
"Brazil_Southeast Region_Sao Paulo_City":"São Paulo — Santos",
"Brazil_Southeast Region_Sao Paulo_West":"São Paulo — Ribeirão Preto",
"British Indian Ocean Territory":"Britské indickooceánske územie",
"British Virgin Islands":"Britské Panenské ostrovy",
"Brunei":"Brunej",
"Bulgaria":"Bulharsko",
"Burkina Faso":"Burkina",
"Burundi":"Burundi",
"California":"Kalifornia",
"Cambodia":"Kambodža",
"Cameroon":"Kamerun",
"Cameroon_Central":"Kamerun — Stred",
"Cameroon_West":"Kamerun — Západ",
"Campo de Hielo Sur":"Patagónia južné ľadové pole",
"Canada":"Kanada",
"Canada_Alberta":"Alberta",
"Canada_Alberta_Edmonton":"Edmonton",
"Canada_Alberta_North":"Alberta — Sever",
"Canada_Alberta_South":"Alberta — Juh",
"Canada_British Columbia":"Britská Kolumbia",
"Canada_British Columbia_Central":"Britská Kolumbia — Stred",
"Canada_British Columbia_Far_North":"Britská Kolumbia — Východ",
"Canada_British Columbia_Islands":"Vancouverov ostrov",
"Canada_British Columbia_North":"Britská Kolumbia — Západ",
"Canada_British Columbia_Northeast":"Britská Kolumbia — Sever",
"Canada_British Columbia_Southeast":"Kelowna",
"Canada_British Columbia_Vancouver":"Vancouver",
"Canada_Labrador":"Labrador",
"Canada_Labrador_North":"Labrador — Sever",
"Canada_Labrador_South":"Labrador — Juh",
"Canada_Labrador_West":"Labrador — Západ",
"Canada_Manitoba":"Manitoba",
"Canada_Manitoba_Northeast":"Manitoba — Sever",
"Canada_Manitoba_Northwest":"Manitoba — Západ",
"Canada_Manitoba_South":"Brandon",
"Canada_Manitoba_Winnipeg":"Winnipeg",
"Canada_New Brunswick":"New Brunswick",
"Canada_Newfoundland":"Newfoundland",
"Canada_Newfoundland_East":"Newfoundland — Východ",
"Canada_Newfoundland_North":"Newfoundland — Sever",
"Canada_Newfoundland_South":"Newfoundland — Juh",
"Canada_Newfoundland_West":"Newfoundland — Západ",
"Canada_Northwest Territories":"Severozápadné teritóriá",
"Canada_Northwest Territories_East":"Severozápadné teritóriá — Východ",
"Canada_Northwest Territories_North":"Severozápadné teritóriá — Sever",
"Canada_Northwest Territories_Yellowknife":"Yellowknife",
"Canada_Nova Scotia":"Nové Škótsko",
"Canada_Nova Scotia_Halifax":"Halifax",
"Canada_Nova Scotia_Sydney":"Sydney",
"Canada_Nunavut":"Nunavut",
"Canada_Nunavut_North":"Nunavut — Sever",
"Canada_Nunavut_South":"Nunavut — Juh",
"Canada_Ontario":"Ontário",
"Canada_Ontario_Bame":"Barrie",
"Canada_Ontario_Kingston":"Kingston",
"Canada_Ontario_London":"London",
"Canada_Ontario_Northeastern_Central":"Timmins",
"Canada_Ontario_Northeastern_North":"Moose Factory",
"Canada_Ontario_Northeastern_S":"Greater Sudbury",
"Canada_Ontario_Northeastern_SE":"North Bay",
"Canada_Ontario_Northeastern_SW":"Sault Ste. Marie",
"Canada_Ontario_Northeastern_Wawa":"Wawa",
"Canada_Ontario_Northern":"Thunder Bay",
"Canada_Ontario_Northwestern":"Ontário — Sever",
"Canada_Ontario_Toronto":"Toronto",
"Canada_Prince Edward Island":"Ostrov princa Eduarda",
"Canada_Quebec":"Quebec",
"Canada_Quebec_Quebec":"Quebec",
"Canada_Quebek_Far North":"Quebec — Sever",
"Canada_Quebek_Montreal":"Montreal",
"Canada_Quebek_North":"Sept-Îles",
"Canada_Quebek_Southeast_Rimouski":"Rimouski",
"Canada_Quebek_Southeast_Saguenay":"Saguenay",
"Canada_Quebek_West_Chibougamau":"Chibougamau",
"Canada_Quebek_West_Rouyn-Noranda":"Rouyn-Noranda",
"Canada_Saskatchewan":"Saskatchewan",
"Canada_Saskatchewan_North":"Saskatchewan — Sever",
"Canada_Saskatchewan_South":"Saskatchewan — Juh",
"Canada_Yukon":"Yukon",
"Canada_Yukon_North":"Yukon — Sever",
"Canada_Yukon_Whitehorse":"Whitehorse",
"Cape Verde":"Kapverdy",
"Caribees":"Malé Antily",
"Caribisch Nederland":"Karibské Holandsko",
"Cayman Islands":"Kajmanie ostrovy",
"Central African Republic":"Stredoafrická republika",
"Central Anatolia Region":"Región Stredná Anatólia",
"Chad":"Čad",
"Chile":"Čile",
"Chile_North":"Čile — Sever",
"Chile_South":"Čile — Juh",
"China_Anhui":"An-chuej",
"China_Chongqing":"Čchung-čching",
"China_Fujian":"Fujian",
"China_Gansu":"Gansu",
"China_Guangdong":"Guangdong",
"China_Guangxi":"Guangxi Zhuang autonómna oblasť",
"China_Guizhou":"Guizhou",
"China_Hebei":"Hebei",
"China_Heilongjiang":"Heilongjiang",
"China_Henan":"Henan",
"China_Hubei":"Hubei",
"China_Hunan":"Hunan",
"China_Inner Mongolia":"Vnútorné Mongolsko",
"China_Jiangsu":"Jiangsu",
"China_Jiangxi":"Jiangxi",
"China_Jilin":"Jilin",
"China_Liaoning":"Liaoning",
"China_Ningxia Hui":"Ningxia Hui autonómna oblasť",
"China_Qinghai":"Qinghai",
"China_Shaanxi":"Shaanxi",
"China_Shandong":"Shandong",
"China_Shanghai":"Šanghaj",
"China_Shanxi":"Shanxi",
"China_Sichuan":"S’-čchuan",
"China_Tibet Autonomous Region":"Tibet",
"China_Xinjiang":"Sin-ťiang",
"China_Yunnan":"Jün-nan",
"China_Zhejiang":"Če-ťiang",
"Colombia":"Kolumbia",
"Colombia_East":"Kolumbia — Východ",
"Colombia_North":"Kolumbia — Sever",
"Colombia_West":"Kolumbia — Západ",
"Colorado":"Colorado",
"Comoros":"Komory",
"Congo-Brazzaville":"Kongo",
"Congo-Kinshasa":"Kongo",
"Cook Islands":"Cookove ostrovy",
"Costa Rica":"Kostarika",
"Cote dIvoire":"Pobrežie Slonoviny",
"Crimea":"Krym",
"Croatia":"Chorvátsko",
"Cuba":"Kuba",
"Cyprus":"Cyprus",
"Czech Republic":"Česko",
"Czech_Jihovychod_Jihomoravsky kraj":"Juhomoravský kraj",
"Czech_Jihovychod_Kraj Vysocina":"Kraj Vysočina",
"Czech_Jihozapad_Jihocesky kraj":"Juhočeský kraj",
"Czech_Jihozapad_Plzensky kraj":"Plzenský kraj",
"Czech_Karlovasky kraj":"Karlovarský kraj",
"Czech_Moravskoslezsko":"Moravsko-sliezsky kraj",
"Czech_Olomoucky kraj":"Olomoucký kraj",
"Czech_Praha":"Praha",
"Czech_Severovychod_Kralovehradecky kraj":"Královohradecký kraj",
"Czech_Severovychod_Liberecky kraj":"Liberecký kraj",
"Czech_Severovychod_Pardubicky kraj":"Pardubický kraj",
"Czech_Stredni Cechy_East":"Stredočeský kraj — Východ",
"Czech_Stredni Cechy_West":"Stredočeský kraj — Západ",
"Czech_Ustecky kraj":"Úsťanský kraj",
"Czech_Zlinsky Kraj":"Zlínsky kraj",
"Denmark":"Dánsko",
"Denmark_Capital Region of Denmark":"Hovedstaden",
"Denmark_Central Denmark Region":"Region Midtjylland",
"Denmark_North Denmark Region":"Severné Jutsko (administratívny región)",
"Denmark_Region Zealand":"Sjælland (región)",
"Denmark_Region of Southern Denmark":"Južné Dánsko",
"Djibouti":"Džibutsko",
"Dominica":"Dominika",
"Dominican Republic":"Dominikánska republika",
"East Timor":"Východný Timor",
"Ecuador":"Ekvádor",
"Egypt":"Egypt",
"El Salvador":"Salvádor",
"Equatorial Guinea":"Rovníková Guinea",
"Eritrea":"Eritrea",
"Estonia":"Estónsko",
"Estonia_East":"Estónsko — Východ",
"Estonia_West":"Estónsko — Západ",
"Ethiopia":"Etiópia",
"Falkland Islands":"Falklandy",
"Faroe Islands":"Faerské ostrovy",
"Federated States of Micronesia":"Mikronézia",
"Fiji":"Fidži",
"Finland":"Fínsko",
"Finland_Eastern Finland":"Východné Fínsko",
"Finland_Northern Finland":"Severné Fínsko",
"Finland_Southern Finland_Helsinki":"Južné Fínsko — Helsinki",
"Finland_Southern Finland_Lappeenranta":"Južné Fínsko — Lappeenranta",
"Finland_Southern Finland_West":"Varsinais-Suomi",
"Finland_Western Finland":"Západné Fínsko",
"Florida":"Florida",
"France":"Francúzsko",
"France_Alsace":"Alsasko",
"France_Alsace_Bas-Rhin":"Bas-Rhin",
"France_Alsace_Haut-Rhin":"Haut-Rhin",
"France_Aquitaine":"Akvitánsko",
"France_Aquitaine_Dordogne":"Dordogne",
"France_Aquitaine_Gironde":"Gironde",
"France_Aquitaine_Landes":"Landes",
"France_Aquitaine_Lot-et-Garonne":"Lot-et-Garonne",
"France_Aquitaine_Pyrenees-Atlantiques":"Pyrénées-Atlantiques",
"France_Auvergne":"Auvergne",
"France_Auvergne_Allier":"Allier",
"France_Auvergne_Cantal":"Cantal",
"France_Auvergne_Haute-Loire":"Haute-Loire",
"France_Auvergne_Puy-de-Dome":"Puy-de-Dôme",
"France_Brittany":"Bretónsko",
"France_Brittany_Cotes-dArmor":"Côtes-d’Armor",
"France_Brittany_Finistere":"Finistère",
"France_Brittany_Ille-et-Vilaine":"Ille-et-Vilaine",
"France_Brittany_Morbihan":"Morbihan",
"France_Burgundy":"Burgundsko",
"France_Burgundy_Cote-dOr":"Côte-d’Or",
"France_Burgundy_Nievre":"Nièvre",
"France_Burgundy_Saone-et-Loire":"Saône-et-Loire",
"France_Burgundy_Yonne":"Yonne",
"France_Centre-Val de Loire":"Centre",
"France_Centre-Val de Loire_Cher":"Cher",
"France_Centre-Val de Loire_Eure-et-Loir":"Eure-et-Loir",
"France_Centre-Val de Loire_Indre":"Indre",
"France_Centre-Val de Loire_Indre-et-Loire":"Indre-et-Loire",
"France_Centre-Val de Loire_Loir-et-Cher":"Loir-et-Cher",
"France_Centre-Val de Loire_Loiret":"Loiret",
"France_Champagne-Ardenne":"Champagne-Ardenne",
"France_Corsica":"Korzika",
"France_Free County":"Franche-Comté",
"France_French Guiana":"Francúzska Guyana",
"France_Ile-de-France":"Île-de-France (región)",
"France_Ile-de-France_Essonne":"Essonne",
"France_Ile-de-France_Hauts-de-Seine":"Hauts-de-Seine",
"France_Ile-de-France_Paris":"Paríž",
"France_Ile-de-France_Seine-Saint-Denis":"Seine-Saint-Denis",
"France_Ile-de-France_Seine-et-Marne":"Seine-et-Marne",
"France_Ile-de-France_Val-dOise":"Val-d’Oise",
"France_Ile-de-France_Val-de-Marne":"Val-de-Marne",
"France_Ile-de-France_Yvelines":"Yvelines",
"France_Languedoc-Roussillon":"Languedoc-Roussillon",
"France_Languedoc-Roussillon_Aude":"Aude",
"France_Languedoc-Roussillon_Gard":"Gard",
"France_Languedoc-Roussillon_Herault":"Hérault",
"France_Languedoc-Roussillon_Lozere":"Lozère",
"France_Languedoc-Roussillon_Pyrenees-Orientales":"Pyrénées-Orientales",
"France_Limousin":"Limuzínsko",
"France_Lorraine":"Lotrinsko",
"France_Lorraine_Meurthe-et-Moselle":"Meurthe-et-Moselle",
"France_Lorraine_Meuse":"Meuse",
"France_Lorraine_Moselle":"Moselle",
"France_Lorraine_Vosges":"Vosges",
"France_Lower Normandy":"Dolná Normandia",
"France_Lower Normandy_Calvados":"Calvados",
"France_Lower Normandy_Manche":"Manche",
"France_Lower Normandy_Orne":"Orne",
"France_Midi-Pyrenees":"Midi-Pyrénées",
"France_Midi-Pyrenees_Ariege":"Ariège",
"France_Midi-Pyrenees_Aveyron":"Aveyron",
"France_Midi-Pyrenees_Gers":"Gers",
"France_Midi-Pyrenees_Haute-Garonne":"Haute-Garonne",
"France_Midi-Pyrenees_Hautes-Pyrenees":"Hautes-Pyrénées",
"France_Midi-Pyrenees_Lot":"Lot",
"France_Midi-Pyrenees_Tarn":"Tarn",
"France_Midi-Pyrenees_Tarn-et-Garonne":"Tarn-et-Garonne",
"France_New Caledonia":"Nová Kaledónia",
"France_Nord-Pas-de-Calais":"Nord-Pas-de-Calais",
"France_Nord-Pas-de-Calais_Lille":"Lille",
"France_Nord-Pas-de-Calais_Nord":"Nord",
"France_Nord-Pas-de-Calais_Pas-de-Calais":"Pas-de-Calais",
"France_Pays de la Loire":"Pays-de-la-Loire",
"France_Pays de la Loire_Loire-Atlantique":"Loire-Atlantique",
"France_Pays de la Loire_Maine-et-Loire":"Maine-et-Loire",
"France_Pays de la Loire_Mayenne":"Mayenne",
"France_Pays de la Loire_Sarthe":"Sarthe",
"France_Pays de la Loire_Vendee":"Vendée",
"France_Picardy":"Pikardia",
"France_Picardy_Aisne":"Aisne",
"France_Picardy_Oise":"Oise",
"France_Picardy_Somme":"Somme",
"France_Poitou-Charentes":"Poitou-Charentes",
"France_Poitou-Charentes_Charente":"Charente",
"France_Poitou-Charentes_Charente-Maritime":"Charente-Maritime",
"France_Poitou-Charentes_Deux-Sevres":"Deux-Sèvres",
"France_Poitou-Charentes_Vienne":"Vienne",
"France_Provence-Alpes-Cote dAzur":"Provence-Alpes-Côte d’Azur",
"France_Provence-Alpes-Cote dAzur_Alpes-de-Haute-Provence":"Alpes-de-Haute-Provence",
"France_Provence-Alpes-Cote dAzur_Bouches-du-Rhone":"Bouches-du-Rhône",
"France_Provence-Alpes-Cote dAzur_Hautes-Alpes":"Hautes-Alpes",
"France_Provence-Alpes-Cote dAzur_Maritime Alps":"Alpes-Maritimes",
"France_Provence-Alpes-Cote dAzur_Var":"Var",
"France_Provence-Alpes-Cote dAzur_Vaucluse":"Vaucluse",
"France_Rhone-Alpes":"Rhône-Alpes",
"France_Rhone-Alpes_Ain":"Ain",
"France_Rhone-Alpes_Ardeche":"Ardèche",
"France_Rhone-Alpes_Drome":"Drôme",
"France_Rhone-Alpes_Haute-Savoie":"Haute-Savoie",
"France_Rhone-Alpes_Isere":"Isère",
"France_Rhone-Alpes_Loire":"Loire",
"France_Rhone-Alpes_Rhone":"Rhône",
"France_Rhone-Alpes_Savoie":"Savoie",
"France_Southern Islands":"Francúzske južné a antarktické územia",
"France_Upper Normandy":"Horná Normandia",
"French Polynesia":"Francúzska Polynézia",
"Gabon":"Gabon",
"Georgia":"Gruzínsko",
"Germany":"Nemecko",
"Germany_Baden-Wurttemberg":"Bádensko-Württembersko",
"Germany_Baden-Wurttemberg_Regierungsbezirk Freiburg":"Freiburg im Breisgau",
"Germany_Baden-Wurttemberg_Regierungsbezirk Karlsruhe":"Karlsruhe",
"Germany_Baden-Wurttemberg_Regierungsbezirk Stuttgart_Heilbronn":"Stuttgart — Heilbronn",
"Germany_Baden-Wurttemberg_Regierungsbezirk Stuttgart_Stuttgart":"Stuttgart — Stuttgart",
"Germany_Baden-Wurttemberg_Regierungsbezirk Tubingen":"Tübingen",
"Germany_Berlin":"Berlín",
"Germany_Brandenburg_North":"Brandenbursko — Sever",
"Germany_Brandenburg_South":"Brandenbursko — Juh",
"Germany_Free State of Bavaria":"Bavorsko",
"Germany_Free State of Bavaria_Lower Bavaria":"Dolné Bavorsko",
"Germany_Free State of Bavaria_Lower Franconia":"Dolné Fransko",
"Germany_Free State of Bavaria_Middle Franconia":"Stredné Fransko",
"Germany_Free State of Bavaria_Swabia":"Švábsko",
"Germany_Free State of Bavaria_Upper Bavaria_East":"Horné Bavorsko — Východ",
"Germany_Free State of Bavaria_Upper Bavaria_Ingolstadt":"Horné Bavorsko — Ingolstadt",
"Germany_Free State of Bavaria_Upper Bavaria_Munchen":"Horné Bavorsko — Mníchov",
"Germany_Free State of Bavaria_Upper Franconia":"Horné Fransko",
"Germany_Free State of Bavaria_Upper Palatinate":"Horné Falcko",
"Germany_Hamburg_main":"Hamburg",
"Germany_Hesse":"Hesensko",
"Germany_Hesse_Regierungsbezirk Darmstadt":"Darmstadt",
"Germany_Hesse_Regierungsbezirk Giessen":"Gießen",
"Germany_Hesse_Regierungsbezirk Kassel":"Kassel",
"Germany_Lower Saxony":"Dolné Sasko",
"Germany_Lower Saxony_Bremen_Bremen":"Brémy",
"Germany_Lower Saxony_Bremen_Munster":"Lüneburg",
"Germany_Lower Saxony_Hannover":"Hannover",
"Germany_Lower Saxony_Oldenburg":"Oldenburg",
"Germany_Mecklenburg-Vorpommern":"Meklenbursko-Predpomoransko",
"Germany_North Rhine-Westphalia":"Severné Porýnie-Vestfálsko",
"Germany_North Rhine-Westphalia_Regierungsbezirk Arnsberg_Arnsberg":"Arnsberg — Arnsberg",
"Germany_North Rhine-Westphalia_Regierungsbezirk Arnsberg_Dortmund":"Arnsberg — Dortmund",
"Germany_North Rhine-Westphalia_Regierungsbezirk Detmold":"Detmold",
"Germany_North Rhine-Westphalia_Regierungsbezirk Dusseldorf_Dusseldorf":"Düsseldorf — Düsseldorf",
"Germany_North Rhine-Westphalia_Regierungsbezirk Dusseldorf_Mulheim":"Düsseldorf — Mülheim an der Ruhr",
"Germany_North Rhine-Westphalia_Regierungsbezirk Dusseldorf_Wesel":"Düsseldorf — Wesel",
"Germany_North Rhine-Westphalia_Regierungsbezirk Koln_Aachen":"Kolín nad Rýnom — Aachen",
"Germany_North Rhine-Westphalia_Regierungsbezirk Koln_Koln":"Kolín nad Rýnom — Kolín nad Rýnom",
"Germany_North Rhine-Westphalia_Regierungsbezirk Munster_Munster":"Münster — Münster",
"Germany_North Rhine-Westphalia_Regierungsbezirk Munster_Recklinghausen":"Münster — Recklinghausen",
"Germany_Rhineland-Palatinate_Koblenz":"Porýnie-Falcko — Koblenz",
"Germany_Rhineland-Palatinate_South":"Porýnie-Falcko — Mainz",
"Germany_Saarland":"Sársko",
"Germany_Saxony-Anhalt":"Sasko-Anhaltsko",
"Germany_Saxony_Dresden":"Sasko — Drážďany",
"Germany_Saxony_Leipzig":"Sasko — Lipsko",
"Germany_Schleswig-Holstein":"Šlezvicko-Holštajnsko",
"Germany_Thuringia":"Durínsko",
"Ghana":"Ghana",
"Gibraltar":"Gibraltár",
"Greece":"Grécko",
"Greece_Decentralized Administration of Aegean":"Egeis",
"Greece_Decentralized Administration of Attica":"Atika",
"Greece_Decentralized Administration of Crete":"Kréta",
"Greece_Decentralized Administration of Epirus - Western Macedonia":"Epirus a Západná Makedónia",
"Greece_Decentralized Administration of Macedonia and Thrace":"Makedónia a Trácia",
"Greece_Decentralized Administration of Thessaly - Central Greece":"Tesália a Stredné Grécko",
"Greece_Decentralized Administration of West Greece":"Peloponéz",
"Greenland":"Grónsko",
"Grenada":"Grenada",
"Guadeloupe":"Guadeloupe",
"Guatemala":"Guatemala",
"Guernsey":"Guernsey",
"Guinea":"Guinea",
"Guinea-Bissau":"Guinea-Bissau",
"Guyana":"Guyana",
"Haiti":"Haiti",
"Honduras":"Honduras",
"Hungary":"Maďarsko",
"Hungary_Kozep-Magyarorszag":"Stredné Maďarsko",
"Hungary_Northern Great Plain":"Maďarsko — Východ",
"Hungary_Transdanubia":"Maďarsko — Západ",
"Iceland":"Island",
"Illinois":"Illinois",
"India":"India",
"India_Andaman and Nicobar Islands":"Andamany a Nikobary",
"India_Andhra Pradesh":"Ándhrapradéš",
"India_Arunachal Pradesh":"Arunáčalpradéš",
"India_Assam":"Ásam",
"India_Bihar":"Bihár",
"India_Chandigarh":"Čandígarh",
"India_Chhattisgarh":"Čhattísgarh",
"India_Delhi":"Dillí",
"India_Goa":"Goa",
"India_Gujarat":"Gudžarát",
"India_Haryana":"Harijána",
"India_Himachal Pradesh":"Himáčalpradéš",
"India_Jammu and Kashmir":"Džammú a Kašmír",
"India_Jharkhand":"Džhárkhand",
"India_Karnataka":"Karnátaka",
"India_Kerala":"Kérala",
"India_Lakshadweep":"Lakadivy",
"India_Madhya Pradesh":"Madhjapradéš",
"India_Maharashtra":"Maháraštra",
"India_Manipur":"Manípur",
"India_Meghalaya":"Meghálaj",
"India_Mizoram":"Mizorám",
"India_Nagaland":"Nágsko",
"India_Odisha":"Urísa",
"India_Punjab":"Pandžáb",
"India_Rajasthan":"Radžastan",
"India_Sikkim":"Sikkim",
"India_Tamil Nadu":"Tamilnádu",
"India_Telangana":"Telangana",
"India_Tripura":"Tripura",
"India_Uttar Pradesh":"Uttarpradéš",
"India_Uttarakhand":"Uttarákhand",
"India_West Bengal":"Západné Bengálsko",
"Indiana":"Indiana",
"Indonesia":"Indonézia",
"Indonesia_Central":"Sulawesi, Kalimantan",
"Indonesia_East":"Indonézia — Východ",
"Indonesia_Jawa Barat":"Provincia západná Jáva",
"Indonesia_Jawa Tengah":"Jawa Tengah",
"Indonesia_Jawa Timur":"Provincia východná Jáva",
"Indonesia_Nusa Tenggara":"Malé Sundy",
"Indonesia_West":"Sumatra",
"Iowa":"Iowa",
"Iran":"Irán",
"Iran_North":"Irán — Sever",
"Iran_South":"Irán — Juh",
"Iraq":"Irak",
"Ireland":"Írsko",
"Ireland_Connacht":"Connacht",
"Ireland_Leinster":"Leinster",
"Ireland_Munster":"Munster",
"Ireland_Northern Counties":"Ulster",
"Isle of Man":"Man",
"Israel":"Izrael",
"Israel Region":"Izrael",
"Italy":"Taliansko",
"Italy_Abruzzo":"Abruzzy",
"Italy_Aosta Valley":"Valle d’Aosta",
"Italy_Apulia":"Apúlia",
"Italy_Basilicata":"Basilicata",
"Italy_Calabria":"Kalábria",
"Italy_Campania":"Kampánia",
"Italy_Emilia":"Emilia-Romagna",
"Italy_Emilia-Romagna_Bologna":"Provincia Bologna",
"Italy_Emilia-Romagna_Ferrara":"Provincia Ferrara",
"Italy_Emilia-Romagna_Forli-Cesena":"Provincia Forlì-Cesena",
"Italy_Emilia-Romagna_Modena":"Provincia Modena",
"Italy_Emilia-Romagna_Parma":"Provincia Parma",
"Italy_Emilia-Romagna_Piacenza":"Provincia Piacenza",
"Italy_Emilia-Romagna_Ravenna":"Provincia Ravenna",
"Italy_Emilia-Romagna_Reggio Emilia":"Provincia Reggio Emilia",
"Italy_Emilia-Romagna_Rimini":"Provincia Rimini",
"Italy_Friuli":"Furlansko-Júlske Benátky",
"Italy_Friuli-Venezia Giulia_Gorizia":"Provincia Gorizia",
"Italy_Friuli-Venezia Giulia_Pordenone":"Provincia Pordenone",
"Italy_Friuli-Venezia Giulia_Trieste":"Provincia Terst",
"Italy_Friuli-Venezia Giulia_Udine":"Provincia Udine",
"Italy_Lazio":"Lazio",
"Italy_Liguria":"Ligúria",
"Italy_Lombardy":"Lombardsko",
"Italy_Lombardy_Bergamo":"Bergamo",
"Italy_Lombardy_Brescia":"Brescia",
"Italy_Lombardy_Como":"Como",
"Italy_Lombardy_Cremona":"Cremona",
"Italy_Lombardy_Lecco":"Lecco",
"Italy_Lombardy_Lodi":"Lodi",
"Italy_Lombardy_Mantua":"Mantova",
"Italy_Lombardy_Milan":"Miláno",
"Italy_Lombardy_Monza and Brianza":"Province Monza a Brianza",
"Italy_Lombardy_Pavia":"Pavia",
"Italy_Lombardy_Sondrio":"Sondrio",
"Italy_Lombardy_Varese":"Varese",
"Italy_Marche":"Marky",
"Italy_Molise":"Molise",
"Italy_Piemont":"Piemont",
"Italy_Piemont_Alessandria":"Provincia Alessandria",
"Italy_Piemont_Asti":"Provincia Asti",
"Italy_Piemont_Biella":"Provincia Biella",
"Italy_Piemont_Cuneo":"Provincia Cuneo",
"Italy_Piemont_Novara":"Provincia Novara",
"Italy_Piemont_Torino":"Provincia Turín",
"Italy_Piemont_Verbano-Cusio-Ossola":"Verbano-Cusio-Ossola",
"Italy_Piemont_Vercelli":"Provincia Vercelli",
"Italy_Sardinia":"Sardínia",
"Italy_Sicily":"Sicília",
"Italy_Trentino-Alto Adige Sudtirol":"Tridentsko-Horná Adiža",
"Italy_Tuscany_Grosseto":"Toskánsko — Provincia Grosseto",
"Italy_Tuscany_Massa e Carrara":"Toskánsko — Provincia Massa a Carrara",
"Italy_Umbria":"Umbria",
"Italy_Veneto":"Benátsko",
"Italy_Veneto_Belluno":"Provincia Belluno",
"Italy_Veneto_Padova":"Provincia Padova",
"Italy_Veneto_Rovigo":"Provincia Rovigo",
"Italy_Veneto_Treviso":"Provincia Treviso",
"Italy_Veneto_Venezia":"Provincia Benátky",
"Italy_Veneto_Verona":"Province of Verona",
"Italy_Veneto_Vicenza":"Province of Vicenza",
"Jamaica":"Jamajka",
"Japan":"Japonsko",
"Japan_Chubu Region":"Čúbu",
"Japan_Chubu Region_Aichi":"Aiči",
"Japan_Chubu Region_Fukui":"Fukui",
"Japan_Chubu Region_Gifu":"Gifu",
"Japan_Chubu Region_Ishikawa":"Išikawa",
"Japan_Chubu Region_Nagano":"Nagano",
"Japan_Chubu Region_Niigata":"Niigata",
"Japan_Chubu Region_Shizuoka":"Šizuoka",
"Japan_Chubu Region_Toyama":"Tojama",
"Japan_Chubu Region_Yamanashi":"Jamanaši",
"Japan_Chugoku Region":"Čúgoku",
"Japan_Chugoku Region_Hiroshima":"Hirošima",
"Japan_Chugoku Region_Okayama":"Okajama",
"Japan_Chugoku Region_Shimane":"Šimane",
"Japan_Chugoku Region_Tottori":"Tottori",
"Japan_Chugoku Region_Yamaguchi":"Jamaguči",
"Japan_Hokkaido Region":"Hokkaido",
"Japan_Hokkaido Region_East":"Hokkaido — Východ",
"Japan_Hokkaido Region_North":"Hokkaido — Sever",
"Japan_Hokkaido Region_West":"Hokkaido — Západ",
"Japan_Kanto":"Kantó",
"Japan_Kanto_Chiba":"Čiba",
"Japan_Kanto_Gunma":"Gunma",
"Japan_Kanto_Ibaraki":"Ibaraki",
"Japan_Kanto_Kanagawa":"Kanagawa",
"Japan_Kanto_Saitama":"Saitama",
"Japan_Kanto_Tochigi":"Točigi",
"Japan_Kanto_Tokyo":"Tokio",
"Japan_Kinki Region":"Kansai",
"Japan_Kinki Region_Mie":"Mie",
"Japan_Kinki Region_Nara":"Nara",
"Japan_Kinki Region_Osaka":"Osaka",
"Japan_Kinki Region_Wakayama":"Wakajama",
"Japan_Kyushu Region":"Kjúšu",
"Japan_Kyushu Region_Fukuoka":"Fukuoka",
"Japan_Kyushu Region_Kagoshima":"Kagošima",
"Japan_Kyushu Region_Kumamoto":"Kumamoto",
"Japan_Kyushu Region_Miyazaki":"Mijazaki",
"Japan_Kyushu Region_Nagasaki":"Nagasaki",
"Japan_Kyushu Region_Oita":"Óita",
"Japan_Kyushu Region_Okinawa":"Okinawa",
"Japan_Kyushu Region_Saga":"Saga",
"Japan_Shikoku Region":"Šikoku",
"Japan_Shikoku Region_Ehime":"Ehime",
"Japan_Shikoku Region_Kagawa":"Kagawa",
"Japan_Shikoku Region_Kochi":"Kóči",
"Japan_Shikoku Region_Kyoto":"Kjóto",
"Japan_Shikoku Region_Tokushima":"Tokušima (prefektúra)",
"Japan_Tohoku":"Tóhoku",
"Japan_Tohoku_Akita":"Akita",
"Japan_Tohoku_Aomori":"Aomori",
"Japan_Tohoku_Fukushima":"Fukušima",
"Japan_Tohoku_Iwate":"Iwate",
"Japan_Tohoku_Miyagi":"Mijagi",
"Japan_Tohoku_Yamagata":"Jamagata",
"Jersey":"Jersey",
"Jerusalem":"Jeruzalem",
"Jordan":"Jordánsko",
"Kansas":"Kansas",
"Kazakhstan":"Kazachstan",
"Kentucky":"Kentucky",
"Kenya":"Keňa",
"Kingdom of Lesotho":"Lesotho",
"Kiribati":"Kiribati",
"Kuwait":"Kuvajt",
"Kyrgyzstan":"Kirgizsko",
"Laos":"Laos",
"Latvia":"Lotyšsko",
"Lebanon":"Libanon",
"Liberia":"Libéria",
"Libya":"Líbya",
"Liechtenstein":"Lichtenštajnsko",
"Lithuania":"Litva",
"Louisiana":"Louisiana",
"Luxembourg":"Luxembursko",
"Macedonia":"Macedónsko",
"Madagascar":"Madagaskar",
"Malawi":"Malawi",
"Malaysia":"Malajzia",
"Maldives":"Maldivy",
"Mali":"Mali",
"Malta":"Malta",
"Marshall Islands":"Marshallove ostrovy",
"Martinique":"Martinik",
"Maryland":"Maryland",
"Massachusetts":"Massachusetts",
"Mauritania":"Mauritánia",
"Mauritius":"Maurícius",
"Mexico":"Mexiko",
"Mexico_California":"Baja California",
"Mexico_Central_East":"Nuevo León",
"Mexico_Central_West":"Nayarit",
"Mexico_East":"Mexiko — Východ",
"Mexico_Mexico":"Mexiko",
"Mexico_North":"Mexiko — Sever",
"Mexico_South":"Mexiko — Juh",
"Michigan":"Michigan",
"Minnesota":"Minnesota",
"Missouri":"Missouri",
"Moldova":"Moldavsko",
"Monaco":"Monako",
"Mongolia":"Mongolsko",
"Montenegro":"Čierna Hora",
"Montserrat":"Montserrat",
"Morocco":"Maroko",
"Morocco_Doukkala-Abda":"Doukkala-Abda",
"Morocco_Rabat-Sale-Zemmour-Zaer":"Rabat-Salé-Zemmour-Zaer",
"Morocco_Southern":"Maroko — Juh",
"Morocco_Western Sahara":"Západná Sahara",
"Mozambique":"Mozambik",
"Myanmar":"Mjanmarsko",
"Nagorno-Karabakh":"Nagorno-Karabakh",
"Namibia":"Namíbia",
"Nauru":"Nauru",
"Nepal":"Nepál",
"Nepal_East":"Nepál — Východ",
"Nepal_West":"Nepál — Západ",
"Netherlands":"Holandsko",
"Netherlands_Drenthe":"Drenthe",
"Netherlands_Flevoland":"Flevoland",
"Netherlands_Friesland":"Frízsko",
"Netherlands_Gelderland_Nijmegen":"Gelderland — Nijmegen",
"Netherlands_Gelderland_North":"Gelderland — Apeldoorn",
"Netherlands_Gelderland_Zutphen":"Gelderland — Zutphen",
"Netherlands_Groningen":"Groningen",
"Netherlands_Limburg":"Limbursko",
"Netherlands_North Brabant_Eindhoven":"Severné Brabantsko — Eindhoven",
"Netherlands_North Brabant_Roosendaal":"North Brabant — Roosendaal",
"Netherlands_North Brabant_Tiburg":"Severné Brabantsko — Tilburg",
"Netherlands_North Brabant_Uden":"North Brabant — Uden",
"Netherlands_North Holland_Alkmaar":"Severný Holland — Alkmaar",
"Netherlands_North Holland_Amsterdam":"Severný Holland — Amsterdam",
"Netherlands_North Holland_Zaandam":"North Holland — Zaanstad",
"Netherlands_Overijssel_Enschede":"Overijssel — Enschede",
"Netherlands_Overijssel_Zwolle":"Overijssel — Zwolle",
"Netherlands_South Holland_Brielle":"South Holland — Brielle",
"Netherlands_South Holland_Den Haag":"Južný Holland — Haag",
"Netherlands_South Holland_Leiden":"Južný Holland — Leiden",
"Netherlands_South Holland_Rotterdam":"Južný Holland — Rotterdam",
"Netherlands_Utrecht_Amersfoort":"Utrecht — Amersfoort",
"Netherlands_Utrecht_Utrecht":"Utrecht — Utrecht",
"Netherlands_Zeeland":"Zéland",
"New Jersey":"New Jersey",
"New York":"New York",
"New Zealand":"Nový Zéland",
"New Zealand North_Auckland":"Sever — Auckland",
"New Zealand North_Wellington":"Sever — Wellington",
"New Zealand South_Canterbury":"South — Canterbury Region",
"New Zealand South_Southland":"South — Southland Region",
"Nicaragua":"Nikaragua",
"Niger":"Niger",
"Nigeria":"Nigéria",
"Niue":"Niue",
"North Carolina":"Severná Karolína",
"North Dakota":"Severná Dakota",
"North Korea":"Kórejská ľudovodemokratická republika",
"Norway":"Nórsko",
"Norway_Bouvet Island":"Bouvetov ostrov",
"Norway_Central":"Oslo",
"Norway_Hedmark":"Hedmark",
"Norway_Jan Mayen":"Jan Mayen",
"Norway_Northern":"Nord-Norge",
"Norway_Oppland":"Oppland",
"Norway_Southern":"Sørlandet",
"Norway_Svalbard":"Svalbard",
"Norway_Trondelag":"Trøndelag",
"Norway_Western":"Vestlandet",
"Ohio":"Ohio",
"Oklahoma":"Oklahoma",
"Oman":"Omán",
"Oregon":"Oregon",
"Pakistan":"Pakistan",
"Palau":"Palau",
"Palestine":"State of Palestine",
"Palestine Region":"State of Palestine",
"Panama":"Panama",
"Papua New Guinea":"Papua-Nová Guinea",
"Paraguay":"Paraguaj",
"Pennsylvania":"Pensylvánia",
"People's Republic of China":"Čína",
"Peru":"Peru",
"Peru_North":"Peru — Sever",
"Peru_South":"Peru — Juh",
"Philippines":"Filipíny",
"Philippines_Luzon_Manila":"Metro Manila",
"Philippines_Luzon_North":"Luzon — Sever",
"Philippines_Luzon_South":"Luzon — Juh",
"Philippines_Mindanao":"Mindanao",
"Philippines_Visayas":"Visayas",
"Pitcairn Islands":"Pitcairnove ostrovy",
"Poland":"Poľsko",
"Poland_Greater Poland Voivodeship":"Veľkopoľské vojvodstvo",
"Poland_Kuyavian-Pomeranian Voivodeship":"Kujavsko-pomoranské vojvodstvo",
"Poland_Lesser Poland Voivodeship":"Malopoľské vojvodstvo",
"Poland_Lodz Voivodeship":"Lodžské vojvodstvo",
"Poland_Lower Silesian Voivodeship":"Dolnosliezske vojvodstvo",
"Poland_Lublin Voivodeship":"Lubelské vojvodstvo",
"Poland_Lubusz Voivodeship":"Lubuské vojvodstvo",
"Poland_Masovian Voivodeship":"Mazovské vojvodstvo",
"Poland_Opole Voivodeship":"Opolské vojvodstvo",
"Poland_Podlaskie Voivodeship":"Podleské vojvodstvo",
"Poland_Pomeranian Voivodeship":"Pomoranské vojvodstvo",
"Poland_Silesian Voivodeship":"Sliezske vojvodstvo",
"Poland_Subcarpathian Voivodeship":"Podkarpatské vojvodstvo",
"Poland_Swietokrzyskie Voivodeship":"Svätokrížske vojvodstvo",
"Poland_Warmian-Masurian Voivodeship":"Varmsko-mazurské vojvodstvo",
"Poland_West Pomeranian Voivodeship":"Západopomoranské vojvodstvo",
"Portugal":"Portugalsko",
"Portugal_North":"Portugalsko — Sever",
"Portugal_South":"Portugalsko — Juh",
"Qatar":"Katar",
"Republic of Kosovo":"Kosovo",
"Romania":"Rumunsko",
"Romania_Centre":"Centru",
"Romania_North_East":"Nord-Est",
"Romania_North_West":"Nord-Vest",
"Romania_South":"Sud",
"Romania_South_East":"Sud-Est",
"Romania_South_West":"Sud-Vest",
"Romania_West":"Vest",
"Russia_Altai Krai":"Altajský kraj",
"Russia_Altai Republic":"Altajsko",
"Russia_Amur Oblast":"Amurská oblasť",
"Russia_Arkhangelsk Oblast_Central":"Archangeľská oblasť — Stred",
"Russia_Arkhangelsk Oblast_North":"Archangeľská oblasť — Sever",
"Russia_Astrakhan Oblast":"Astrachánska oblasť",
"Russia_Bashkortostan":"Baškirsko",
"Russia_Belgorod Oblast":"Belgorodská oblasť",
"Russia_Bryansk Oblast":"Brianska oblasť",
"Russia_Buryatia":"Buriatsko",
"Russia_Chechen Republic":"Čečensko",
"Russia_Chelyabinsk Oblast":"Čeľabinská oblasť",
"Russia_Chukotka Autonomous Okrug":"Čukotka",
"Russia_Chuvashia":"Čuvašsko",
"Russia_Ingushetia":"Ingušsko",
"Russia_Irkutsk Oblast":"Irkutská oblasť",
"Russia_Ivanovo Oblast":"Ivanovská oblasť",
"Russia_Jewish Autonomous Oblast":"Židovská autonómna oblasť",
"Russia_Kabardino-Balkaria":"Kabardsko-Balkarsko",
"Russia_Kaliningrad Oblast":"Kaliningradská oblasť",
"Russia_Kaluga Oblast":"Kalužská oblasť",
"Russia_Kamchatka Krai":"Kamčatský kraj",
"Russia_Karachay-Cherkessia":"Karačajsko-Čerkesko",
"Russia_Kemerov Oblast":"Kemerovská oblasť",
"Russia_Khabarovsk Krai":"Chabarovský kraj",
"Russia_Khakassia":"Chakasko",
"Russia_Kirov Oblast":"Kirovská oblasť",
"Russia_Komi Republic":"Komijsko",
"Russia_Kostroma Oblast":"Kostromská oblasť",
"Russia_Krasnodar Krai":"Krasnodarský kraj — Sever",
"Russia_Krasnodar Krai_Adygeya":"Krasnodarský kraj, Adygejsko",
"Russia_Krasnoyarsk Krai":"Krasnojarský kraj",
"Russia_Kurgan Oblast":"Kurganská oblasť",
"Russia_Kursk Oblast":"Kurská oblasť",
"Russia_Leningradskaya Oblast_Karelsky":"Leningradská oblasť — Sever",
"Russia_Leningradskaya Oblast_Southeast":"Leningradská oblasť — Juh",
"Russia_Lipetsk Oblast":"Lipecká oblasť",
"Russia_Magadan Oblast":"Magadanská oblasť",
"Russia_Mari El":"Marijsko",
"Russia_Moscow":"Moskva",
"Russia_Moscow Oblast":"Moskovská oblasť",
"Russia_Murmansk Oblast":"Murmanská oblasť",
"Russia_Nenets Autonomous Okrug":"Nenecko",
"Russia_Nizhny Novgorod Oblast":"Nižnonovgorodská oblasť",
"Russia_North Ossetia-Alania":"Severné Osetsko",
"Russia_Novgorod Oblast":"Novgorodská oblasť",
"Russia_Novosibirsk Oblast":"Novosibirská oblasť",
"Russia_Omsk Oblast":"Omská oblasť",
"Russia_Orenburg Oblast":"Orenburská oblasť",
"Russia_Oryol Oblast":"Oriolská oblasť",
"Russia_Penza Oblast":"Penzianska oblasť",
"Russia_Perm Krai":"Permský kraj",
"Russia_Primorsky Krai":"Prímorský kraj",
"Russia_Pskov Oblast":"Pskovská oblasť",
"Russia_Republic of Dagestan":"Dagestan",
"Russia_Republic of Kalmykia":"Kalmycko",
"Russia_Republic of Karelia":"Karelsko",
"Russia_Republic of Mordovia":"Mordviansko",
"Russia_Rostov Oblast":"Rostovská oblasť",
"Russia_Ryazan Oblast":"Riazanská oblasť",
"Russia_Saint Petersburg":"Petrohrad",
"Russia_Sakha Republic":"Jakutsko",
"Russia_Sakhalin Oblast":"Sachalinská oblasť",
"Russia_Samara Oblast":"Samarská oblasť",
"Russia_Saratov Oblast":"Saratovská oblasť",
"Russia_Smolensk Oblast":"Smolenská oblasť",
"Russia_Stavropol Krai":"Stavropoľský kraj",
"Russia_Sverdlovsk Oblast":"Sverdlovská oblasť",
"Russia_Tambov Oblast":"Tambovská oblasť",
"Russia_Tatarstan":"Tatársko",
"Russia_Tomsk Oblast":"Tomská oblasť",
"Russia_Tula Oblast":"Tuľská oblasť",
"Russia_Tuva":"Tuviansko",
"Russia_Tver Oblast":"Tverská oblasť",
"Russia_Tyumen Oblast":"Ťumenská oblasť",
"Russia_Udmurt Republic":"Udmurtsko",
"Russia_Ulyanovsk Oblast":"Ulianovská oblasť",
"Russia_Vladimir Oblast":"Vladimírska oblasť",
"Russia_Volgograd Oblast":"Volgogradská oblasť",
"Russia_Vologda Oblast":"Vologdská oblasť",
"Russia_Voronezh Oblast":"Voronežská oblasť",
"Russia_Yamalo-Nenets Autonomous Okrug":"Jamalsko",
"Russia_Yaroslavl Oblast":"Jaroslavlianska oblasť",
"Russia_Yugra":"Chantyjsko-Mansijsko",
"Russia_Zabaykalsky Krai":"Zabajkalský kraj",
"Russian Federation":"Rusko",
"Rwanda":"Rwanda",
"Sahrawi Arab Democratic Republic":"Saharská arabská demokratická republika",
"Saint Barthelemy":"Svätý Bartolomej",
"Saint Helena Ascension and Tristan da Cunha":"Svätá Helena",
"Saint Kitts and Nevis":"Svätý Krištof a Nevis",
"Saint Lucia":"Svätá Lucia",
"Saint Martin":"Saint Martin",
"Saint Vincent and the Grenadines":"Svätý Vincent a Grenadíny",
"Samoa":"Samoa",
"San Marino":"San Maríno",
"Sao Tome and Principe":"Svätý Tomáš a Princov ostrov",
"Saudi Arabia":"Saudská Arábia",
"Senegal":"Senegal",
"Serbia":"Srbsko",
"Seychelles":"Seychely",
"Sierra Leone":"Sierra Leone",
"Singapore":"Singapur",
"Slovakia":"Slovensko",
"Slovakia_Region of Banska Bystrica":"Banskobystrický kraj",
"Slovakia_Region of Bratislava":"Bratislavský kraj",
"Slovakia_Region of Kosice":"Košický kraj",
"Slovakia_Region of Nitra":"Nitriansky kraj",
"Slovakia_Region of Presov":"Prešovský kraj",
"Slovakia_Region of Trencin":"Trenčiansky kraj",
"Slovakia_Region of Trnava":"Trnavský kraj",
"Slovakia_Region of Zilina":"Žilinský kraj",
"Slovenia":"Slovinsko",
"Solomon Islands":"Šalamúnove ostrovy",
"Somalia":"Somálsko",
"South Africa":"Južná Afrika",
"South Africa_Eastern Cape":"Eastern Cape",
"South Africa_Free State":"Free State",
"South Africa_Gauteng":"Gauteng",
"South Africa_KwaZulu-Natal":"Kwa-Zulu Natal",
"South Africa_Limpopo":"Limpopo",
"South Africa_Mpumalanga":"Mpumalanga",
"South Africa_North West":"North West",
"South Africa_Northern Cape":"Northern Cape",
"South Africa_Western Cape":"Western Cape",
"South Carolina":"Južná Karolína",
"South Georgia and the South Sandwich Islands":"Južná Georgia a Južné Sandwichove ostrovy",
"South Korea":"Kórejská republika",
"South Korea_North":"Kórejská republika — Sever",
"South Korea_South":"Kórejská republika — Juh",
"South Ossetia":"Južné Osetsko",
"South Sudan":"Južný Sudán",
"Spain":"Španielsko",
"Spain_Andalusia":"Andalúzia",
"Spain_Aragon":"Aragónsko",
"Spain_Balearic Islands":"Baleáry",
"Spain_Basque Country":"Baskicko",
"Spain_Canary Islands":"Kanárske ostrovy",
"Spain_Cantabria":"Kantábria",
"Spain_Castile and Leon":"Castile and León",
"Spain_Castile-La Mancha":"Castile-La Mancha",
"Spain_Catalonia_Provincia de Barcelona":"Barcelona Province",
"Spain_Catalonia_Provincia de Girona":"Girona Province",
"Spain_Catalonia_Provincia de Lleida":"Lleida Province",
"Spain_Catalonia_Provincia de Tarragona":"Tarragona Province",
"Spain_Ceuta":"Ceuta",
"Spain_Community of Madrid":"Madridské spoločenstvo",
"Spain_Comunidad Foral de Navarra":"Navarra",
"Spain_Extremadura":"Extremadura",
"Spain_Galicia":"Galícia",
"Spain_La Rioja":"La Rioja",
"Spain_Melilla":"Melilla",
"Spain_Principado de Asturias":"Astúria",
"Spain_Region de Murcia":"Region of Murcia",
"Spain_Valencian Community":"Valencian Country",
"Sri Lanka":"Srí Lanka",
"Sudan":"Sudán",
"Suriname":"Surinam",
"Swaziland":"Svazijsko",
"Sweden":"Švédsko",
"Sweden_Bergslagen":"Bergslagen",
"Sweden_Malardalen":"Mälardalen",
"Sweden_Mellannorrland":"Mellannorrland",
"Sweden_Norra Sverige":"Norra Sverige",
"Sweden_Ostra Gotaland":"Ostra Götaland",
"Sweden_Sodra Gotaland":"Södra Götaland",
"Sweden_Vastra Gotaland":"Västra Götaland",
"Switzerland":"Švajčiarsko",
"Switzerland_Central":"Stredné Švajčiarsko",
"Switzerland_Eastern":"Eastern Switzerland",
"Switzerland_Espace Mittelland":"Espace Mittelland",
"Switzerland_Lake Geneva region":"Lake Geneva region",
"Switzerland_Northwestern":"Northwestern Switzerland",
"Switzerland_Ticino":"Ticino",
"Switzerland_Zurich":"Zurich metropolitan area",
"Syria":"Sýria",
"Taiwan":"Taiwan",
"Tajikistan":"Tadžikistan",
"Tanzania":"Tanzánia",
"Tennessee":"Tennessee",
"Texas":"Texas",
"Thailand":"Thajsko",
"Thailand_North":"Thajsko — Sever",
"Thailand_South":"Thajsko — Juh",
"The Bahamas":"Bahamy",
"The Gambia":"Gambia",
"Togo":"Togo",
"Tokelau":"Tokelau",
"Tonga":"Tonga",
"Trinidad and Tobago":"Trinidad a Tobago",
"Tunisia":"Tunisko",
"Turkey":"Turecko",
"Turkey_Aegean Region":"Aegean Region",
"Turkey_Black Sea Region":"Black Sea Region",
"Turkey_Eastern Anatolia Region":"Eastern Anatolia Region",
"Turkey_Marmara Region":"Marmara Region",
"Turkey_Mediterranean Region":"Mediterranean Region",
"Turkey_Southeastern Anatolia Region":"Southeastern Anatolia Region",
"Turkmenistan":"Turkménsko",
"Turks and Caicos Islands":"Turks a Caicos",
"Tuvalu":"Tuvalu",
"UK_England_East Midlands":"East Midlands",
"UK_England_East of England_Essex":"East of England — Essex",
"UK_England_East of England_Norfolk":"East of England — Norfolk",
"UK_England_Greater London":"Veľký Londýn",
"UK_England_North East England":"North East England",
"UK_England_North West England":"North West England",
"UK_England_South East_Brighton":"South East England — Brighton",
"UK_England_South East_Oxford":"South East England — Oxford",
"UK_England_South West England_Bristol":"South West England — Bristol",
"UK_England_South West England_Cornwall":"South West England — Cornwall",
"UK_England_West Midlands":"West Midlands",
"UK_England_Yorkshire and the Humber":"Yorkshire and the Humber",
"UK_Northern Ireland":"Severné Írsko",
"UK_Scotland_North":"Škótsko — Sever",
"UK_Scotland_South":"Škótsko — Juh",
"UK_Wales":"Wales",
"US_Alabama_Birmingham":"Birmingham",
"US_Alabama_Montgomery":"Montgomery",
"US_Alaska":"Aljaška",
"US_Arizona_Flagstaff":"Flagstaff",
"US_Arizona_Phoenix":"Phoenix",
"US_Arizona_Tucson":"Tucson",
"US_Arkansas":"Arkansas",
"US_California_Bakersfield_Bakersfield":"Bakersfield",
"US_California_Bakersfield_Lancaster":"Lancaster",
"US_California_Chico":"Chico",
"US_California_LA":"Los Angeles",
"US_California_LA North":"Los Angeles — Sever",
"US_California_Redding":"Redding",
"US_California_Sacramento_Fresno":"Fresno",
"US_California_Sacramento_Sacramento":"Sacramento",
"US_California_Sacramento_Stockton":"Stockton",
"US_California_San Diego":"San Diego",
"US_California_Santa_Clara_Palo Alto":"San Francisco",
"US_California_Santa_Clara_Santa Cruz":"Santa Cruz",
"US_Colorado_Aspen":"Aspen",
"US_Colorado_Denver":"Denver",
"US_Colorado_South":"Colorado — Juh",
"US_Connecticut":"Connecticut",
"US_Delaware":"Delaware",
"US_Florida_Jacksonville":"Jacksonville",
"US_Florida_Miami":"Miami",
"US_Florida_Orlando":"Orlando",
"US_Florida_Tampa":"Tampa",
"US_Georgia":"Georgia",
"US_Georgia_Atlanta":"Atlanta",
"US_Georgia_Macon":"Macon",
"US_Georgia_North":"Georgia — Sever",
"US_Georgia_South":"Georgia — Juh",
"US_Guam":"Guam",
"US_Hawaii":"Havaj",
"US_Idaho":"Idaho",
"US_Illinois_Chickago":"Chicago",
"US_Illinois_Elgin":"Elgin",
"US_Illinois_Rockford":"Rockford",
"US_Illinois_South":"Illinois — Juh",
"US_Illinois_Springfield":"Springfield",
"US_Indiana_North":"Indiana — Sever",
"US_Indiana_South":"Indiana — Juh",
"US_Iowa_Des Moines":"Des Moines",
"US_Iowa_Waterloo":"Waterloo",
"US_Iowa_West":"Iowa — Západ",
"US_Kansas_East":"Kansas — Východ",
"US_Kansas_West":"Kansas — Západ",
"US_Kentucky_East":"Kentucky — Východ",
"US_Kentucky_West":"Kentucky — Západ",
"US_Louisiana_Central":"Louisiana — Západ",
"US_Louisiana_New Orleans":"New Orleans",
"US_Maine":"Maine",
"US_Maryland_Baltimore":"Baltimore",
"US_Maryland_and_DC":"Západ, Washington D.C.",
"US_Massachusetts_Boston":"Boston",
"US_Massachusetts_Central":"Worcester",
"US_Massachusetts_Plymouth":"Plymouth",
"US_Massachusetts_Southeastern":"Barnstable",
"US_Massachusetts_West":"Springfield",
"US_Michigan_Detroit":"Detroit",
"US_Michigan_North":"Michigan — Sever",
"US_Michigan_South":"Michigan — Juh",
"US_Minnesota_Minneapolis":"Minneapolis",
"US_Minnesota_North":"Minnesota — Sever",
"US_Minnesota_Rochester":"Rochester",
"US_Minnesota_Saint Cloud":"St. Cloud",
"US_Mississippi":"Mississippi",
"US_Missouri_East":"Missouri — Východ",
"US_Missouri_West":"Missouri — Západ",
"US_Montana":"Montana",
"US_Nebraska":"Nebraska",
"US_Nevada":"Nevada",
"US_New Hampshire":"New Hampshire",
"US_New Jersey_North":"New Jersey — Sever",
"US_New Jersey_South":"New Jersey — Juh",
"US_New Mexico":"Nové Mexiko",
"US_New York_East":"New York — Východ",
"US_New York_New York":"New York — New York",
"US_New York_North":"New York — Sever",
"US_New York_West":"New York — Západ",
"US_North Carolina_Asheville":"Asheville",
"US_North Carolina_Charlotte":"Charlotte",
"US_North Carolina_Greensboro":"Greensboro",
"US_North Carolina_Raleigh":"Raleigh",
"US_North Carolina_Wilmington":"Wilmington",
"US_North Carolina_Wilson":"Wilson",
"US_North Dakota_Bismarck":"Bismarck",
"US_North Dakota_East":"Fargo",
"US_North Dakota_Minot":"Minot",
"US_Ohio_Cleveland":"Cleveland",
"US_Ohio_Dayton":"Dayton",
"US_Oklahoma_East":"Oklahoma — Východ",
"US_Oklahoma_West":"Oklahoma — Západ",
"US_Oregon_Eugene":"Eugene",
"US_Oregon_Portland":"Portland",
"US_Oregon_West":"Oregon — Západ",
"US_Pennsylvania_Central":"Altoona",
"US_Pennsylvania_Pittsburgh":"Pittsburgh",
"US_Pennsylvania_Reading":"Reading",
"US_Pennsylvania_Scranton":"Scranton",
"US_Puerto Rico":"Portoriko",
"US_Rhode Island":"Rhode Island",
"US_South Carolina_Columbia":"Columbia",
"US_South Carolina_Florence":"Florence",
"US_South Dakota":"Južná Dakota",
"US_Tennessee_East":"Tennessee — Východ",
"US_Tennessee_West":"Tennessee — Západ",
"US_Texas_Austin":"Austin",
"US_Texas_Dallas":"Dallas",
"US_Texas_Houston":"Houston",
"US_Texas_Northwest":"Amarillo",
"US_Texas_San Antonio":"San Antonio",
"US_Texas_Southwest":"Laredo",
"US_Texas_Tyler":"Tyler",
"US_Texas_Wako":"Waco",
"US_Texas_West":"Odessa",
"US_United States Minor Outlying Islands":"Menšie odľahlé ostrovy USA",
"US_Utah":"Utah",
"US_Vermont":"Vermont",
"US_Virginia_Chesapeake":"Chesapeake",
"US_Virginia_Lynchburg":"Lynchburg",
"US_Virginia_Richmond":"Richmond",
"US_Virginia_Roanoke":"Roanoke",
"US_Washington_Coast":"Tacoma",
"US_Washington_Seattle":"Seattle",
"US_Washington_Yakima":"Yakima",
"US_West Virginia":"Západná Virgínia",
"US_Wisconsin_Milwaukee":"Milwaukee",
"US_Wisconsin_North":"Eau Claire",
"US_Wyoming":"Wyoming",
"Uganda":"Uganda",
"Ukraine":"Ukrajina",
"Ukraine_Cherkasy Oblast":"Čerkaská oblasť",
"Ukraine_Chernihiv Oblast":"Černihivská oblasť",
"Ukraine_Chernivtsi Oblast":"Černovická oblasť",
"Ukraine_Dnipropetrovsk Oblast":"Dnepropetrovská oblasť",
"Ukraine_Donetsk Oblast":"Donecká oblasť",
"Ukraine_Ivano-Frankivsk Oblast":"Ivanofrankivská oblasť",
"Ukraine_Kharkiv Oblast":"Charkovská oblasť",
"Ukraine_Kherson Oblast":"Chersonská oblasť",
"Ukraine_Khmelnytskyi Oblast":"Chmeľnycká oblasť",
"Ukraine_Kirovohrad Oblast":"Kirovohradská oblasť",
"Ukraine_Kyiv Oblast":"Kyjevská oblasť",
"Ukraine_Luhansk Oblast":"Luhanská oblasť",
"Ukraine_Lviv Oblast":"Ľvovská oblasť",
"Ukraine_Mykolaiv Oblast":"Mykolajivská oblasť",
"Ukraine_Odessa Oblast":"Odeská oblasť",
"Ukraine_Poltava Oblast":"Poltavská oblasť",
"Ukraine_Rivne Oblast":"Rivnenská oblasť",
"Ukraine_Sumy Oblast":"Sumská oblasť",
"Ukraine_Ternopil Oblast":"Ternopiľská oblasť",
"Ukraine_Vinnytsia Oblast":"Vinnycká oblasť",
"Ukraine_Volyn Oblast":"Volynská oblasť",
"Ukraine_Zakarpattia Oblast":"Zakarpatská oblasť",
"Ukraine_Zaporizhia Oblast":"Záporožská oblasť",
"Ukraine_Zhytomyr Oblast":"Žytomyrská oblasť",
"United Arab Emirates":"Spojené arabské emiráty",
"United Kingdom":"Spojené kráľovstvo",
"United States Virgin Islands":"Americké Panenské ostrovy",
"United States of America":"Spojené štáty",
"Uruguay":"Uruguaj",
"Uzbekistan":"Uzbekistan",
"Vanuatu":"Vanuatu",
"Venezuela":"Venezuela",
"Vietnam":"Vietnam",
"Virginia":"Virgínia",
"Wallis and Futuna":"Wallis a Futuna",
"Washington":"Washington",
"Willis Island":"Willis Island",
"Wisconsin":"Wisconsin",
"Yemen":"Jemen",
"Zambia":"Zambia",
"Zimbabwe":"Zimbabwe",
"Australia_Brisbane":"Brisbane",
"Australia_Sydney":"Sydney",
"Austria_Styria_Graz":"Štajersko — Graz",
"Austria_Styria_Leoben":"Štajersko — Leoben",
"Austria_Upper Austria_Linz":"Horné Rakúsko — Linz",
"Austria_Upper Austria_Wels":"Horné Rakúsko — Wels",
"Bolivia_North":"Bolívia — Sever",
"Bolivia_South":"Bolívia — Juh",
"Brazil_Goias_Brasilia":"Goiás — Brazília",
"Brazil_Goias_North":"Goiás — Sever",
"Brazil_North Region_East":"Severný región - východ",
"Brazil_North Region_West":"Severný región - západ",
"Brazil_Northeast Region_East":"Severovýchodný región - východ",
"Brazil_Northeast Region_West":"Severovýchodný región - západ",
"Brazil_Parana_East":"Paraná — Východ",
"Brazil_Parana_West":"Paraná — Západ",
"Brazil_South Region_East":"Južná oblasť - východ",
"Brazil_South Region_West":"Južná oblasť - západ",
"Bulgaria_East":"Bulharsko — Východ",
"Bulgaria_West":"Bulharsko — Západ",
"Canada_Ontario_Northeastern_W":"Wawa",
"Chile_Central":"Čile — Stred",
"Congo-Kinshasa_Kivu":"Kivu",
"Congo-Kinshasa_West":"Kongo — Západ",
"Croatia_Central":"Chorvátsko — Stred",
"Croatia_West":"Chorvátsko — Západ",
"Ecuador_East":"Ekvádor — Východ",
"Ecuador_West":"Ekvádor — Západ",
"Finland_Eastern Finland_North":"Východné Fínsko — Sever",
"Finland_Eastern Finland_South":"Východné Fínsko — Juh",
"Finland_Western Finland_Jyvaskyla":"Západné Fínsko — Jyväskylä",
"Finland_Western Finland_Tampere":"Západné Fínsko — Tampere",
"France_Free County_North":"Franche-Comté — Sever",
"France_Free County_South":"Franche-Comté — Juh",
"France_Pays de la Loire_Loire-Atlantique_Nantes":"Loire-Atlantique — Nantes",
"France_Pays de la Loire_Loire-Atlantique_Saint-Nazaire":"Loire-Atlantique — Saint-Nazaire",
"Germany_Free State of Bavaria_Upper Bavaria_South":"Horné Bavorsko — Juh",
"India_Karnataka_North":"Karnátaka — Sever",
"India_Karnataka_South":"Karnátaka — Juh",
"Iran_East":"Irán — Východ",
"Iraq_North":"Irak — Sever",
"Iraq_South":"Irak — Juh",
"Japan_Chubu Region_Aichi_Nagoya":"Aiči — Nagoja",
"Japan_Chubu Region_Aichi_Toyohashi":"Aichi - Tojohaši",
"Japan_Hokkaido Region_Sapporo":"Sapporo",
"Japan_Kinki Region_Osaka_Osaka":"Osaka",
"Japan_Kinki Region_Osaka_West":"Osaka — Západ",
"Kazakhstan_North":"Kazachstan — Sever",
"Kazakhstan_South":"Kazachstan — Juh",
"Lithuania_East":"Litva — Východ",
"Lithuania_West":"Litva — Západ",
"Mexico_Chihuahua":"Chihuahua",
"Mexico_Sonora":"Sonora",
"Nepal_Kathmandu":"Káthmandu",
"Nepal_Madhyamanchal":"Stredný región",
"Nepal_Purwanchal":"Východný región",
"Nigeria_North":"Nigéria — Sever",
"Nigeria_South":"Nigéria — Juh",
"Norway_Hordaland":"Hordaland",
"Norway_Nordland":"Nordland",
"Norway_North Trondelag":"Nord-Trøndelag",
"Norway_Rogaland":"Rogaland",
"Norway_South Trondelag":"Sør-Trøndelag",
"Peru_Lima":"Lima",
"Portugal_Islands":"Ostrovy Portugalska",
"Portugal_Viseu":"Viseu",
"Russia_Krasnoyarsk Krai_North":"Krasnojarský kraj — Sever",
"Russia_Krasnoyarsk Krai_South":"Krasnojarský kraj — Juh",
"Russia_Moscow Oblast_East":"Moskovská oblasť — Východ",
"Russia_Moscow Oblast_West":"Moskovská oblasť — Západ",
"Russia_Perm Krai_North":"Permský kraj — Sever",
"Russia_Perm Krai_South":"Permský kraj — Juh",
"Russia_Republic of Karelia_North":"Karelsko — Sever",
"Russia_Republic of Karelia_South":"Karelsko — Juh",
"Russia_Sverdlovsk Oblast_North":"Sverdlovská oblasť — Sever",
"Russia_Sverdlovsk Oblast_Ekaterinburg":"Sverdlovská oblasť — Jekaterinburg",
"Russia_Yugra_Khanty":"Chantyjsko-Mansijsko — Chanty-Mansijsk",
"Russia_Yugra_Surgut":"Jugra - Surgut",
"Saudi Arabia_North":"Saudská Arábia — Sever",
"Saudi Arabia_South":"Saudská Arábia — Juh",
"Slovenia_East":"Slovinsko — Východ",
"Slovenia_West":"Slovinsko — Západ",
"Spain_Andalusia_Granada":"Andalúzia — Granada",
"Spain_Andalusia_Sevilla":"Andalúzia — Sevilla",
"Spain_Castile and Leon_East":"Kastília a León - východ",
"Spain_Castile and Leon_West":"Kastília a León - západ",
"Spain_Galicia_North":"Galícia — Sever",
"Spain_Galicia_South":"Galícia — Juh",
"Sudan_East":"Sudán — Východ",
"Sudan_West":"Sudán — Západ",
"Sweden_Stockholm":"Štokholm",
"Switzerland_Espace Mittelland_Bern":"Espace Mittelland - Bern",
"Switzerland_Espace Mittelland_East":"Espace Mittelland - východ",
"Taiwan_North":"Taiwan — Sever",
"Taiwan_South":"Taiwan — Juh",
"Thailand_Central":"Thajsko — Stred",
"Turkey_Central Anatolia Region_Ankara":"Stredná Anatólia - Ankara",
"Turkey_Central Anatolia Region_Kayseri":"Stredná Anatólia - Kayseri",
"Turkey_Marmara Region_Bursa":"Marmarský región - Bursa",
"Turkey_Marmara Region_Istanbul":"Marmarský región - Istanbul",
"US_Arkansas_North":"Arkansas — Sever",
"US_Arkansas_South":"Arkansas — Juh",
"US_Florida_Gainesvile":"Gainesville",
"US_Idaho_North":"Idaho — Sever",
"US_Idaho_South":"Idaho — Juh",
"US_Indiana_Evansville":"Evansville",
"US_Indiana_Indianapolis":"Indianapolis",
"US_Kansas_Wichita":"Wichita",
"US_Kentucky_Louisville":"Louisville",
"US_Michigan_Grand Rapids":"Grand Rapids",
"US_Michigan_Lansing":"Lansing",
"US_Mississippi_Gulfport":"Gulfport",
"US_Mississippi_North":"Mississippi — Sever",
"US_Missouri_Kansas":"Kansas City",
"US_Missouri_Springfield":"Springfield",
"US_Missouri_St Louis":"St. Louis",
"US_Montana_East":"Montana — Východ",
"US_Montana_West":"Montana — Západ",
"US_Nebraska_East":"Nebraska — Východ",
"US_Nebraska_West":"Nebraska — Západ",
"US_New Mexico_Albuquerque":"Albuquerque",
"US_New Mexico_Roswell":"Roswell",
"US_Ohio_Cincinnati":"Cincinnati",
"US_Ohio_Columbus":"Columbus",
"US_Ohio_Toledo":"Toledo",
"US_Oklahoma_Oklahoma":"Oklahoma City",
"US_Oklahoma_Tulsa":"Tulsa",
"US_South Carolina_Charleston":"Charleston",
"US_Texas_Amarillo":"Amarillo",
"US_Texas_Lubbock":"Lubbock",
"US_Utah_North":"Utah — Sever",
"US_Utah_South":"Utah — Juh",
"US_Virginia_Alexandria":"Alexandria",
"US_Wisconsin_Eau Claire":"Eau Claire",
"US_Wisconsin_Madison":"Madison",
"Venezuela_North":"Venezuela — Sever",
"Venezuela_South":"Venezuela — Juh",
"Argentina_Buenos Aires_Buenos Aires":"Buenos Aires",
"Canada_Quebek_Lachute":"Lachute",
"Canada_Saskatchewan_Regina":"Regina",
"Canada_Saskatchewan_Saskatoon":"Saskatoon",
"Germany_Lower Saxony_Braunschweig":"Braunschweig",
"Germany_Saxony-Anhalt_Halle":"Sasko-Anhaltsko — Halle",
"Germany_Saxony-Anhalt_Magdeburg":"Sasko-Anhaltsko — Magdeburg",
"Germany_Schleswig-Holstein_Flensburg":"Šlezvicko-Holštajnsko - Flensburg",
"Germany_Schleswig-Holstein_Kiel":"Šlezvicko-Holštajnsko — Kiel",
"Portugal_Porto":"Porto",
"UK_England_North West England_Lancaster":"Severozápadné Anglicko - Lancaster",
"UK_England_North West England_Manchester":"North West England — Manchester",
"US_Florida_Gainesville":"Gainesville",
"US_Texas_Victoria":"Victoria",
"US_Virginia_Norfolk":"Norfolk"
}
