{
"Abkhazia":"Abhazya",
"Afghanistan":"Afganistan",
"Alabama":"Alabama",
"Albania":"Arnavutluk",
"Algeria":"Cezayir",
"Algeria_Central":"Cezayir — Merkez",
"Algeria_Coast":"Cezayir — Kuzey",
"Andorra":"Andorra",
"Angola":"Angola",
"Anguilla":"Anguilla",
"Antarctica":"Antarktika",
"Antigua and Barbuda":"Antigua ve Barbuda",
"Argentina":"Arjantin",
"Argentina_Buenos Aires_North":"Buenos Aires eyaleti — Kuzey",
"Argentina_Buenos Aires_South":"Buenos Aires eyaleti — Güney",
"Argentina_Cuyo":"Cuyo",
"Argentina_Mesopotamia":"Mesopotamia",
"Argentina_Northwest":"Kuzeybatı Arjantin",
"Argentina_Pampas":"Pampa",
"Argentina_Patagonia":"Patagonya",
"Arizona":"Arizona",
"Armenia":"Ermenistan",
"Australia":"Avustralya",
"Australia_Melbourne":"Melbourne",
"Australia_New South Wales":"Yeni Güney Galler",
"Australia_Northern Territory":"Kuzey Toprakları",
"Australia_Queensland":"Queensland",
"Australia_South Australia":"Güney Avustralya",
"Australia_Tasmania":"Tasmanya",
"Australia_Victoria":"Victoria",
"Australia_Western Australia":"Batı Avustralya",
"Austria":"Avusturya",
"Austria_Burgenland":"Burgenland",
"Austria_Carinthia":"Karintiya",
"Austria_Lower Austria_West":"Aşağı Avusturya — Batı",
"Austria_Lower Austria_Wien":"Viyana",
"Austria_Salzburg":"Salzburg",
"Austria_Styria":"Steiermark",
"Austria_Tyrol":"Tirol",
"Austria_Upper Austria":"Yukarı Avusturya",
"Austria_Vorarlberg":"Vorarlberg",
"Azerbaijan":"Azerbaycan",
"Azerbaijan Region":"Azerbaycan",
"Bahrain":"Bahreyn",
"Bangladesh":"Bangladeş",
"Barbados":"Barbados",
"Belarus":"Beyaz Rusya",
"Belarus_Brest Region":"Brest Voblastı",
"Belarus_Homiel Region":"Homyel Voblastı",
"Belarus_Hrodna Region":"Hrodna Voblastı",
"Belarus_Maglieu Region":"Mahilyov Voblastı",
"Belarus_Minsk Region":"Minsk Voblastı",
"Belarus_Vitebsk Region":"Vitsebsk Voblastı",
"Belgium":"Belçika",
"Belgium_Antwerp":"Anvers",
"Belgium_East Flanders":"Doğu Flandre",
"Belgium_Flemish Brabant":"Flaman Brabant",
"Belgium_Hainaut":"Hainaut",
"Belgium_Liege":"Liège",
"Belgium_Limburg":"Limburg",
"Belgium_Luxembourg":"Lüksemburg, Belçika",
"Belgium_Namur":"Namur",
"Belgium_Walloon Brabant":"Valon Brabant",
"Belgium_West Flanders":"Batı Flandre",
"Belize":"Belize",
"Benin":"Benin",
"Bermuda":"Bermuda",
"Bhutan":"Bhutan",
"Bolivia":"Bolivya",
"Bosnia and Herzegovina":"Bosna-Hersek",
"Bosnia and Herzegovina_Brcko district of Bosnia and Herzegowina":"Brçko Bölgesi",
"Bosnia and Herzegovina_Entity Federation of Bosnia and Herzegovina":"Bosna-Hersek Federasyonu",
"Bosnia and Herzegovina_Republic of Srpska":"Sırp Cumhuriyeti",
"Botswana":"Botsvana",
"Brazil":"Brezilya",
"Brazil_Bahia":"Bahia",
"Brazil_Goias":"Goiás",
"Brazil_Mato Grosso":"Mato Grosso",
"Brazil_Mato Grosso Do Sul":"Mato Grosso do Sul",
"Brazil_North Region":"Kuzey Bölgesi, Brezilya",
"Brazil_Northeast Region":"Kuzeydoğu Bölgesi",
"Brazil_Paraiba":"Paraíba",
"Brazil_Parana":"Paraná",
"Brazil_Rio Grande do Norte":"Rio Grande do Norte",
"Brazil_Santa Catarina":"Santa Catarina",
"Brazil_South Region":"Güney Brezilya",
"Brazil_Southeast Region_Espirito Santo":"Espírito Santo",
"Brazil_Southeast Region_Minas Gerais_Contagem":"Minas Gerais — Contagem",
"Brazil_Southeast Region_Minas Gerais_North":"Minas Gerais — Kuzey",
"Brazil_Southeast Region_Rio de Janeiro":"Rio de Janeiro",
"Brazil_Southeast Region_Sao Paulo_Campinas":"São Paulo — Campinas",
"Brazil_Southeast Region_Sao Paulo_City":"São Paulo — Santos",
"Brazil_Southeast Region_Sao Paulo_West":"São Paulo — Ribeirão Preto",
"British Indian Ocean Territory":"Britanya Hint Okyanusu Toprakları",
"British Virgin Islands":"Britanya Virjin Adaları",
"Brunei":"Brunei",
"Bulgaria":"Bulgaristan",
"Burkina Faso":"Burkina Faso",
"Burundi":"Burundi",
"California":"Kaliforniya",
"Cambodia":"Kamboçya",
"Cameroon":"Kamerun",
"Cameroon_Central":"Kamerun — Merkez",
"Cameroon_West":"Kamerun — Batı",
"Campo de Hielo Sur":"Campo de Hielo Sur",
"Canada":"Kanada",
"Canada_Alberta":"Alberta",
"Canada_Alberta_Edmonton":"Edmonton",
"Canada_Alberta_North":"Alberta — Kuzey",
"Canada_Alberta_South":"Alberta — Güney",
"Canada_British Columbia":"Britanya Kolumbiyası",
"Canada_British Columbia_Central":"Britanya Kolumbiyası — Merkez",
"Canada_British Columbia_Far_North":"Britanya Kolumbiyası — Doğu",
"Canada_British Columbia_Islands":"Vancouver Adası",
"Canada_British Columbia_North":"Britanya Kolumbiyası — Batı",
"Canada_British Columbia_Northeast":"Britanya Kolumbiyası — Kuzey",
"Canada_British Columbia_Southeast":"Kelowna, Britanya Kolumbiyası",
"Canada_British Columbia_Vancouver":"Vancouver",
"Canada_Labrador":"Labrador",
"Canada_Labrador_North":"Labrador — Kuzey",
"Canada_Labrador_South":"Labrador — Güzen",
"Canada_Labrador_West":"Labrador — Batı",
"Canada_Manitoba":"Manitoba",
"Canada_Manitoba_Northeast":"Manitoba — Kuzey",
"Canada_Manitoba_Northwest":"Manitoba — Batı",
"Canada_Manitoba_South":"Brandon",
"Canada_Manitoba_Winnipeg":"Winnipeg",
"Canada_New Brunswick":"New Brunswick",
"Canada_Newfoundland":"Newfoundland",
"Canada_Newfoundland_East":"Newfoundland — Doğu",
"Canada_Newfoundland_North":"Newfoundland — Kuzey",
"Canada_Newfoundland_South":"Newfoundland — Güney",
"Canada_Newfoundland_West":"Newfoundland — Batı",
"Canada_Northwest Territories":"Kuzeybatı Toprakları",
"Canada_Northwest Territories_East":"Kuzeybatı Toprakları — Doğu",
"Canada_Northwest Territories_North":"Kuzeybatı Toprakları — Kuzey",
"Canada_Northwest Territories_Yellowknife":"Yellowknife",
"Canada_Nova Scotia":"Yeni İskoçya",
"Canada_Nova Scotia_Halifax":"Halifax",
"Canada_Nova Scotia_Sydney":"Sidney",
"Canada_Nunavut":"Nunavut",
"Canada_Nunavut_North":"Nunavut — Kuzey",
"Canada_Nunavut_South":"Nunavut — Güney",
"Canada_Ontario":"Ontario",
"Canada_Ontario_Bame":"Barrie",
"Canada_Ontario_Kingston":"Kingston",
"Canada_Ontario_London":"London",
"Canada_Ontario_Northeastern_Central":"Timmins",
"Canada_Ontario_Northeastern_North":"Moose Factory",
"Canada_Ontario_Northeastern_S":"Greater Sudbury",
"Canada_Ontario_Northeastern_SE":"North Bay",
"Canada_Ontario_Northeastern_SW":"Sault Ste. Marie",
"Canada_Ontario_Northeastern_Wawa":"Wawa",
"Canada_Ontario_Northern":"Thunder Bay",
"Canada_Ontario_Northwestern":"Ontario — Kuzey",
"Canada_Ontario_Toronto":"Toronto",
"Canada_Prince Edward Island":"Prens Edward Adası",
"Canada_Quebec":"Québec",
"Canada_Quebec_Quebec":"Québec",
"Canada_Quebek_Far North":"Québec — Kuzey",
"Canada_Quebek_Montreal":"Montreal",
"Canada_Quebek_North":"Sept-Îles",
"Canada_Quebek_Southeast_Rimouski":"Rimouski",
"Canada_Quebek_Southeast_Saguenay":"Saguenay",
"Canada_Quebek_West_Chibougamau":"Chibougamau",
"Canada_Quebek_West_Rouyn-Noranda":"Rouyn-Noranda",
"Canada_Saskatchewan":"Saskatchewan",
"Canada_Saskatchewan_North":"Saskatchewan — Kuzey",
"Canada_Saskatchewan_South":"Saskatchewan — Güney",
"Canada_Yukon":"Yukon",
"Canada_Yukon_North":"Yukon — Kuzey",
"Canada_Yukon_Whitehorse":"Whitehorse",
"Cape Verde":"Yeşil Burun Adaları",
"Caribees":"Küçük Antiller",
"Caribisch Nederland":"Hollanda Karayipleri",
"Cayman Islands":"Cayman Adaları",
"Central African Republic":"Orta Afrika Cumhuriyeti",
"Central Anatolia Region":"İç Anadolu Bölgesi",
"Chad":"Çad",
"Chile":"Şili",
"Chile_North":"Şili — Kuzey",
"Chile_South":"Şili — Güney",
"China_Anhui":"Anhui",
"China_Chongqing":"Çongçing",
"China_Fujian":"Fujian",
"China_Gansu":"Kansu",
"China_Guangdong":"Guangdong",
"China_Guangxi":"Guangxi Zhuang Özerk Bölgesi",
"China_Guizhou":"Guizhou",
"China_Hebei":"Hebei",
"China_Heilongjiang":"Heilongjiang",
"China_Henan":"Henan",
"China_Hubei":"Hubei",
"China_Hunan":"Hunan",
"China_Inner Mongolia":"İç Moğolistan",
"China_Jiangsu":"Jiangsu",
"China_Jiangxi":"Jiangxi",
"China_Jilin":"Jilin",
"China_Liaoning":"Liaoning",
"China_Ningxia Hui":"Ningxia Huizu Özerk Bölgesi",
"China_Qinghai":"Çinghay",
"China_Shaanxi":"Şensi",
"China_Shandong":"Şantung",
"China_Shanghai":"Şanghay",
"China_Shanxi":"Şansi",
"China_Sichuan":"Siçuan",
"China_Tibet Autonomous Region":"Tibet Özerk Bölgesi",
"China_Xinjiang":"Sincan Uygur Özerk Bölgesi",
"China_Yunnan":"Yünnan",
"China_Zhejiang":"Zhejiang",
"Colombia":"Kolombiya",
"Colombia_East":"Kolombiya — Doğu",
"Colombia_North":"Kolombiya — Kuzey",
"Colombia_West":"Kolombiya — Batı",
"Colorado":"Colorado",
"Comoros":"Komorlar",
"Congo-Brazzaville":"Kongo Cumhuriyeti",
"Congo-Kinshasa":"Demokratik Kongo Cumhuriyeti",
"Cook Islands":"Cook Adaları",
"Costa Rica":"Kosta Rika",
"Cote dIvoire":"Fildişi Sahili",
"Crimea":"Kırım Yarımadası",
"Croatia":"Hırvatistan",
"Cuba":"Küba",
"Cyprus":"Kıbrıs Cumhuriyeti",
"Czech Republic":"Çek Cumhuriyeti",
"Czech_Jihovychod_Jihomoravsky kraj":"Güney Moravya ili",
"Czech_Jihovychod_Kraj Vysocina":"Vysočina Bölgesi",
"Czech_Jihozapad_Jihocesky kraj":"Güney Bohemya ili",
"Czech_Jihozapad_Plzensky kraj":"Plzeň Bölgesi",
"Czech_Karlovasky kraj":"Karlovy Vary ili",
"Czech_Moravskoslezsko":"Moravian-Silesian Bölgesi",
"Czech_Olomoucky kraj":"Olomouc Bölgesi",
"Czech_Praha":"Prag",
"Czech_Severovychod_Kralovehradecky kraj":"Hradec Králové ili",
"Czech_Severovychod_Liberecky kraj":"Liberec Bölgesi",
"Czech_Severovychod_Pardubicky kraj":"Pardubice Bölgesi",
"Czech_Stredni Cechy_East":"Orta Çek Bölgesi — Doğu",
"Czech_Stredni Cechy_West":"Orta Çek Bölgesi — Batı",
"Czech_Ustecky kraj":"Ústí nad Labem Bölgesi",
"Czech_Zlinsky Kraj":"Zlín Bölgesi",
"Denmark":"Danimarka",
"Denmark_Capital Region of Denmark":"Danimarka Başkent Bölgesi",
"Denmark_Central Denmark Region":"Merkezi Danimarka Bölgesi",
"Denmark_North Denmark Region":"Kuzey Danimarka Bölgesi",
"Denmark_Region Zealand":"Zealand Bölgesi",
"Denmark_Region of Southern Denmark":"Güney Danimarka Bölgesi",
"Djibouti":"Cibuti",
"Dominica":"Dominika",
"Dominican Republic":"Dominik Cumhuriyeti",
"East Timor":"Doğu Timor",
"Ecuador":"Ekvador",
"Egypt":"Mısır",
"El Salvador":"El Salvador",
"Equatorial Guinea":"Ekvator Ginesi",
"Eritrea":"Eritre",
"Estonia":"Estonya",
"Estonia_East":"Estonya — Doğu",
"Estonia_West":"Estonya — Batı",
"Ethiopia":"Etiyopya",
"Falkland Islands":"Falkland Adaları",
"Faroe Islands":"Faroe Adaları",
"Federated States of Micronesia":"Mikronezya",
"Fiji":"Fiji",
"Finland":"Finlandiya",
"Finland_Eastern Finland":"Doğu Finlandiya İli",
"Finland_Northern Finland":"Kuzey Finlandiya",
"Finland_Southern Finland_Helsinki":"Güney Finlandiya İli — Helsinki",
"Finland_Southern Finland_Lappeenranta":"Güney Finlandiya İli — Lappeenranta",
"Finland_Southern Finland_West":"Güneybatı Finlandiya",
"Finland_Western Finland":"Batı Finlandiya İli",
"Florida":"Florida",
"France":"Fransa",
"France_Alsace":"Alsas",
"France_Alsace_Bas-Rhin":"Bas-Rhin",
"France_Alsace_Haut-Rhin":"Haut-Rhin",
"France_Aquitaine":"Akitanya",
"France_Aquitaine_Dordogne":"Dordogne",
"France_Aquitaine_Gironde":"Gironde",
"France_Aquitaine_Landes":"Landes",
"France_Aquitaine_Lot-et-Garonne":"Lot-et-Garonne",
"France_Aquitaine_Pyrenees-Atlantiques":"Pyrénées-Atlantiques",
"France_Auvergne":"Auvergne",
"France_Auvergne_Allier":"Allier",
"France_Auvergne_Cantal":"Cantal",
"France_Auvergne_Haute-Loire":"Haute-Loire",
"France_Auvergne_Puy-de-Dome":"Puy-de-Dôme",
"France_Brittany":"Bretonya",
"France_Brittany_Cotes-dArmor":"Côtes-d'Armor",
"France_Brittany_Finistere":"Finistère",
"France_Brittany_Ille-et-Vilaine":"Ille-et-Vilaine",
"France_Brittany_Morbihan":"Morbihan",
"France_Burgundy":"Burgonya",
"France_Burgundy_Cote-dOr":"Côte-d'Or",
"France_Burgundy_Nievre":"Nièvre",
"France_Burgundy_Saone-et-Loire":"Saône-et-Loire",
"France_Burgundy_Yonne":"Yonne",
"France_Centre-Val de Loire":"Merkez",
"France_Centre-Val de Loire_Cher":"Cher, Fransa",
"France_Centre-Val de Loire_Eure-et-Loir":"Eure-et-Loir",
"France_Centre-Val de Loire_Indre":"Indre",
"France_Centre-Val de Loire_Indre-et-Loire":"Indre-et-Loire",
"France_Centre-Val de Loire_Loir-et-Cher":"Loir-et-Cher",
"France_Centre-Val de Loire_Loiret":"Loiret",
"France_Champagne-Ardenne":"Champagne-Ardenne",
"France_Corsica":"Korsika",
"France_Free County":"Franche-Comté",
"France_French Guiana":"Fransız Guyanası",
"France_Ile-de-France":"Île-de-France (bölge)",
"France_Ile-de-France_Essonne":"Essonne",
"France_Ile-de-France_Hauts-de-Seine":"Hauts-de-Seine",
"France_Ile-de-France_Paris":"Paris",
"France_Ile-de-France_Seine-Saint-Denis":"Seine-Saint-Denis",
"France_Ile-de-France_Seine-et-Marne":"Seine-et-Marne",
"France_Ile-de-France_Val-dOise":"Val-d'Oise",
"France_Ile-de-France_Val-de-Marne":"Val-de-Marne",
"France_Ile-de-France_Yvelines":"Yvelines",
"France_Languedoc-Roussillon":"Languedoc-Roussillon",
"France_Languedoc-Roussillon_Aude":"Aude",
"France_Languedoc-Roussillon_Gard":"Gard",
"France_Languedoc-Roussillon_Herault":"Hérault, Fransa",
"France_Languedoc-Roussillon_Lozere":"Lozère",
"France_Languedoc-Roussillon_Pyrenees-Orientales":"Pyrénées-Orientales",
"France_Limousin":"Limousin",
"France_Lorraine":"Lorraine",
"France_Lorraine_Meurthe-et-Moselle":"Meurthe-et-Moselle",
"France_Lorraine_Meuse":"Meuse",
"France_Lorraine_Moselle":"Moselle",
"France_Lorraine_Vosges":"Vosges",
"France_Lower Normandy":"Aşağı Normandiya",
"France_Lower Normandy_Calvados":"Calvados",
"France_Lower Normandy_Manche":"Manche",
"France_Lower Normandy_Orne":"Orne",
"France_Midi-Pyrenees":"Midi-Pyrénées",
"France_Midi-Pyrenees_Ariege":"Ariège",
"France_Midi-Pyrenees_Aveyron":"Aveyron",
"France_Midi-Pyrenees_Gers":"Gers",
"France_Midi-Pyrenees_Haute-Garonne":"Haute-Garonne",
"France_Midi-Pyrenees_Hautes-Pyrenees":"Hautes-Pyrénées",
"France_Midi-Pyrenees_Lot":"Lot",
"France_Midi-Pyrenees_Tarn":"Tarn",
"France_Midi-Pyrenees_Tarn-et-Garonne":"Tarn-et-Garonne",
"France_New Caledonia":"Yeni Kaledonya",
"France_Nord-Pas-de-Calais":"Nord-Pas-de-Calais",
"France_Nord-Pas-de-Calais_Lille":"Lille",
"France_Nord-Pas-de-Calais_Nord":"Nord, Fransa",
"France_Nord-Pas-de-Calais_Pas-de-Calais":"Pas-de-Calais",
"France_Pays de la Loire":"Pays de la Loire",
"France_Pays de la Loire_Loire-Atlantique":"Loire-Atlantique",
"France_Pays de la Loire_Maine-et-Loire":"Maine-et-Loire",
"France_Pays de la Loire_Mayenne":"Mayenne",
"France_Pays de la Loire_Sarthe":"Sarthe",
"France_Pays de la Loire_Vendee":"Vendée",
"France_Picardy":"Picardie",
"France_Picardy_Aisne":"Aisne",
"France_Picardy_Oise":"Oise",
"France_Picardy_Somme":"Somme",
"France_Poitou-Charentes":"Poitou-Charentes",
"France_Poitou-Charentes_Charente":"Charente",
"France_Poitou-Charentes_Charente-Maritime":"Charente-Maritime",
"France_Poitou-Charentes_Deux-Sevres":"Deux-Sèvres",
"France_Poitou-Charentes_Vienne":"Vienne",
"France_Provence-Alpes-Cote dAzur":"Provence-Alpes-Côte d'Azur",
"France_Provence-Alpes-Cote dAzur_Alpes-de-Haute-Provence":"Alpes-de-Haute-Provence",
"France_Provence-Alpes-Cote dAzur_Bouches-du-Rhone":"Bouches-du-Rhône",
"France_Provence-Alpes-Cote dAzur_Hautes-Alpes":"Hautes-Alpes",
"France_Provence-Alpes-Cote dAzur_Maritime Alps":"Alpes-Maritimes",
"France_Provence-Alpes-Cote dAzur_Var":"Var",
"France_Provence-Alpes-Cote dAzur_Vaucluse":"Vaucluse",
"France_Rhone-Alpes":"Rhône-Alpes",
"France_Rhone-Alpes_Ain":"Ain",
"France_Rhone-Alpes_Ardeche":"Ardèche",
"France_Rhone-Alpes_Drome":"Drôme",
"France_Rhone-Alpes_Haute-Savoie":"Haute-Savoie",
"France_Rhone-Alpes_Isere":"Isère",
"France_Rhone-Alpes_Loire":"Loire",
"France_Rhone-Alpes_Rhone":"Rhône",
"France_Rhone-Alpes_Savoie":"Savoie",
"France_Southern Islands":"Fransız Güney ve Antarktika Toprakları",
"France_Upper Normandy":"Yukarı Normandiya",
"French Polynesia":"Fransız Polinezyası",
"Gabon":"Gabon",
"Georgia":"Gürcistan",
"Germany":"Almanya",
"Germany_Baden-Wurttemberg":"Baden-Württemberg",
"Germany_Baden-Wurttemberg_Regierungsbezirk Freiburg":"Freiburg im Breisgau",
"Germany_Baden-Wurttemberg_Regierungsbezirk Karlsruhe":"Regierungsbezirk Karlsruhe",
"Germany_Baden-Wurttemberg_Regierungsbezirk Stuttgart_Heilbronn":"Regierungsbezirk Stuttgart — Heilbronn",
"Germany_Baden-Wurttemberg_Regierungsbezirk Stuttgart_Stuttgart":"Regierungsbezirk Stuttgart — Stuttgart",
"Germany_Baden-Wurttemberg_Regierungsbezirk Tubingen":"Regierungsbezirk Tübingen",
"Germany_Berlin":"Berlin",
"Germany_Brandenburg_North":"Brandenburg — Kuzey",
"Germany_Brandenburg_South":"Brandenburg — Güney",
"Germany_Free State of Bavaria":"Bavyera",
"Germany_Free State of Bavaria_Lower Bavaria":"Niederbayern",
"Germany_Free State of Bavaria_Lower Franconia":"Aşağı Franconia",
"Germany_Free State of Bavaria_Middle Franconia":"Orta Franconia",
"Germany_Free State of Bavaria_Swabia":"Svabya",
"Germany_Free State of Bavaria_Upper Bavaria_East":"Oberbayern — Doğu",
"Germany_Free State of Bavaria_Upper Bavaria_Ingolstadt":"Oberbayern — Ingolstadt",
"Germany_Free State of Bavaria_Upper Bavaria_Munchen":"Oberbayern — Münih",
"Germany_Free State of Bavaria_Upper Franconia":"Yukarı Franconia",
"Germany_Free State of Bavaria_Upper Palatinate":"Yukarı Palatina",
"Germany_Hamburg_main":"Hamburg",
"Germany_Hesse":"Hessen",
"Germany_Hesse_Regierungsbezirk Darmstadt":"Regierungsbezirk Darmstadt",
"Germany_Hesse_Regierungsbezirk Giessen":"Regierungsbezirk Gießen",
"Germany_Hesse_Regierungsbezirk Kassel":"Regierungsbezirk Kassel",
"Germany_Lower Saxony":"Aşağı Saksonya",
"Germany_Lower Saxony_Bremen_Bremen":"Bremen",
"Germany_Lower Saxony_Bremen_Munster":"Lüneburg",
"Germany_Lower Saxony_Hannover":"Hannover",
"Germany_Lower Saxony_Oldenburg":"Oldenburg",
"Germany_Mecklenburg-Vorpommern":"Mecklenburg-Vorpommern",
"Germany_North Rhine-Westphalia":"Kuzey Ren-Vestfalya",
"Germany_North Rhine-Westphalia_Regierungsbezirk Arnsberg_Arnsberg":"Arnsberg — Arnsberg",
"Germany_North Rhine-Westphalia_Regierungsbezirk Arnsberg_Dortmund":"Arnsberg — Dortmund",
"Germany_North Rhine-Westphalia_Regierungsbezirk Detmold":"Detmold",
"Germany_North Rhine-Westphalia_Regierungsbezirk Dusseldorf_Dusseldorf":"Düsseldorf — Düsseldorf",
"Germany_North Rhine-Westphalia_Regierungsbezirk Dusseldorf_Mulheim":"Düsseldorf — Mülheim an der Ruhr",
"Germany_North Rhine-Westphalia_Regierungsbezirk Dusseldorf_Wesel":"Düsseldorf — Wesel",
"Germany_North Rhine-Westphalia_Regierungsbezirk Koln_Aachen":"Köln — Aachen",
"Germany_North Rhine-Westphalia_Regierungsbezirk Koln_Koln":"Köln — Köln",
"Germany_North Rhine-Westphalia_Regierungsbezirk Munster_Munster":"Münster — Münster, Vestfalya",
"Germany_North Rhine-Westphalia_Regierungsbezirk Munster_Recklinghausen":"Münster — Recklinghausen",
"Germany_Rhineland-Palatinate_Koblenz":"Renanya-Palatina — Koblenz",
"Germany_Rhineland-Palatinate_South":"Renanya-Palatina — Mainz",
"Germany_Saarland":"Saarland",
"Germany_Saxony-Anhalt":"Saksonya-Anhalt",
"Germany_Saxony_Dresden":"Saksonya — Dresden",
"Germany_Saxony_Leipzig":"Saksonya — Leipzig",
"Germany_Schleswig-Holstein":"Schleswig-Holstein",
"Germany_Thuringia":"Türingiya",
"Ghana":"Gana",
"Gibraltar":"Cebelitarık",
"Greece":"Yunanistan",
"Greece_Decentralized Administration of Aegean":"Ege",
"Greece_Decentralized Administration of Attica":"Attika",
"Greece_Decentralized Administration of Crete":"Girit",
"Greece_Decentralized Administration of Epirus - Western Macedonia":"Epir ve Batı Makedonya",
"Greece_Decentralized Administration of Macedonia and Thrace":"Makedonya ve Trakya",
"Greece_Decentralized Administration of Thessaly - Central Greece":"Teselya ve Merkez Yunanistan",
"Greece_Decentralized Administration of West Greece":"Mora Yarımadası",
"Greenland":"Grönland",
"Grenada":"Grenada",
"Guadeloupe":"Guadeloupe",
"Guatemala":"Guatemala",
"Guernsey":"Guernsey",
"Guinea":"Gine",
"Guinea-Bissau":"Gine-Bissau",
"Guyana":"Guyana",
"Haiti":"Haiti",
"Honduras":"Honduras",
"Hungary":"Macaristan",
"Hungary_Kozep-Magyarorszag":"Orta Macaristan",
"Hungary_Northern Great Plain":"Macaristan — Doğu",
"Hungary_Transdanubia":"Macaristan — Batı",
"Iceland":"İzlanda",
"Illinois":"Illinois",
"India":"Hindistan",
"India_Andaman and Nicobar Islands":"Andaman ve Nikobar adaları",
"India_Andhra Pradesh":"Andhra Pradeş",
"India_Arunachal Pradesh":"Arunaçhal Pradesh",
"India_Assam":"Assam",
"India_Bihar":"Bihar",
"India_Chandigarh":"Çhandigarh",
"India_Chhattisgarh":"Chhattisgarh",
"India_Delhi":"Delhi",
"India_Goa":"Goa",
"India_Gujarat":"Gucerat",
"India_Haryana":"Haryana",
"India_Himachal Pradesh":"Himaçhal Pradeş",
"India_Jammu and Kashmir":"Cemmu ve Keşmir",
"India_Jharkhand":"Jharkhand",
"India_Karnataka":"Karnataka",
"India_Kerala":"Kerala",
"India_Lakshadweep":"Lakşadvip Adaları",
"India_Madhya Pradesh":"Madhya Pradesh",
"India_Maharashtra":"Maharaştra",
"India_Manipur":"Manipur",
"India_Meghalaya":"Meghalaya",
"India_Mizoram":"Mizoram",
"India_Nagaland":"Nagaland",
"India_Odisha":"Orissa",
"India_Punjab":"Pencap",
"India_Rajasthan":"Racasthan",
"India_Sikkim":"Sikkim",
"India_Tamil Nadu":"Tamil Nadu",
"India_Telangana":"Telangana",
"India_Tripura":"Tripura",
"India_Uttar Pradesh":"Uttar Pradeş",
"India_Uttarakhand":"Uttarakhand",
"India_West Bengal":"Batı Bengal",
"Indiana":"Indiana",
"Indonesia":"Endonezya",
"Indonesia_Central":"Sulawesi, Kalimantan",
"Indonesia_East":"Endonezya — Doğu",
"Indonesia_Jawa Barat":"Batı Cava",
"Indonesia_Jawa Tengah":"Orta Cava",
"Indonesia_Jawa Timur":"Doğu Cava",
"Indonesia_Nusa Tenggara":"Küçük Sunda Adaları",
"Indonesia_West":"Sumatra",
"Iowa":"Iowa",
"Iran":"İran",
"Iran_North":"İran — Kuzey",
"Iran_South":"İran — Güney",
"Iraq":"Irak",
"Ireland":"İrlanda",
"Ireland_Connacht":"Connacht",
"Ireland_Leinster":"Leinster",
"Ireland_Munster":"Munster",
"Ireland_Northern Counties":"Ulster",
"Isle of Man":"Man Adası",
"Israel":"İsrail",
"Israel Region":"İsrail",
"Italy":"İtalya",
"Italy_Abruzzo":"Abruzzo",
"Italy_Aosta Valley":"Aosta Vadisi",
"Italy_Apulia":"Puglia",
"Italy_Basilicata":"Basilicata",
"Italy_Calabria":"Calabria",
"Italy_Campania":"Campania",
"Italy_Emilia":"Emilia-Romagna",
"Italy_Emilia-Romagna_Bologna":"Bologna ili",
"Italy_Emilia-Romagna_Ferrara":"Ferrara ili",
"Italy_Emilia-Romagna_Forli-Cesena":"Forli-Cesena ili",
"Italy_Emilia-Romagna_Modena":"Modena ili",
"Italy_Emilia-Romagna_Parma":"Parma ili",
"Italy_Emilia-Romagna_Piacenza":"Piacenza ili",
"Italy_Emilia-Romagna_Ravenna":"Ravenna ili",
"Italy_Emilia-Romagna_Reggio Emilia":"Reggio Emilia ili",
"Italy_Emilia-Romagna_Rimini":"Rimini ili",
"Italy_Friuli":"Friuli-Venezia Giulia",
"Italy_Friuli-Venezia Giulia_Gorizia":"Gorizia ili",
"Italy_Friuli-Venezia Giulia_Pordenone":"Pordenone ili",
"Italy_Friuli-Venezia Giulia_Trieste":"Trieste ili",
"Italy_Friuli-Venezia Giulia_Udine":"Udine ili",
"Italy_Lazio":"Lazio",
"Italy_Liguria":"Ligurya",
"Italy_Lombardy":"Lombardiya",
"Italy_Lombardy_Bergamo":"Bergamo ili",
"Italy_Lombardy_Brescia":"Brescia ili",
"Italy_Lombardy_Como":"Como ili",
"Italy_Lombardy_Cremona":"Cremona ili",
"Italy_Lombardy_Lecco":"Lecco ili",
"Italy_Lombardy_Lodi":"Lodi ili",
"Italy_Lombardy_Mantua":"Mantova ili",
"Italy_Lombardy_Milan":"Milano ili",
"Italy_Lombardy_Monza and Brianza":"Monza ve Brianza ili",
"Italy_Lombardy_Pavia":"Pavia ili",
"Italy_Lombardy_Sondrio":"Sondrio ili",
"Italy_Lombardy_Varese":"Varese ili",
"Italy_Marche":"Marche",
"Italy_Molise":"Molise",
"Italy_Piemont":"Piyemonte",
"Italy_Piemont_Alessandria":"Alessandria ili",
"Italy_Piemont_Asti":"Asti ili",
"Italy_Piemont_Biella":"Biella ili",
"Italy_Piemont_Cuneo":"Cuneo ili",
"Italy_Piemont_Novara":"Novara ili",
"Italy_Piemont_Torino":"Torino ili",
"Italy_Piemont_Verbano-Cusio-Ossola":"Verbano-Cusio-Ossola ili",
"Italy_Piemont_Vercelli":"Vercelli ili",
"Italy_Sardinia":"Sardinya",
"Italy_Sicily":"Sicilya",
"Italy_Trentino-Alto Adige Sudtirol":"Trentino-Alto Adige",
"Italy_Tuscany_Grosseto":"Toskana — Grosseto ili",
"Italy_Tuscany_Massa e Carrara":"Toskana — Massa ve Carrara ili",
"Italy_Umbria":"Umbria",
"Italy_Veneto":"Veneto",
"Italy_Veneto_Belluno":"Belluno ili",
"Italy_Veneto_Padova":"Padova ili",
"Italy_Veneto_Rovigo":"Rovigo ili",
"Italy_Veneto_Treviso":"Treviso ili",
"Italy_Veneto_Venezia":"Venezia ili",
"Italy_Veneto_Verona":"Verona ili",
"Italy_Veneto_Vicenza":"Vicenza ili",
"Jamaica":"Jamaika",
"Japan":"Japonya",
"Japan_Chubu Region":"Chūbu",
"Japan_Chubu Region_Aichi":"Aichi Vilayeti",
"Japan_Chubu Region_Fukui":"Fukui Vilayeti",
"Japan_Chubu Region_Gifu":"Gifu Vilayeti",
"Japan_Chubu Region_Ishikawa":"Ishikawa Vilayeti",
"Japan_Chubu Region_Nagano":"Nagano Vilayeti",
"Japan_Chubu Region_Niigata":"Niigata Vilayeti",
"Japan_Chubu Region_Shizuoka":"Shizuoka Vilayeti",
"Japan_Chubu Region_Toyama":"Toyama Vilayeti",
"Japan_Chubu Region_Yamanashi":"Yamanashi Vilayeti",
"Japan_Chugoku Region":"Chūgoku",
"Japan_Chugoku Region_Hiroshima":"Hiroshima Vilayeti",
"Japan_Chugoku Region_Okayama":"Okayama Vilayeti",
"Japan_Chugoku Region_Shimane":"Shimane Vilayeti",
"Japan_Chugoku Region_Tottori":"Tottori Vilayeti",
"Japan_Chugoku Region_Yamaguchi":"Yamaguchi Vilayeti",
"Japan_Hokkaido Region":"Hokkaidō",
"Japan_Hokkaido Region_East":"Hokkaidō — Doğu",
"Japan_Hokkaido Region_North":"Hokkaidō — Kuzey",
"Japan_Hokkaido Region_West":"Hokkaidō — Batı",
"Japan_Kanto":"Kantō",
"Japan_Kanto_Chiba":"Chiba ili",
"Japan_Kanto_Gunma":"Gunma Vilayeti",
"Japan_Kanto_Ibaraki":"Ibaraki",
"Japan_Kanto_Kanagawa":"Kanagawa ili",
"Japan_Kanto_Saitama":"Saitama ili",
"Japan_Kanto_Tochigi":"Tochigi Vilayeti",
"Japan_Kanto_Tokyo":"Tokyo",
"Japan_Kinki Region":"Kansai",
"Japan_Kinki Region_Mie":"Mie ili",
"Japan_Kinki Region_Nara":"Nara Vilayeti",
"Japan_Kinki Region_Osaka":"Osaka ili",
"Japan_Kinki Region_Wakayama":"Wakayama Vilayeti",
"Japan_Kyushu Region":"Kyūshū",
"Japan_Kyushu Region_Fukuoka":"Fukuoka Vilayeti",
"Japan_Kyushu Region_Kagoshima":"Kagoşima ili",
"Japan_Kyushu Region_Kumamoto":"Kumamoto Vilayeti",
"Japan_Kyushu Region_Miyazaki":"Miyazaki Vilayeti",
"Japan_Kyushu Region_Nagasaki":"Nagasaki Vilayeti",
"Japan_Kyushu Region_Oita":"Ōita Vilayeti",
"Japan_Kyushu Region_Okinawa":"Okinawa",
"Japan_Kyushu Region_Saga":"Saga Vilayeti",
"Japan_Shikoku Region":"Shikoku",
"Japan_Shikoku Region_Ehime":"Ehime Vilayeti",
"Japan_Shikoku Region_Kagawa":"Kagawa Vilayeti",
"Japan_Shikoku Region_Kochi":"Kōchi Vilayeti",
"Japan_Shikoku Region_Kyoto":"Kyōto Vilayeti",
"Japan_Shikoku Region_Tokushima":"Tokushima Vilayeti",
"Japan_Tohoku":"Tōhoku",
"Japan_Tohoku_Akita":"Akita",
"Japan_Tohoku_Aomori":"Aomori Vilayeti",
"Japan_Tohoku_Fukushima":"Fukushima Vilayeti",
"Japan_Tohoku_Iwate":"Iwate",
"Japan_Tohoku_Miyagi":"Miyagi Vilayeti",
"Japan_Tohoku_Yamagata":"Yamagata Vilayeti",
"Jersey":"Jersey",
"Jerusalem":"Kudüs",
"Jordan":"Ürdün",
"Kansas":"Kansas",
"Kazakhstan":"Kazakistan",
"Kentucky":"Kentucky",
"Kenya":"Kenya",
"Kingdom of Lesotho":"Lesotho",
"Kiribati":"Kiribati",
"Kuwait":"Kuveyt",
"Kyrgyzstan":"Kırgızistan",
"Laos":"Laos",
"Latvia":"Letonya",
"Lebanon":"Lübnan",
"Liberia":"Liberya",
"Libya":"Libya",
"Liechtenstein":"Lihtenştayn",
"Lithuania":"Litvanya",
"Louisiana":"Louisiana",
"Luxembourg":"Lüksemburg",
"Macedonia":"Makedonya Cumhuriyeti",
"Madagascar":"Madagaskar",
"Malawi":"Malavi",
"Malaysia":"Malezya",
"Maldives":"Maldivler",
"Mali":"Mali",
"Malta":"Malta",
"Marshall Islands":"Marshall Adaları",
"Martinique":"Martinique",
"Maryland":"Maryland",
"Massachusetts":"Massachusetts",
"Mauritania":"Moritanya",
"Mauritius":"Mauritius",
"Mexico":"Meksika",
"Mexico_California":"Aşağı Kaliforniya",
"Mexico_Central_East":"Nuevo León",
"Mexico_Central_West":"Nayarit",
"Mexico_East":"Meksika — Doğu",
"Mexico_Mexico":"Meksika",
"Mexico_North":"Meksika — Kuzey",
"Mexico_South":"Meksika — Güney",
"Michigan":"Michigan",
"Minnesota":"Minnesota",
"Missouri":"Missouri",
"Moldova":"Moldova",
"Monaco":"Monako",
"Mongolia":"Moğolistan",
"Montenegro":"Karadağ",
"Montserrat":"Montserrat",
"Morocco":"Fas",
"Morocco_Doukkala-Abda":"Doukkala-Abda",
"Morocco_Rabat-Sale-Zemmour-Zaer":"Rabat-Salé-Zemmour-Zaer",
"Morocco_Southern":"Fas — Güney",
"Morocco_Western Sahara":"Batı Sahra",
"Mozambique":"Mozambik",
"Myanmar":"Myanmar",
"Nagorno-Karabakh":"Dağlık Karabağ",
"Namibia":"Namibya",
"Nauru":"Nauru",
"Nepal":"Nepal",
"Nepal_East":"Nepal — Doğu",
"Nepal_West":"Nepal — Batı",
"Netherlands":"Hollanda",
"Netherlands_Drenthe":"Drenthe",
"Netherlands_Flevoland":"Flevoland",
"Netherlands_Friesland":"Frizya",
"Netherlands_Gelderland_Nijmegen":"Gelderland — Nijmegen",
"Netherlands_Gelderland_North":"Gelderland — Apeldoorn",
"Netherlands_Gelderland_Zutphen":"Gelderland — Zutphen",
"Netherlands_Groningen":"Groningen",
"Netherlands_Limburg":"Limburg, Hollanda",
"Netherlands_North Brabant_Eindhoven":"Kuzey Brabant — Eindhoven",
"Netherlands_North Brabant_Roosendaal":"Kuzey Brabant — Roosendaal",
"Netherlands_North Brabant_Tiburg":"Kuzey Brabant — Tilburg",
"Netherlands_North Brabant_Uden":"Kuzey Brabant — Uden",
"Netherlands_North Holland_Alkmaar":"Kuzey Hollanda — Alkmaar",
"Netherlands_North Holland_Amsterdam":"Kuzey Hollanda — Amsterdam",
"Netherlands_North Holland_Zaandam":"Kuzey Hollanda — Zaanstad",
"Netherlands_Overijssel_Enschede":"Overijssel — Enschede",
"Netherlands_Overijssel_Zwolle":"Overijssel — Zwolle",
"Netherlands_South Holland_Brielle":"Güney Hollanda — Brielle",
"Netherlands_South Holland_Den Haag":"Güney Hollanda — Lahey",
"Netherlands_South Holland_Leiden":"Güney Hollanda — Leiden",
"Netherlands_South Holland_Rotterdam":"Güney Hollanda — Rotterdam",
"Netherlands_Utrecht_Amersfoort":"Utrecht — Amersfoort",
"Netherlands_Utrecht_Utrecht":"Utrecht — Utrecht",
"Netherlands_Zeeland":"Zelanda",
"New Jersey":"New Jersey",
"New York":"New York",
"New Zealand":"Yeni Zelanda",
"New Zealand North_Auckland":"Kuzey — Auckland",
"New Zealand North_Wellington":"Kuzey — Wellington",
"New Zealand South_Canterbury":"Güney — Canterbury Bölgesi",
"New Zealand South_Southland":"Güney — Southland Bölgesi",
"Nicaragua":"Nikaragua",
"Niger":"Nijer",
"Nigeria":"Nijerya",
"Niue":"Niue",
"North Carolina":"Kuzey Karolina",
"North Dakota":"Kuzey Dakota",
"North Korea":"Kuzey Kore",
"Norway":"Norveç",
"Norway_Bouvet Island":"Bouvet Adası",
"Norway_Central":"Oslo",
"Norway_Hedmark":"Hedmark",
"Norway_Jan Mayen":"Jan Mayen",
"Norway_Northern":"Kuzey Norveç",
"Norway_Oppland":"Oppland",
"Norway_Southern":"Güney Norveç",
"Norway_Svalbard":"Svalbard",
"Norway_Trondelag":"Trøndelag",
"Norway_Western":"Batı Norveç",
"Ohio":"Ohio",
"Oklahoma":"Oklahoma",
"Oman":"Umman",
"Oregon":"Oregon",
"Pakistan":"Pakistan",
"Palau":"Palau",
"Palestine":"Filistin Devleti",
"Palestine Region":"Filistin Devleti",
"Panama":"Panama",
"Papua New Guinea":"Papua Yeni Gine",
"Paraguay":"Paraguay",
"Pennsylvania":"Pensilvanya",
"People's Republic of China":"Çin Halk Cumhuriyeti",
"Peru":"Peru",
"Peru_North":"Peru — Kuzey",
"Peru_South":"Peru — Güney",
"Philippines":"Filipinler",
"Philippines_Luzon_Manila":"Metro Manila",
"Philippines_Luzon_North":"Luzon — Kuzey",
"Philippines_Luzon_South":"Luzon — Güney",
"Philippines_Mindanao":"Mindanao",
"Philippines_Visayas":"Visayas",
"Pitcairn Islands":"Pitcairn Adaları",
"Poland":"Polonya",
"Poland_Greater Poland Voivodeship":"Büyük Polonya Voyvodalığı",
"Poland_Kuyavian-Pomeranian Voivodeship":"Kuyavian-Pomeranian Voyvodalığı",
"Poland_Lesser Poland Voivodeship":"Küçük Polonya Voyvodalığı",
"Poland_Lodz Voivodeship":"Łódź Voyvodalığı",
"Poland_Lower Silesian Voivodeship":"Aşağı Silezya Voyvodalığı",
"Poland_Lublin Voivodeship":"Lublin Voyvodalığı",
"Poland_Lubusz Voivodeship":"Lubusz Voyvodalığı",
"Poland_Masovian Voivodeship":"Mazovya Voyvodalığı",
"Poland_Opole Voivodeship":"Opole Voyvodalığı",
"Poland_Podlaskie Voivodeship":"Podlaskie Voyvodalığı",
"Poland_Pomeranian Voivodeship":"Pomeranya Voyvodalığı",
"Poland_Silesian Voivodeship":"Silezya Voyvodalığı",
"Poland_Subcarpathian Voivodeship":"Alt Karpatya Voyvodalığı",
"Poland_Swietokrzyskie Voivodeship":"Świętokrzyskie Voyvodalığı",
"Poland_Warmian-Masurian Voivodeship":"Warmian-Masurian VoivoVoyvodalığıeship",
"Poland_West Pomeranian Voivodeship":"Batı Pomeranya Voyvodalığı",
"Portugal":"Portekiz",
"Portugal_North":"Portekiz — Kuzey",
"Portugal_South":"Portekiz — Güney",
"Qatar":"Katar",
"Republic of Kosovo":"Kosova",
"Romania":"Romanya",
"Romania_Centre":"Centru",
"Romania_North_East":"Nord-Est",
"Romania_North_West":"Nord-Vest",
"Romania_South":"Sud",
"Romania_South_East":"Sud-Est",
"Romania_South_West":"Sud-Vest",
"Romania_West":"Vest",
"Russia_Altai Krai":"Altay Krayı",
"Russia_Altai Republic":"Altay Cumhuriyeti",
"Russia_Amur Oblast":"Amur Oblastı",
"Russia_Arkhangelsk Oblast_Central":"Arhangelsk Oblastı — Merkez",
"Russia_Arkhangelsk Oblast_North":"Arhangelsk Oblastı — Kuzey",
"Russia_Astrakhan Oblast":"Astrahan Oblastı",
"Russia_Bashkortostan":"Başkurdistan",
"Russia_Belgorod Oblast":"Belgorod Oblastı",
"Russia_Bryansk Oblast":"Bryansk Oblastı",
"Russia_Buryatia":"Buryatya",
"Russia_Chechen Republic":"Çeçenistan",
"Russia_Chelyabinsk Oblast":"Çelyabinsk Oblastı",
"Russia_Chukotka Autonomous Okrug":"Çukotka Özerk Okrugu",
"Russia_Chuvashia":"Çuvaşistan",
"Russia_Ingushetia":"İnguşetya",
"Russia_Irkutsk Oblast":"İrkutsk Oblastı",
"Russia_Ivanovo Oblast":"İvanovo Oblastı",
"Russia_Jewish Autonomous Oblast":"Yahudi Özerk Oblastı",
"Russia_Kabardino-Balkaria":"Kabardino-Balkarya",
"Russia_Kaliningrad Oblast":"Kaliningrad Oblastı",
"Russia_Kaluga Oblast":"Kaluga Oblastı",
"Russia_Kamchatka Krai":"Kamçatka Krayı",
"Russia_Karachay-Cherkessia":"Karaçay-Çerkesya",
"Russia_Kemerov Oblast":"Kemerovo Oblastı",
"Russia_Khabarovsk Krai":"Habarovsk Krayı",
"Russia_Khakassia":"Hakasya",
"Russia_Kirov Oblast":"Kirov Oblastı",
"Russia_Komi Republic":"Komi Cumhuriyeti",
"Russia_Kostroma Oblast":"Kostroma Oblastı",
"Russia_Krasnodar Krai":"Krasnodar Krayı — Kuzey",
"Russia_Krasnodar Krai_Adygeya":"Krasnodar Krayı, Adıge Cumhuriyeti",
"Russia_Krasnoyarsk Krai":"Krasnoyarsk Krayı",
"Russia_Kurgan Oblast":"Kurgan Oblastı",
"Russia_Kursk Oblast":"Kursk Oblastı",
"Russia_Leningradskaya Oblast_Karelsky":"Leningrad eyaleti — Kuzey",
"Russia_Leningradskaya Oblast_Southeast":"Leningrad eyaleti — Güney",
"Russia_Lipetsk Oblast":"Lipetsk Oblastı",
"Russia_Magadan Oblast":"Magadan Oblastı",
"Russia_Mari El":"Mari El",
"Russia_Moscow":"Moskova",
"Russia_Moscow Oblast":"Moskova Oblastı",
"Russia_Murmansk Oblast":"Murmansk Oblastı",
"Russia_Nenets Autonomous Okrug":"Nenets Özerk Okrugu",
"Russia_Nizhny Novgorod Oblast":"Nijniy Novgorod Oblastı",
"Russia_North Ossetia-Alania":"Kuzey Osetya-Alanya",
"Russia_Novgorod Oblast":"Novgorod Oblastı",
"Russia_Novosibirsk Oblast":"Novosibirsk Oblastı",
"Russia_Omsk Oblast":"Omsk Oblastı",
"Russia_Orenburg Oblast":"Orenburg Oblastı",
"Russia_Oryol Oblast":"Oryol Oblastı",
"Russia_Penza Oblast":"Penza Oblastı",
"Russia_Perm Krai":"Perm Krayı",
"Russia_Primorsky Krai":"Primorskiy Krayı",
"Russia_Pskov Oblast":"Pskov Oblastı",
"Russia_Republic of Dagestan":"Dağıstan",
"Russia_Republic of Kalmykia":"Kalmukya",
"Russia_Republic of Karelia":"Karelya Cumhuriyeti",
"Russia_Republic of Mordovia":"Mordovya",
"Russia_Rostov Oblast":"Rostov Oblastı",
"Russia_Ryazan Oblast":"Ryazan Oblastı",
"Russia_Saint Petersburg":"Sankt Petersburg",
"Russia_Sakha Republic":"Yakutistan",
"Russia_Sakhalin Oblast":"Sahalin Oblastı",
"Russia_Samara Oblast":"Samara Oblastı",
"Russia_Saratov Oblast":"Saratov Oblastı",
"Russia_Smolensk Oblast":"Smolensk Oblastı",
"Russia_Stavropol Krai":"Stavropol Krayı",
"Russia_Sverdlovsk Oblast":"Sverdlovsk Oblastı",
"Russia_Tambov Oblast":"Tambov Oblastı",
"Russia_Tatarstan":"Tataristan",
"Russia_Tomsk Oblast":"Tomsk Oblastı",
"Russia_Tula Oblast":"Tula Oblastı",
"Russia_Tuva":"Tuva Cumhuriyeti",
"Russia_Tver Oblast":"Tver Oblastı",
"Russia_Tyumen Oblast":"Tümen Oblastı",
"Russia_Udmurt Republic":"Udmurtya",
"Russia_Ulyanovsk Oblast":"Ulyanovsk Oblastı",
"Russia_Vladimir Oblast":"Vladimir Oblastı",
"Russia_Volgograd Oblast":"Volgograd Oblastı",
"Russia_Vologda Oblast":"Vologda Oblastı",
"Russia_Voronezh Oblast":"Voronej Oblastı",
"Russia_Yamalo-Nenets Autonomous Okrug":"Yamalo-Nenets Özerk Okrugu",
"Russia_Yaroslavl Oblast":"Yaroslavl Oblastı",
"Russia_Yugra":"Hantı-Mansi Özerk Okrugu",
"Russia_Zabaykalsky Krai":"Zabaykalskiy Krayı",
"Russian Federation":"Rusya",
"Rwanda":"Ruanda",
"Sahrawi Arab Democratic Republic":"Sahra Demokratik Arap Cumhuriyeti",
"Saint Barthelemy":"Saint Barthélemy",
"Saint Helena Ascension and Tristan da Cunha":"Saint Helena, Ascension ve Tristan da Cunha",
"Saint Kitts and Nevis":"Saint Kitts ve Nevis",
"Saint Lucia":"Saint Lucia",
"Saint Martin":"Saint Martin",
"Saint Vincent and the Grenadines":"Saint Vincent ve Grenadinler",
"Samoa":"Samoa",
"San Marino":"San Marino",
"Sao Tome and Principe":"São Tomé ve Príncipe",
"Saudi Arabia":"Suudi Arabistan",
"Senegal":"Senegal",
"Serbia":"Sırbistan",
"Seychelles":"Seyşeller",
"Sierra Leone":"Sierra Leone",
"Singapore":"Singapur",
"Slovakia":"Slovakya",
"Slovakia_Region of Banska Bystrica":"Banská Bystrica Bölgesi",
"Slovakia_Region of Bratislava":"Bratislava Bölgesi",
"Slovakia_Region of Kosice":"Košice Bölgesi",
"Slovakia_Region of Nitra":"Nitra Bölgesi",
"Slovakia_Region of Presov":"Prešov Bölgesi",
"Slovakia_Region of Trencin":"Trenčín Bölgesi",
"Slovakia_Region of Trnava":"Trnava Bölgesi",
"Slovakia_Region of Zilina":"Žilina Bölgesi",
"Slovenia":"Slovenya",
"Solomon Islands":"Solomon Adaları",
"Somalia":"Somali",
"South Africa":"Güney Afrika Cumhuriyeti",
"South Africa_Eastern Cape":"Doğu Kap",
"South Africa_Free State":"Özgür Devlet",
"South Africa_Gauteng":"Gauteng",
"South Africa_KwaZulu-Natal":"KwaZulu-Natal",
"South Africa_Limpopo":"Limpopo",
"South Africa_Mpumalanga":"Mpumalanga",
"South Africa_North West":"Kuzeybatı",
"South Africa_Northern Cape":"Kuzey Kap",
"South Africa_Western Cape":"Batı Kap",
"South Carolina":"Güney Karolina",
"South Georgia and the South Sandwich Islands":"Güney Georgia ve Güney Sandwich Adaları",
"South Korea":"Güney Kore",
"South Korea_North":"Güney Kore — Kuzey",
"South Korea_South":"Güney Kore — Güney",
"South Ossetia":"Güney Osetya",
"South Sudan":"Güney Sudan",
"Spain":"İspanya",
"Spain_Andalusia":"Endülüs",
"Spain_Aragon":"Aragon",
"Spain_Balearic Islands":"Balear Adaları",
"Spain_Basque Country":"Bask Bölgesi",
"Spain_Canary Islands":"Kanarya Adaları",
"Spain_Cantabria":"Kantabria",
"Spain_Castile and Leon":"Kastilya ve Leon",
"Spain_Castile-La Mancha":"Kastilya-La Mancha",
"Spain_Catalonia_Provincia de Barcelona":"Barselona ili",
"Spain_Catalonia_Provincia de Girona":"Gerona ili",
"Spain_Catalonia_Provincia de Lleida":"Lérida ili",
"Spain_Catalonia_Provincia de Tarragona":"Tarragona İli",
"Spain_Ceuta":"Ceuta",
"Spain_Community of Madrid":"Madrid",
"Spain_Comunidad Foral de Navarra":"Navarra",
"Spain_Extremadura":"Ekstremadura",
"Spain_Galicia":"Galiçya",
"Spain_La Rioja":"La Rioja",
"Spain_Melilla":"Melilla",
"Spain_Principado de Asturias":"Asturias",
"Spain_Region de Murcia":"Murcia",
"Spain_Valencian Community":"Valensiya",
"Sri Lanka":"Sri Lanka",
"Sudan":"Sudan",
"Suriname":"Surinam",
"Swaziland":"Svaziland",
"Sweden":"İsveç",
"Sweden_Bergslagen":"Bergslagen",
"Sweden_Malardalen":"Mälardalen",
"Sweden_Mellannorrland":"Mellannorrland",
"Sweden_Norra Sverige":"Norra Sverige",
"Sweden_Ostra Gotaland":"Ostra Götaland",
"Sweden_Sodra Gotaland":"Södra Götaland",
"Sweden_Vastra Gotaland":"Västra Götaland",
"Switzerland":"İsviçre",
"Switzerland_Central":"Orta İsviçre",
"Switzerland_Eastern":"Doğu İsviçre",
"Switzerland_Espace Mittelland":"Espace Mittelland",
"Switzerland_Lake Geneva region":"Lake Geneva bölgesi",
"Switzerland_Northwestern":"Kuzeybatı İsviçre",
"Switzerland_Ticino":"Ticino",
"Switzerland_Zurich":"Zürih metropolitan bölgesi",
"Syria":"Suriye",
"Taiwan":"Çin Cumhuriyeti",
"Tajikistan":"Tacikistan",
"Tanzania":"Tanzanya",
"Tennessee":"Tennessee",
"Texas":"Teksas",
"Thailand":"Tayland",
"Thailand_North":"Tayland — Kuzey",
"Thailand_South":"Tayland — Güney",
"The Bahamas":"Bahamalar",
"The Gambia":"Gambiya",
"Togo":"Togo",
"Tokelau":"Tokelau",
"Tonga":"Tonga",
"Trinidad and Tobago":"Trinidad ve Tobago",
"Tunisia":"Tunus",
"Turkey":"Türkiye",
"Turkey_Aegean Region":"Ege Bölgesi",
"Turkey_Black Sea Region":"Karadeniz Bölgesi",
"Turkey_Eastern Anatolia Region":"Doğu Anadolu Bölgesi",
"Turkey_Marmara Region":"Marmara Bölgesi",
"Turkey_Mediterranean Region":"Akdeniz Bölgesi",
"Turkey_Southeastern Anatolia Region":"Güneydoğu Anadolu Bölgesi",
"Turkmenistan":"Türkmenistan",
"Turks and Caicos Islands":"Turks ve Caicos Adaları",
"Tuvalu":"Tuvalu",
"UK_England_East Midlands":"East Midlands",
"UK_England_East of England_Essex":"Doğu İngiltere — Essex",
"UK_England_East of England_Norfolk":"Doğu İngiltere — Norfolk",
"UK_England_Greater London":"Büyük Londra Bölgesi",
"UK_England_North East England":"Kuzey Doğu İngiltere",
"UK_England_North West England":"Kuzey-Batı İngiltere",
"UK_England_South East_Brighton":"Güney Doğu İngiltere — Brighton",
"UK_England_South East_Oxford":"Güney Doğu İngiltere — Oxford",
"UK_England_South West England_Bristol":"Güneybatı İngiltere — Bristol",
"UK_England_South West England_Cornwall":"Güneybatı İngiltere — Cornwall",
"UK_England_West Midlands":"West Midlands",
"UK_England_Yorkshire and the Humber":"Yorkshire ve Humber",
"UK_Northern Ireland":"Kuzey İrlanda",
"UK_Scotland_North":"İskoçya — Kuzey",
"UK_Scotland_South":"İskoçya — Güney",
"UK_Wales":"Galler",
"US_Alabama_Birmingham":"Birmingham",
"US_Alabama_Montgomery":"Montgomery, Alabama",
"US_Alaska":"Alaska",
"US_Arizona_Flagstaff":"Flagstaff",
"US_Arizona_Phoenix":"Phoenix",
"US_Arizona_Tucson":"Tucson",
"US_Arkansas":"Arkansas",
"US_California_Bakersfield_Bakersfield":"Bakersfield, Kaliforniya",
"US_California_Bakersfield_Lancaster":"Lancaster",
"US_California_Chico":"Chico, Kaliforniya",
"US_California_LA":"Los Angeles",
"US_California_LA North":"Los Angeles — Kuzey",
"US_California_Redding":"Redding",
"US_California_Sacramento_Fresno":"Fresno",
"US_California_Sacramento_Sacramento":"Sacramento",
"US_California_Sacramento_Stockton":"Stockton",
"US_California_San Diego":"San Diego",
"US_California_Santa_Clara_Palo Alto":"San Francisco",
"US_California_Santa_Clara_Santa Cruz":"Santa Cruz",
"US_Colorado_Aspen":"Aspen",
"US_Colorado_Denver":"Denver",
"US_Colorado_South":"Colorado — Güney",
"US_Connecticut":"Connecticut",
"US_Delaware":"Delaware",
"US_Florida_Jacksonville":"Jacksonville",
"US_Florida_Miami":"Miami",
"US_Florida_Orlando":"Orlando, Florida",
"US_Florida_Tampa":"Tampa, Florida",
"US_Georgia":"Georgia",
"US_Georgia_Atlanta":"Atlanta",
"US_Georgia_Macon":"Macon",
"US_Georgia_North":"Georgia — Kuzey",
"US_Georgia_South":"Georgia — Güney",
"US_Guam":"Guam",
"US_Hawaii":"Hawaii",
"US_Idaho":"Idaho",
"US_Illinois_Chickago":"Şikago",
"US_Illinois_Elgin":"Elgin",
"US_Illinois_Rockford":"Rockford",
"US_Illinois_South":"Illinois — Güney",
"US_Illinois_Springfield":"Springfield",
"US_Indiana_North":"Indiana — Kuzey",
"US_Indiana_South":"Indiana — Güney",
"US_Iowa_Des Moines":"Des Moines",
"US_Iowa_Waterloo":"Waterloo",
"US_Iowa_West":"Iowa — Batı",
"US_Kansas_East":"Kansas — Doğu",
"US_Kansas_West":"Kansas — Batı",
"US_Kentucky_East":"Kentucky — Doğu",
"US_Kentucky_West":"Kentucky — Batı",
"US_Louisiana_Central":"Louisiana — Batı",
"US_Louisiana_New Orleans":"New Orleans",
"US_Maine":"Maine",
"US_Maryland_Baltimore":"Baltimore",
"US_Maryland_and_DC":"Batı, Washington",
"US_Massachusetts_Boston":"Boston",
"US_Massachusetts_Central":"Worcester, Massachusetts",
"US_Massachusetts_Plymouth":"Plymouth",
"US_Massachusetts_Southeastern":"Barnstable",
"US_Massachusetts_West":"Springfield, Massachusetts",
"US_Michigan_Detroit":"Detroit",
"US_Michigan_North":"Michigan — Kuzey",
"US_Michigan_South":"Michigan — Güney",
"US_Minnesota_Minneapolis":"Minneapolis",
"US_Minnesota_North":"Minnesota — Kuzey",
"US_Minnesota_Rochester":"Rochester",
"US_Minnesota_Saint Cloud":"St. Cloud",
"US_Mississippi":"Mississippi",
"US_Missouri_East":"Missouri — Doğu",
"US_Missouri_West":"Missouri — Batı",
"US_Montana":"Montana",
"US_Nebraska":"Nebraska",
"US_Nevada":"Nevada",
"US_New Hampshire":"New Hampshire",
"US_New Jersey_North":"New Jersey — Kuzey",
"US_New Jersey_South":"New Jersey — Güney",
"US_New Mexico":"New Mexico",
"US_New York_East":"New York — Doğu",
"US_New York_New York":"New York — New York",
"US_New York_North":"New York — Kuzey",
"US_New York_West":"New York — Batı",
"US_North Carolina_Asheville":"Asheville",
"US_North Carolina_Charlotte":"Charlotte, Kuzey Karolina",
"US_North Carolina_Greensboro":"Greensboro",
"US_North Carolina_Raleigh":"Raleigh, Kuzey Karolina",
"US_North Carolina_Wilmington":"Wilmington, Kuzey Karolina",
"US_North Carolina_Wilson":"Wilson",
"US_North Dakota_Bismarck":"Bismarck",
"US_North Dakota_East":"Fargo, Kuzey Dakota",
"US_North Dakota_Minot":"Minot",
"US_Ohio_Cleveland":"Cleveland",
"US_Ohio_Dayton":"Dayton",
"US_Oklahoma_East":"Oklahoma — Doğu",
"US_Oklahoma_West":"Oklahoma — Batı",
"US_Oregon_Eugene":"Eugene, Oregon",
"US_Oregon_Portland":"Portland, Oregon",
"US_Oregon_West":"Oregon — Batı",
"US_Pennsylvania_Central":"Altoona",
"US_Pennsylvania_Pittsburgh":"Pittsburgh",
"US_Pennsylvania_Reading":"Reading",
"US_Pennsylvania_Scranton":"Scranton",
"US_Puerto Rico":"Porto Riko",
"US_Rhode Island":"Rhode Island",
"US_South Carolina_Columbia":"Columbia, Güney Karolina",
"US_South Carolina_Florence":"Florence",
"US_South Dakota":"Güney Dakota",
"US_Tennessee_East":"Tennessee — Doğu",
"US_Tennessee_West":"Tennessee — Batı",
"US_Texas_Austin":"Austin",
"US_Texas_Dallas":"Dallas",
"US_Texas_Houston":"Houston",
"US_Texas_Northwest":"Amarillo",
"US_Texas_San Antonio":"San Antonio",
"US_Texas_Southwest":"Laredo, Teksas",
"US_Texas_Tyler":"Tyler",
"US_Texas_Wako":"Waco",
"US_Texas_West":"Odessa, Teksas",
"US_United States Minor Outlying Islands":"United States Minor Outlying Islands",
"US_Utah":"Utah",
"US_Vermont":"Vermont",
"US_Virginia_Chesapeake":"Chesapeake",
"US_Virginia_Lynchburg":"Lynchburg",
"US_Virginia_Richmond":"Richmond",
"US_Virginia_Roanoke":"Roanoke",
"US_Washington_Coast":"Tacoma",
"US_Washington_Seattle":"Seattle",
"US_Washington_Yakima":"Yakima",
"US_West Virginia":"Batı Virginia",
"US_Wisconsin_Milwaukee":"Milwaukee",
"US_Wisconsin_North":"Eau Claire",
"US_Wyoming":"Wyoming",
"Uganda":"Uganda",
"Ukraine":"Ukrayna",
"Ukraine_Cherkasy Oblast":"Çerkası Oblastı",
"Ukraine_Chernihiv Oblast":"Çernigov Oblastı",
"Ukraine_Chernivtsi Oblast":"Çernovtsi Oblastı",
"Ukraine_Dnipropetrovsk Oblast":"Dnipropetrovsk Oblastı",
"Ukraine_Donetsk Oblast":"Donetsk Oblastı",
"Ukraine_Ivano-Frankivsk Oblast":"İvano-Frankivsk Oblastı",
"Ukraine_Kharkiv Oblast":"Harkiv Oblastı",
"Ukraine_Kherson Oblast":"Herson Oblastı",
"Ukraine_Khmelnytskyi Oblast":"Hmelnitski Oblastı",
"Ukraine_Kirovohrad Oblast":"Kirovograd Oblastı",
"Ukraine_Kyiv Oblast":"Kiev Oblastı",
"Ukraine_Luhansk Oblast":"Luhansk Oblastı",
"Ukraine_Lviv Oblast":"Lviv Oblastı",
"Ukraine_Mykolaiv Oblast":"Mıkolayiv Oblastı",
"Ukraine_Odessa Oblast":"Odessa Oblastı",
"Ukraine_Poltava Oblast":"Poltava Oblastı",
"Ukraine_Rivne Oblast":"Rivne Oblastı",
"Ukraine_Sumy Oblast":"Sumi Oblastı",
"Ukraine_Ternopil Oblast":"Ternopil Oblastı",
"Ukraine_Vinnytsia Oblast":"Vinnitsa Oblastı",
"Ukraine_Volyn Oblast":"Volın Oblastı",
"Ukraine_Zakarpattia Oblast":"Zakarpatya Oblastı",
"Ukraine_Zaporizhia Oblast":"Zaporijya Oblastı",
"Ukraine_Zhytomyr Oblast":"Jitomir Oblastı",
"United Arab Emirates":"Birleşik Arap Emirlikleri",
"United Kingdom":"Birleşik Krallık",
"United States Virgin Islands":"ABD Virjin Adaları",
"United States of America":"Amerika Birleşik Devletleri",
"Uruguay":"Uruguay",
"Uzbekistan":"Özbekistan",
"Vanuatu":"Vanuatu",
"Venezuela":"Venezuela",
"Vietnam":"Vietnam",
"Virginia":"Virjinya",
"Wallis and Futuna":"Wallis ve Futuna Adaları",
"Washington":"Vaşington",
"Willis Island":"Willis Adası",
"Wisconsin":"Wisconsin",
"Yemen":"Yemen",
"Zambia":"Zambiya",
"Zimbabwe":"Zimbabve",
"Australia_Brisbane":"Brisbane",
"Australia_Sydney":"Sidney",
"Austria_Styria_Graz":"Steiermark — Graz",
"Austria_Styria_Leoben":"Styria — Leoben",
"Austria_Upper Austria_Linz":"Yukarı Avusturya — Linz",
"Austria_Upper Austria_Wels":"Yukarı Avusturya — Wels",
"Bolivia_North":"Bolivya — Kuzey",
"Bolivia_South":"Bolivya — Güney",
"Brazil_Goias_Brasilia":"Goiás — Brasília",
"Brazil_Goias_North":"Goiás — Kuzey",
"Brazil_North Region_East":"Kuzey Bölgesi — Doğu",
"Brazil_North Region_West":"Kuzey Bölgesi — Batı",
"Brazil_Northeast Region_East":"Kuzeydoğu Bölgesi — Doğu",
"Brazil_Northeast Region_West":"Kuzeydoğu Bölgesi — Batı",
"Brazil_Parana_East":"Paraná — Doğu",
"Brazil_Parana_West":"Paraná — Batı",
"Brazil_South Region_East":"Güneydoğu Bölgesi — Doğu",
"Brazil_South Region_West":"Güneydoğu Bölgesi — Batı",
"Bulgaria_East":"Bulgaristan — Doğu",
"Bulgaria_West":"Bulgaristan — Batı",
"Canada_Ontario_Northeastern_W":"Wawa",
"Chile_Central":"Şili — Merkez",
"Congo-Kinshasa_Kivu":"Kivu",
"Congo-Kinshasa_West":"Demokratik Kongo Cumhuriyeti — Batı",
"Croatia_Central":"Hırvatistan — Merkez",
"Croatia_West":"Hırvatistan — Batı",
"Ecuador_East":"Ekvador — Doğu",
"Ecuador_West":"Ekvador — Batı",
"Finland_Eastern Finland_North":"Doğu Finlandiya — Kuzey",
"Finland_Eastern Finland_South":"Doğu Finlandiya — Güney",
"Finland_Western Finland_Jyvaskyla":"Batı Finlandiya — Jyväskylä",
"Finland_Western Finland_Tampere":"Batı Finlandiya — Tampere",
"France_Free County_North":"Franche-Comté — Kuzey",
"France_Free County_South":"Franche-Comté — Güney",
"France_Pays de la Loire_Loire-Atlantique_Nantes":"Loire-Atlantique — Nantes",
"France_Pays de la Loire_Loire-Atlantique_Saint-Nazaire":"Loire-Atlantik — Saint-Nazaire",
"Germany_Free State of Bavaria_Upper Bavaria_South":"Oberbayern — Güney",
"India_Karnataka_North":"Karnataka — Kuzey",
"India_Karnataka_South":"Karnataka — Güney",
"Iran_East":"İran — Doğu",
"Iraq_North":"Irak — Kuzey",
"Iraq_South":"Irak — Güney",
"Japan_Chubu Region_Aichi_Nagoya":"Aichi — Nagoya",
"Japan_Chubu Region_Aichi_Toyohashi":"Aichi — Toyohashi",
"Japan_Hokkaido Region_Sapporo":"Sapporo",
"Japan_Kinki Region_Osaka_Osaka":"Osaka",
"Japan_Kinki Region_Osaka_West":"Osaka ili — Batı",
"Kazakhstan_North":"Kazakistan — Kuzey",
"Kazakhstan_South":"Kazakistan — Güney",
"Lithuania_East":"Litvanya — Doğu",
"Lithuania_West":"Litvanya — Batı",
"Mexico_Chihuahua":"Chihuahua",
"Mexico_Sonora":"Sonora",
"Nepal_Kathmandu":"Katmandu",
"Nepal_Madhyamanchal":"Merkez Bölgesi",
"Nepal_Purwanchal":"Doğu Bölgesi",
"Nigeria_North":"Nijerya — Kuzey",
"Nigeria_South":"Nijerya — Güney",
"Norway_Hordaland":"Hordaland",
"Norway_Nordland":"Nordland",
"Norway_North Trondelag":"Nord-Trøndelag",
"Norway_Rogaland":"Rogaland",
"Norway_South Trondelag":"Sør-Trøndelag",
"Peru_Lima":"Lima",
"Portugal_Islands":"Portekiz'deki adalar",
"Portugal_Viseu":"Viseu",
"Russia_Krasnoyarsk Krai_North":"Krasnoyarsk Krayı — Kuzey",
"Russia_Krasnoyarsk Krai_South":"Krasnoyarsk Krayı — Güney",
"Russia_Moscow Oblast_East":"Moskova Oblastı — Doğu",
"Russia_Moscow Oblast_West":"Moskova Oblastı — Batı",
"Russia_Perm Krai_North":"Perm Krayı — Kuzey",
"Russia_Perm Krai_South":"Perm Krayı — Güney",
"Russia_Republic of Karelia_North":"Karelya Cumhuriyeti — Kuzey",
"Russia_Republic of Karelia_South":"Karelya Cumhuriyeti — Güney",
"Russia_Sverdlovsk Oblast_North":"Sverdlovsk Oblastı — Kuzey",
"Russia_Sverdlovsk Oblast_Ekaterinburg":"Sverdlovsk Oblastı — Yekaterinburg",
"Russia_Yugra_Khanty":"Hantı-Mansi Özerk Okrugu — Hantı-Mansiysk",
"Russia_Yugra_Surgut":"Hantı-Mansi Özerk Okrugu — Surgut",
"Saudi Arabia_North":"Suudi Arabistan — Kuzey",
"Saudi Arabia_South":"Suudi Arabistan — Güney",
"Slovenia_East":"Slovenya — Doğu",
"Slovenia_West":"Slovenya — Batı",
"Spain_Andalusia_Granada":"Endülüs — Granada",
"Spain_Andalusia_Sevilla":"Endülüs — Sevilla",
"Spain_Castile and Leon_East":"Kastilya ve Leon — Doğu",
"Spain_Castile and Leon_West":"Kastilya ve Leon — Batı",
"Spain_Galicia_North":"Galiçya — Kuzey",
"Spain_Galicia_South":"Galiçya — Güney",
"Sudan_East":"Sudan — Doğu",
"Sudan_West":"Sudan — Batı",
"Sweden_Stockholm":"Stockholm",
"Switzerland_Espace Mittelland_Bern":"Espace Mittelland",
"Switzerland_Espace Mittelland_East":"Espace Mittelland",
"Taiwan_North":"Çin Cumhuriyeti — Kuzey",
"Taiwan_South":"Çin Cumhuriyeti — Güney",
"Thailand_Central":"Tayland — Merkez",
"Turkey_Central Anatolia Region_Ankara":"İç Anadolu Bölgesi — Ankara",
"Turkey_Central Anatolia Region_Kayseri":"İç Anadolu Bölgesi — Kayseri",
"Turkey_Marmara Region_Bursa":"Marmara Bölgesi — Bursa",
"Turkey_Marmara Region_Istanbul":"Marmara Bölgesi — İstanbul",
"US_Arkansas_North":"Arkansas — Kuzey",
"US_Arkansas_South":"Arkansas — Güney",
"US_Florida_Gainesvile":"Gainesville",
"US_Idaho_North":"Idaho — Kuzey",
"US_Idaho_South":"Idaho — Güney",
"US_Indiana_Evansville":"Evansville",
"US_Indiana_Indianapolis":"Indianapolis",
"US_Kansas_Wichita":"Wichita, Kansas",
"US_Kentucky_Louisville":"Louisville",
"US_Michigan_Grand Rapids":"Grand Rapids",
"US_Michigan_Lansing":"Lansing",
"US_Mississippi_Gulfport":"Gulfport",
"US_Mississippi_North":"Mississippi — Kuzey",
"US_Missouri_Kansas":"Kansas City",
"US_Missouri_Springfield":"Springfield",
"US_Missouri_St Louis":"St. Louis",
"US_Montana_East":"Montana — Doğu",
"US_Montana_West":"Montana — Batı",
"US_Nebraska_East":"Nebraska — Doğu",
"US_Nebraska_West":"Nebraska — Batı",
"US_New Mexico_Albuquerque":"Albuquerque",
"US_New Mexico_Roswell":"Roswell",
"US_Ohio_Cincinnati":"Cincinnati",
"US_Ohio_Columbus":"Columbus",
"US_Ohio_Toledo":"Toledo, Ohio",
"US_Oklahoma_Oklahoma":"Oklahoma City",
"US_Oklahoma_Tulsa":"Tulsa",
"US_South Carolina_Charleston":"Charleston, Güney Karolina",
"US_Texas_Amarillo":"Amarillo",
"US_Texas_Lubbock":"Lubbock, Teksas",
"US_Utah_North":"Utah — Kuzey",
"US_Utah_South":"Utah — Güney",
"US_Virginia_Alexandria":"Alexandria",
"US_Wisconsin_Eau Claire":"Eau Claire",
"US_Wisconsin_Madison":"Madison",
"Venezuela_North":"Venezuela — Kuzey",
"Venezuela_South":"Venezuela — Güney",
"Argentina_Buenos Aires_Buenos Aires":"Buenos Aires",
"Canada_Quebek_Lachute":"Lachute",
"Canada_Saskatchewan_Regina":"Regina",
"Canada_Saskatchewan_Saskatoon":"Saskatoon",
"Germany_Lower Saxony_Braunschweig":"Braunschweig",
"Germany_Saxony-Anhalt_Halle":"Saksonya-Anhalt — Halle",
"Germany_Saxony-Anhalt_Magdeburg":"Saksonya-Anhalt — Magdeburg",
"Germany_Schleswig-Holstein_Flensburg":"Schleswig-Holstein — Flensburg",
"Germany_Schleswig-Holstein_Kiel":"Schleswig-Holstein — Kiel",
"Portugal_Porto":"Porto",
"UK_England_North West England_Lancaster":"Kuzey-Batı İngiltere — Lancaster",
"UK_England_North West England_Manchester":"Kuzey-Batı İngiltere — Manchester",
"US_Florida_Gainesville":"Gainesville",
"US_Texas_Victoria":"Victoria",
"US_Virginia_Norfolk":"Norfolk, Virginia"
}
