{
"Abkhazia":"압하지야",
"Afghanistan":"아프가니스탄",
"Alabama":"앨라배마 주",
"Albania":"알바니아",
"Algeria":"알제리",
"Algeria_Central":"알제리 — 중앙",
"Algeria_Coast":"알제리 — 북",
"Andorra":"안도라",
"Angola":"앙골라",
"Anguilla":"앵귈라",
"Antarctica":"남극",
"Antigua and Barbuda":"앤티가 바부다",
"Argentina":"아르헨티나",
"Argentina_Buenos Aires_North":"부에노스아이레스 주 — 북",
"Argentina_Buenos Aires_South":"부에노스아이레스 주 — 남",
"Argentina_Cuyo":"쿠요",
"Argentina_Mesopotamia":"메소포타미아",
"Argentina_Northwest":"아르헨티나 북서부",
"Argentina_Pampas":"팜파스",
"Argentina_Patagonia":"파타고니아",
"Arizona":"애리조나 주",
"Armenia":"아르메니아",
"Australia":"오스트레일리아",
"Australia_Melbourne":"멜버른",
"Australia_New South Wales":"뉴사우스웨일스 주",
"Australia_Northern Territory":"노던 준주",
"Australia_Queensland":"퀸즐랜드 주",
"Australia_South Australia":"사우스오스트레일리아 주",
"Australia_Tasmania":"태즈메이니아 주",
"Australia_Victoria":"빅토리아 주",
"Australia_Western Australia":"웨스턴오스트레일리아 주",
"Austria":"오스트리아",
"Austria_Burgenland":"부르겐란트 주",
"Austria_Carinthia":"케른텐 주",
"Austria_Lower Austria_West":"니더외스터라이히 주 — 서",
"Austria_Lower Austria_Wien":"빈",
"Austria_Salzburg":"잘츠부르크 주",
"Austria_Styria":"슈타이어마르크 주",
"Austria_Tyrol":"티롤 주",
"Austria_Upper Austria":"오버외스터라이히 주",
"Austria_Vorarlberg":"포어아를베르크 주",
"Azerbaijan":"아제르바이잔",
"Azerbaijan Region":"아제르바이잔",
"Bahrain":"바레인",
"Bangladesh":"방글라데시",
"Barbados":"바베이도스",
"Belarus":"벨라루스",
"Belarus_Brest Region":"브레스트 주",
"Belarus_Homiel Region":"호몔 주",
"Belarus_Hrodna Region":"흐로드나 주",
"Belarus_Maglieu Region":"마힐료프 주",
"Belarus_Minsk Region":"민스크 주",
"Belarus_Vitebsk Region":"비쳅스크 주",
"Belgium":"벨기에",
"Belgium_Antwerp":"안트베르펜 주",
"Belgium_East Flanders":"오스트플란데런 주",
"Belgium_Flemish Brabant":"플람스브라반트 주",
"Belgium_Hainaut":"에노 주",
"Belgium_Liege":"리에주 주",
"Belgium_Limburg":"림뷔르흐 주",
"Belgium_Luxembourg":"뤽상부르 주",
"Belgium_Namur":"나무르 주",
"Belgium_Walloon Brabant":"브라방왈롱 주",
"Belgium_West Flanders":"베스트플란데런 주",
"Belize":"벨리즈",
"Benin":"베냉",
"Bermuda":"버뮤다",
"Bhutan":"부탄",
"Bolivia":"볼리비아",
"Bosnia and Herzegovina":"보스니아 헤르체고비나",
"Bosnia and Herzegovina_Brcko district of Bosnia and Herzegowina":"브르치코 행정구",
"Bosnia and Herzegovina_Entity Federation of Bosnia and Herzegovina":"보스니아 헤르체고비나 연방",
"Bosnia and Herzegovina_Republic of Srpska":"스릅스카 공화국",
"Botswana":"보츠와나",
"Brazil":"브라질",
"Brazil_Bahia":"바이아 주",
"Brazil_Goias":"고이아스 주",
"Brazil_Mato Grosso":"마투그로수 주",
"Brazil_Mato Grosso Do Sul":"마투그로수두술 주",
"Brazil_North Region":"노르치 지방",
"Brazil_Northeast Region":"노르제스치 지방",
"Brazil_Paraiba":"파라이바 주",
"Brazil_Parana":"파라나 주",
"Brazil_Rio Grande do Norte":"히우그란지두노르치 주",
"Brazil_Santa Catarina":"산타카타리나 주",
"Brazil_South Region":"술 지방",
"Brazil_Southeast Region_Espirito Santo":"이스피리투산투 주",
"Brazil_Southeast Region_Minas Gerais_Contagem":"미나스제라이스 주 — 콘타젱",
"Brazil_Southeast Region_Minas Gerais_North":"미나스제라이스 주 — 북",
"Brazil_Southeast Region_Rio de Janeiro":"리우데자네이루 주",
"Brazil_Southeast Region_Sao Paulo_Campinas":"상파울루 주 — 캄피나스",
"Brazil_Southeast Region_Sao Paulo_City":"상파울루 주 — 산투스",
"Brazil_Southeast Region_Sao Paulo_West":"상파울루 주 — 히베이랑프레투",
"British Indian Ocean Territory":"영국령 인도양 지역",
"British Virgin Islands":"영국령 버진아일랜드",
"Brunei":"브루나이",
"Bulgaria":"불가리아",
"Burkina Faso":"부르키나파소",
"Burundi":"부룬디",
"California":"캘리포니아 주",
"Cambodia":"캄보디아",
"Cameroon":"카메룬",
"Cameroon_Central":"카메룬 — 중앙",
"Cameroon_West":"카메룬 — 서",
"Campo de Hielo Sur":"파타고니아 아이스 필드 남부",
"Canada":"캐나다",
"Canada_Alberta":"앨버타 주",
"Canada_Alberta_Edmonton":"에드먼턴",
"Canada_Alberta_North":"앨버타 주 — 북",
"Canada_Alberta_South":"앨버타 주 — 남",
"Canada_British Columbia":"브리티시컬럼비아 주",
"Canada_British Columbia_Central":"브리티시컬럼비아 주 — 중앙",
"Canada_British Columbia_Far_North":"브리티시컬럼비아 주 — 동",
"Canada_British Columbia_Islands":"밴쿠버 섬",
"Canada_British Columbia_North":"브리티시컬럼비아 주 — 서",
"Canada_British Columbia_Northeast":"브리티시컬럼비아 주 — 북",
"Canada_British Columbia_Southeast":"켈로나",
"Canada_British Columbia_Vancouver":"밴쿠버",
"Canada_Labrador":"래브라도",
"Canada_Labrador_North":"래브라도 — 북",
"Canada_Labrador_South":"래브라도 — 남",
"Canada_Labrador_West":"래브라도 — 서",
"Canada_Manitoba":"매니토바 주",
"Canada_Manitoba_Northeast":"매니토바 주 — 북",
"Canada_Manitoba_Northwest":"매니토바 주 — 서",
"Canada_Manitoba_South":"브랜던",
"Canada_Manitoba_Winnipeg":"위니펙",
"Canada_New Brunswick":"뉴브런즈윅 주",
"Canada_Newfoundland":"뉴펀들랜드 섬",
"Canada_Newfoundland_East":"뉴펀들랜드 섬 — 동",
"Canada_Newfoundland_North":"뉴펀들랜드 섬 — 북",
"Canada_Newfoundland_South":"뉴펀들랜드 섬 — 남",
"Canada_Newfoundland_West":"뉴펀들랜드 섬 — 서",
"Canada_Northwest Territories":"노스웨스트 준주",
"Canada_Northwest Territories_East":"노스웨스트 준주 — 동",
"Canada_Northwest Territories_North":"노스웨스트 준주 — 북",
"Canada_Northwest Territories_Yellowknife":"옐로나이프",
"Canada_Nova Scotia":"노바스코샤 주",
"Canada_Nova Scotia_Halifax":"핼리팩스",
"Canada_Nova Scotia_Sydney":"시드니",
"Canada_Nunavut":"누나부트 준주",
"Canada_Nunavut_North":"누나부트 준주 — 북",
"Canada_Nunavut_South":"누나부트 준주 — 남",
"Canada_Ontario":"온타리오 주",
"Canada_Ontario_Bame":"배리",
"Canada_Ontario_Kingston":"킹스턴",
"Canada_Ontario_London":"런던",
"Canada_Ontario_Northeastern_Central":"티민스",
"Canada_Ontario_Northeastern_North":"무스 펙토리",
"Canada_Ontario_Northeastern_S":"서드베리",
"Canada_Ontario_Northeastern_SE":"북 베이",
"Canada_Ontario_Northeastern_SW":"수세인트마리",
"Canada_Ontario_Northeastern_Wawa":"와와",
"Canada_Ontario_Northern":"선더베이",
"Canada_Ontario_Northwestern":"온타리오 주 — 북",
"Canada_Ontario_Toronto":"토론토",
"Canada_Prince Edward Island":"프린스에드워드아일랜드 주",
"Canada_Quebec":"퀘벡 주",
"Canada_Quebec_Quebec":"퀘벡",
"Canada_Quebek_Far North":"퀘벡 주 — 북",
"Canada_Quebek_Montreal":"몬트리올",
"Canada_Quebek_North":"스텝 - 아이레스",
"Canada_Quebek_Southeast_Rimouski":"리무스키",
"Canada_Quebek_Southeast_Saguenay":"사그네",
"Canada_Quebek_West_Chibougamau":"시부가모",
"Canada_Quebek_West_Rouyn-Noranda":"루앵 - 노르안다",
"Canada_Saskatchewan":"서스캐처원 주",
"Canada_Saskatchewan_North":"서스캐처원 주 — 북",
"Canada_Saskatchewan_South":"서스캐처원 주 — 남",
"Canada_Yukon":"유콘 준주",
"Canada_Yukon_North":"유콘 준주 — 북",
"Canada_Yukon_Whitehorse":"화이트호스",
"Cape Verde":"카보베르데",
"Caribees":"소앤틸리스 제도",
"Caribisch Nederland":"네덜란드령 카리브 해 지역",
"Cayman Islands":"케이맨 제도",
"Central African Republic":"중앙아프리카 공화국",
"Central Anatolia Region":"중앙아나톨리아 지역",
"Chad":"차드",
"Chile":"칠레",
"Chile_North":"칠레 — 북",
"Chile_South":"칠레 — 남",
"China_Anhui":"안후이 성",
"China_Chongqing":"충칭 시",
"China_Fujian":"푸젠 성",
"China_Gansu":"간쑤 성",
"China_Guangdong":"광둥 성",
"China_Guangxi":"광시 좡족 자치구",
"China_Guizhou":"구이저우 성",
"China_Hebei":"허베이 성",
"China_Heilongjiang":"헤이룽장 성",
"China_Henan":"허난 성",
"China_Hubei":"후베이 성",
"China_Hunan":"후난 성",
"China_Inner Mongolia":"내몽골 자치구",
"China_Jiangsu":"장쑤 성",
"China_Jiangxi":"장시 성",
"China_Jilin":"지린 성",
"China_Liaoning":"랴오닝 성",
"China_Ningxia Hui":"닝샤 후이족 자치구",
"China_Qinghai":"칭하이 성",
"China_Shaanxi":"산시 성",
"China_Shandong":"산둥 성",
"China_Shanghai":"상하이 시",
"China_Shanxi":"산시 성",
"China_Sichuan":"쓰촨 성",
"China_Tibet Autonomous Region":"티베트 자치구",
"China_Xinjiang":"신장 위구르 자치구",
"China_Yunnan":"윈난 성",
"China_Zhejiang":"저장 성",
"Colombia":"콜롬비아",
"Colombia_East":"콜롬비아 — 동",
"Colombia_North":"콜롬비아 — 북",
"Colombia_West":"콜롬비아 — 서",
"Colorado":"콜로라도 주",
"Comoros":"코모로",
"Congo-Brazzaville":"콩고 공화국",
"Congo-Kinshasa":"콩고 민주 공화국",
"Cook Islands":"쿡 제도",
"Costa Rica":"코스타리카",
"Cote dIvoire":"코트디부아르",
"Crimea":"크림 반도",
"Croatia":"크로아티아",
"Cuba":"쿠바",
"Cyprus":"키프로스",
"Czech Republic":"체코",
"Czech_Jihovychod_Jihomoravsky kraj":"남모라바 주",
"Czech_Jihovychod_Kraj Vysocina":"비소치나 주",
"Czech_Jihozapad_Jihocesky kraj":"남보헤미아 주",
"Czech_Jihozapad_Plzensky kraj":"플젠 주",
"Czech_Karlovasky kraj":"카를로비바리 주",
"Czech_Moravskoslezsko":"모라바슬레스코 주",
"Czech_Olomoucky kraj":"올로모우츠 주",
"Czech_Praha":"프라하",
"Czech_Severovychod_Kralovehradecky kraj":"흐라데츠크랄로베 주",
"Czech_Severovychod_Liberecky kraj":"리베레츠 주",
"Czech_Severovychod_Pardubicky kraj":"파르두비체 주",
"Czech_Stredni Cechy_East":"중앙보헤미아 주 — 동",
"Czech_Stredni Cechy_West":"중앙보헤미아 주 — 서",
"Czech_Ustecky kraj":"우스티 주",
"Czech_Zlinsky Kraj":"즐린 주",
"Denmark":"덴마크",
"Denmark_Capital Region of Denmark":"덴마크 수도 지역",
"Denmark_Central Denmark Region":"중앙윌란 지역",
"Denmark_North Denmark Region":"북윌란 지역",
"Denmark_Region Zealand":"셸란 지역",
"Denmark_Region of Southern Denmark":"남덴마크 지역",
"Djibouti":"지부티",
"Dominica":"도미니카 연방",
"Dominican Republic":"도미니카 공화국",
"East Timor":"동티모르",
"Ecuador":"에콰도르",
"Egypt":"이집트",
"El Salvador":"엘살바도르",
"Equatorial Guinea":"적도 기니",
"Eritrea":"에리트레아",
"Estonia":"에스토니아",
"Estonia_East":"에스토니아 — 동",
"Estonia_West":"에스토니아 — 서",
"Ethiopia":"에티오피아",
"Falkland Islands":"포클랜드 제도",
"Faroe Islands":"페로 제도",
"Federated States of Micronesia":"미크로네시아 연방",
"Fiji":"피지",
"Finland":"핀란드",
"Finland_Eastern Finland":"동핀란드 주",
"Finland_Northern Finland":"핀란드 남부",
"Finland_Southern Finland_Helsinki":"남핀란드 주 — 헬싱키",
"Finland_Southern Finland_Lappeenranta":"남핀란드 주 — 라펜란타",
"Finland_Southern Finland_West":"남서수오미 지역",
"Finland_Western Finland":"서핀란드 주",
"Florida":"플로리다 주",
"France":"프랑스",
"France_Alsace":"알자스",
"France_Alsace_Bas-Rhin":"바랭 주",
"France_Alsace_Haut-Rhin":"오랭 주",
"France_Aquitaine":"아키텐",
"France_Aquitaine_Dordogne":"도르도뉴 주",
"France_Aquitaine_Gironde":"지롱드 주",
"France_Aquitaine_Landes":"랑드 주",
"France_Aquitaine_Lot-et-Garonne":"로트에가론 주",
"France_Aquitaine_Pyrenees-Atlantiques":"피레네자틀랑티크 주",
"France_Auvergne":"오베르뉴",
"France_Auvergne_Allier":"알리에 주",
"France_Auvergne_Cantal":"캉탈 주",
"France_Auvergne_Haute-Loire":"오트루아르 주",
"France_Auvergne_Puy-de-Dome":"퓌드돔 주",
"France_Brittany":"브르타뉴",
"France_Brittany_Cotes-dArmor":"코트다르모르 주",
"France_Brittany_Finistere":"피니스테르 주",
"France_Brittany_Ille-et-Vilaine":"일에빌렌 주",
"France_Brittany_Morbihan":"모르비앙 주",
"France_Burgundy":"부르고뉴",
"France_Burgundy_Cote-dOr":"코트도르 주",
"France_Burgundy_Nievre":"니에브르 주",
"France_Burgundy_Saone-et-Loire":"손에루아르 주",
"France_Burgundy_Yonne":"욘 주",
"France_Centre-Val de Loire":"상트르",
"France_Centre-Val de Loire_Cher":"셰르 주",
"France_Centre-Val de Loire_Eure-et-Loir":"외르에루아르 주",
"France_Centre-Val de Loire_Indre":"앵드르 주",
"France_Centre-Val de Loire_Indre-et-Loire":"앵드르에루아르 주",
"France_Centre-Val de Loire_Loir-et-Cher":"루아르에셰르 주",
"France_Centre-Val de Loire_Loiret":"루아레 주",
"France_Champagne-Ardenne":"샹파뉴아르덴",
"France_Corsica":"코르시카",
"France_Free County":"프랑슈콩테",
"France_French Guiana":"프랑스령 기아나",
"France_Ile-de-France":"일드프랑스",
"France_Ile-de-France_Essonne":"에손 주",
"France_Ile-de-France_Hauts-de-Seine":"오드센 주",
"France_Ile-de-France_Paris":"파리",
"France_Ile-de-France_Seine-Saint-Denis":"센생드니 주",
"France_Ile-de-France_Seine-et-Marne":"센에마른 주",
"France_Ile-de-France_Val-dOise":"발두아즈 주",
"France_Ile-de-France_Val-de-Marne":"발드마른 주",
"France_Ile-de-France_Yvelines":"이블린 주",
"France_Languedoc-Roussillon":"랑그도크루시용",
"France_Languedoc-Roussillon_Aude":"오드 주",
"France_Languedoc-Roussillon_Gard":"가르 주",
"France_Languedoc-Roussillon_Herault":"에로 주",
"France_Languedoc-Roussillon_Lozere":"로제르 주",
"France_Languedoc-Roussillon_Pyrenees-Orientales":"피레네조리앙탈 주",
"France_Limousin":"리무쟁",
"France_Lorraine":"로렌",
"France_Lorraine_Meurthe-et-Moselle":"뫼르트에모젤 주",
"France_Lorraine_Meuse":"뫼즈 주",
"France_Lorraine_Moselle":"모젤 주",
"France_Lorraine_Vosges":"보주 주",
"France_Lower Normandy":"바스노르망디",
"France_Lower Normandy_Calvados":"칼바도스 주",
"France_Lower Normandy_Manche":"망슈 주",
"France_Lower Normandy_Orne":"오른 주",
"France_Midi-Pyrenees":"미디피레네",
"France_Midi-Pyrenees_Ariege":"아리에주 주",
"France_Midi-Pyrenees_Aveyron":"아베롱 주",
"France_Midi-Pyrenees_Gers":"제르 주",
"France_Midi-Pyrenees_Haute-Garonne":"오트가론 주",
"France_Midi-Pyrenees_Hautes-Pyrenees":"오트피레네 주",
"France_Midi-Pyrenees_Lot":"로트 주",
"France_Midi-Pyrenees_Tarn":"타른 주",
"France_Midi-Pyrenees_Tarn-et-Garonne":"타른에가론 주",
"France_New Caledonia":"누벨칼레도니",
"France_Nord-Pas-de-Calais":"노르파드칼레",
"France_Nord-Pas-de-Calais_Lille":"릴",
"France_Nord-Pas-de-Calais_Nord":"노르 주",
"France_Nord-Pas-de-Calais_Pas-de-Calais":"파드칼레 주",
"France_Pays de la Loire":"페이드라루아르",
"France_Pays de la Loire_Loire-Atlantique":"루아르아틀랑티크 주",
"France_Pays de la Loire_Maine-et-Loire":"멘에루아르 주",
"France_Pays de la Loire_Mayenne":"마옌 주",
"France_Pays de la Loire_Sarthe":"사르트 주",
"France_Pays de la Loire_Vendee":"방데 주",
"France_Picardy":"피카르디",
"France_Picardy_Aisne":"엔 주",
"France_Picardy_Oise":"우아즈 주",
"France_Picardy_Somme":"솜 주",
"France_Poitou-Charentes":"푸아투샤랑트",
"France_Poitou-Charentes_Charente":"샤랑트 주",
"France_Poitou-Charentes_Charente-Maritime":"샤랑트마리팀 주",
"France_Poitou-Charentes_Deux-Sevres":"되세브르 주",
"France_Poitou-Charentes_Vienne":"비엔 주",
"France_Provence-Alpes-Cote dAzur":"프로방스알프코트다쥐르",
"France_Provence-Alpes-Cote dAzur_Alpes-de-Haute-Provence":"알프드오트프로방스 주",
"France_Provence-Alpes-Cote dAzur_Bouches-du-Rhone":"부슈뒤론 주",
"France_Provence-Alpes-Cote dAzur_Hautes-Alpes":"오트잘프 주",
"France_Provence-Alpes-Cote dAzur_Maritime Alps":"알프마리팀 주",
"France_Provence-Alpes-Cote dAzur_Var":"바르 주",
"France_Provence-Alpes-Cote dAzur_Vaucluse":"보클뤼즈 주",
"France_Rhone-Alpes":"론알프",
"France_Rhone-Alpes_Ain":"앵 주",
"France_Rhone-Alpes_Ardeche":"아르데슈 주",
"France_Rhone-Alpes_Drome":"드롬 주",
"France_Rhone-Alpes_Haute-Savoie":"오트사부아 주",
"France_Rhone-Alpes_Isere":"이제르 주",
"France_Rhone-Alpes_Loire":"루아르 주",
"France_Rhone-Alpes_Rhone":"론 주",
"France_Rhone-Alpes_Savoie":"사부아 주",
"France_Southern Islands":"프랑스령 남방 및 남극",
"France_Upper Normandy":"오트노르망디",
"French Polynesia":"프랑스령 폴리네시아",
"Gabon":"가봉",
"Georgia":"조지아",
"Germany":"독일",
"Germany_Baden-Wurttemberg":"바덴뷔르템베르크 주",
"Germany_Baden-Wurttemberg_Regierungsbezirk Freiburg":"프라이부르크",
"Germany_Baden-Wurttemberg_Regierungsbezirk Karlsruhe":"카를스루에 현",
"Germany_Baden-Wurttemberg_Regierungsbezirk Stuttgart_Heilbronn":"슈투트가르트 현 — 하일브론",
"Germany_Baden-Wurttemberg_Regierungsbezirk Stuttgart_Stuttgart":"슈투트가르트 현 — 슈투트가르트",
"Germany_Baden-Wurttemberg_Regierungsbezirk Tubingen":"튀빙겐 현",
"Germany_Berlin":"베를린",
"Germany_Brandenburg_North":"브란덴부르크 주 — 북",
"Germany_Brandenburg_South":"브란덴부르크 주 — 남",
"Germany_Free State of Bavaria":"바이에른 주",
"Germany_Free State of Bavaria_Lower Bavaria":"니더바이에른 현",
"Germany_Free State of Bavaria_Lower Franconia":"운터프랑켄 현",
"Germany_Free State of Bavaria_Middle Franconia":"미텔프랑켄 현",
"Germany_Free State of Bavaria_Swabia":"슈바벤 현",
"Germany_Free State of Bavaria_Upper Bavaria_East":"오버바이에른 현 — 동",
"Germany_Free State of Bavaria_Upper Bavaria_Ingolstadt":"오버바이에른 현 — 잉골슈타트",
"Germany_Free State of Bavaria_Upper Bavaria_Munchen":"오버바이에른 현 — 뮌헨",
"Germany_Free State of Bavaria_Upper Franconia":"오버프랑켄 현",
"Germany_Free State of Bavaria_Upper Palatinate":"오버팔츠 현",
"Germany_Hamburg_main":"함부르크",
"Germany_Hesse":"헤센 주",
"Germany_Hesse_Regierungsbezirk Darmstadt":"다름슈타트 현",
"Germany_Hesse_Regierungsbezirk Giessen":"기센 현",
"Germany_Hesse_Regierungsbezirk Kassel":"카셀 현",
"Germany_Lower Saxony":"니더작센 주",
"Germany_Lower Saxony_Bremen_Bremen":"브레멘 주",
"Germany_Lower Saxony_Bremen_Munster":"뤼네부르크",
"Germany_Lower Saxony_Hannover":"하노버",
"Germany_Lower Saxony_Oldenburg":"올덴부르크",
"Germany_Mecklenburg-Vorpommern":"메클렌부르크포어포메른 주",
"Germany_North Rhine-Westphalia":"노르트라인베스트팔렌 주",
"Germany_North Rhine-Westphalia_Regierungsbezirk Arnsberg_Arnsberg":"안스버그 정부 령 — 안스버그",
"Germany_North Rhine-Westphalia_Regierungsbezirk Arnsberg_Dortmund":"아른스베르크 현 — 도르트문트",
"Germany_North Rhine-Westphalia_Regierungsbezirk Detmold":"데트몰트 현",
"Germany_North Rhine-Westphalia_Regierungsbezirk Dusseldorf_Dusseldorf":"뒤셀도르프 현 — 뒤셀도르프",
"Germany_North Rhine-Westphalia_Regierungsbezirk Dusseldorf_Mulheim":"뒤셀도르프 현 — 뮐하임안데어루르",
"Germany_North Rhine-Westphalia_Regierungsbezirk Dusseldorf_Wesel":"뒤셀도르프 정부 령 — 웨셀",
"Germany_North Rhine-Westphalia_Regierungsbezirk Koln_Aachen":"쾰른 현 — 아헨",
"Germany_North Rhine-Westphalia_Regierungsbezirk Koln_Koln":"쾰른 현 — 쾰른",
"Germany_North Rhine-Westphalia_Regierungsbezirk Munster_Munster":"뮌스터 현 — 뮌스터",
"Germany_North Rhine-Westphalia_Regierungsbezirk Munster_Recklinghausen":"뮌스터 현 — 레클링하우젠",
"Germany_Rhineland-Palatinate_Koblenz":"라인란트팔츠 주 — 코블렌츠",
"Germany_Rhineland-Palatinate_South":"라인란트팔츠 주 — 마인츠",
"Germany_Saarland":"자를란트 주",
"Germany_Saxony-Anhalt":"작센안할트 주",
"Germany_Saxony_Dresden":"작센 주 — 드레스덴",
"Germany_Saxony_Leipzig":"작센 주 — 라이프치히",
"Germany_Schleswig-Holstein":"슐레스비히홀슈타인 주",
"Germany_Thuringia":"튀링겐 주",
"Ghana":"가나",
"Gibraltar":"지브롤터",
"Greece":"그리스",
"Greece_Decentralized Administration of Aegean":"에게해 지방자치",
"Greece_Decentralized Administration of Attica":"아티카 지방자치",
"Greece_Decentralized Administration of Crete":"크레타 지방자치",
"Greece_Decentralized Administration of Epirus - Western Macedonia":"에피루스와 서 마케도니아 지방자치",
"Greece_Decentralized Administration of Macedonia and Thrace":"마케도니아와 트라키아 지방자치",
"Greece_Decentralized Administration of Thessaly - Central Greece":"테살리아와 그리스 중부 지방자치",
"Greece_Decentralized Administration of West Greece":"펠레포네스 지방자치",
"Greenland":"그린란드",
"Grenada":"그레나다",
"Guadeloupe":"과들루프",
"Guatemala":"과테말라",
"Guernsey":"건지 섬",
"Guinea":"기니",
"Guinea-Bissau":"기니비사우",
"Guyana":"가이아나",
"Haiti":"아이티",
"Honduras":"온두라스",
"Hungary":"헝가리",
"Hungary_Kozep-Magyarorszag":"헝가리 중부",
"Hungary_Northern Great Plain":"헝가리 — 동",
"Hungary_Transdanubia":"헝가리 — 서",
"Iceland":"아이슬란드",
"Illinois":"일리노이 주",
"India":"인도",
"India_Andaman and Nicobar Islands":"안다만 니코바르 제도",
"India_Andhra Pradesh":"안드라프라데시 주",
"India_Arunachal Pradesh":"아루나찰프라데시 주",
"India_Assam":"아삼 주",
"India_Bihar":"비하르 주",
"India_Chandigarh":"찬디가르",
"India_Chhattisgarh":"차티스가르 주",
"India_Delhi":"델리",
"India_Goa":"고아 주",
"India_Gujarat":"구자라트 주",
"India_Haryana":"하리아나 주",
"India_Himachal Pradesh":"히마찰프라데시 주",
"India_Jammu and Kashmir":"잠무 카슈미르 주",
"India_Jharkhand":"자르칸드 주",
"India_Karnataka":"카르나타카 주",
"India_Kerala":"케랄라 주",
"India_Lakshadweep":"락샤드위프 제도",
"India_Madhya Pradesh":"마디아프라데시 주",
"India_Maharashtra":"마하라슈트라 주",
"India_Manipur":"마니푸르 주",
"India_Meghalaya":"메갈라야 주",
"India_Mizoram":"미조람 주",
"India_Nagaland":"나갈랜드 주",
"India_Odisha":"오리사 주",
"India_Punjab":"펀자브 주",
"India_Rajasthan":"라자스탄 주",
"India_Sikkim":"시킴 주",
"India_Tamil Nadu":"타밀나두 주",
"India_Telangana":"텔랑가나 주",
"India_Tripura":"트리푸라 주",
"India_Uttar Pradesh":"우타르프라데시 주",
"India_Uttarakhand":"우타라칸드 주",
"India_West Bengal":"서벵골 주",
"Indiana":"인디애나 주",
"Indonesia":"인도네시아",
"Indonesia_Central":"술라웨시 섬, 칼리만탄",
"Indonesia_East":"인도네시아 — 동",
"Indonesia_Jawa Barat":"자와바랏 주",
"Indonesia_Jawa Tengah":"자와틍아 주",
"Indonesia_Jawa Timur":"자와티무르 주",
"Indonesia_Nusa Tenggara":"소순다 열도",
"Indonesia_West":"수마트라 섬",
"Iowa":"아이오와 주",
"Iran":"이란",
"Iran_North":"이란 — 북",
"Iran_South":"이란 — 남",
"Iraq":"이라크",
"Ireland":"아일랜드",
"Ireland_Connacht":"코노트",
"Ireland_Leinster":"렌스터",
"Ireland_Munster":"먼스터",
"Ireland_Northern Counties":"얼스터",
"Isle of Man":"맨 섬",
"Israel":"이스라엘",
"Israel Region":"이스라엘",
"Italy":"이탈리아",
"Italy_Abruzzo":"아브루초 주",
"Italy_Aosta Valley":"발레다오스타 주",
"Italy_Apulia":"풀리아 주",
"Italy_Basilicata":"바실리카타 주",
"Italy_Calabria":"칼라브리아 주",
"Italy_Campania":"캄파니아 주",
"Italy_Emilia":"에밀리아로마냐 주",
"Italy_Emilia-Romagna_Bologna":"볼로냐 현",
"Italy_Emilia-Romagna_Ferrara":"페라라 현",
"Italy_Emilia-Romagna_Forli-Cesena":"포를리체세나 현",
"Italy_Emilia-Romagna_Modena":"모데나 현",
"Italy_Emilia-Romagna_Parma":"파르마 현",
"Italy_Emilia-Romagna_Piacenza":"피아첸차 현",
"Italy_Emilia-Romagna_Ravenna":"라벤나 현",
"Italy_Emilia-Romagna_Reggio Emilia":"레조에밀리아 현",
"Italy_Emilia-Romagna_Rimini":"리미니 현",
"Italy_Friuli":"프리울리베네치아줄리아 주",
"Italy_Friuli-Venezia Giulia_Gorizia":"고리치아 현",
"Italy_Friuli-Venezia Giulia_Pordenone":"포르데노네 현",
"Italy_Friuli-Venezia Giulia_Trieste":"트리에스테 현",
"Italy_Friuli-Venezia Giulia_Udine":"우디네 현",
"Italy_Lazio":"라치오 주",
"Italy_Liguria":"리구리아 주",
"Italy_Lombardy":"롬바르디아 주",
"Italy_Lombardy_Bergamo":"베르가모 현",
"Italy_Lombardy_Brescia":"브레시아 현",
"Italy_Lombardy_Como":"코모 현",
"Italy_Lombardy_Cremona":"크레모나 현",
"Italy_Lombardy_Lecco":"레코 현",
"Italy_Lombardy_Lodi":"로디 현",
"Italy_Lombardy_Mantua":"만토바 현",
"Italy_Lombardy_Milan":"밀라노 현",
"Italy_Lombardy_Monza and Brianza":"몬차에브리안차 현",
"Italy_Lombardy_Pavia":"파비아 현",
"Italy_Lombardy_Sondrio":"손드리오 현",
"Italy_Lombardy_Varese":"바레세 현",
"Italy_Marche":"마르케 주",
"Italy_Molise":"몰리세 주",
"Italy_Piemont":"피에몬테 주",
"Italy_Piemont_Alessandria":"알레산드리아 현",
"Italy_Piemont_Asti":"아스티 현",
"Italy_Piemont_Biella":"비엘라 현",
"Italy_Piemont_Cuneo":"쿠네오 현",
"Italy_Piemont_Novara":"노바라 현",
"Italy_Piemont_Torino":"토리노 현",
"Italy_Piemont_Verbano-Cusio-Ossola":"베르바노쿠시오오솔라 현",
"Italy_Piemont_Vercelli":"베르첼리 현",
"Italy_Sardinia":"사르데냐",
"Italy_Sicily":"시칠리아",
"Italy_Trentino-Alto Adige Sudtirol":"트렌티노알토아디제 주",
"Italy_Tuscany_Grosseto":"토스카나 주 — 그로세토 현",
"Italy_Tuscany_Massa e Carrara":"토스카나 주 — 마사에카라라 현",
"Italy_Umbria":"움브리아 주",
"Italy_Veneto":"베네토 주",
"Italy_Veneto_Belluno":"벨루노 현",
"Italy_Veneto_Padova":"파도바 현",
"Italy_Veneto_Rovigo":"로비고 현",
"Italy_Veneto_Treviso":"트레비소 현",
"Italy_Veneto_Venezia":"베네치아 현",
"Italy_Veneto_Verona":"베로나 현",
"Italy_Veneto_Vicenza":"비첸차 현",
"Jamaica":"자메이카",
"Japan":"일본",
"Japan_Chubu Region":"주부 지방",
"Japan_Chubu Region_Aichi":"아이치 현",
"Japan_Chubu Region_Fukui":"후쿠이 현",
"Japan_Chubu Region_Gifu":"기후 현",
"Japan_Chubu Region_Ishikawa":"이시카와 현",
"Japan_Chubu Region_Nagano":"나가노 현",
"Japan_Chubu Region_Niigata":"니가타 현",
"Japan_Chubu Region_Shizuoka":"시즈오카 현",
"Japan_Chubu Region_Toyama":"도야마 현",
"Japan_Chubu Region_Yamanashi":"야마나시 현",
"Japan_Chugoku Region":"주고쿠 지방",
"Japan_Chugoku Region_Hiroshima":"히로시마 현",
"Japan_Chugoku Region_Okayama":"오카야마 현",
"Japan_Chugoku Region_Shimane":"시마네 현",
"Japan_Chugoku Region_Tottori":"돗토리 현",
"Japan_Chugoku Region_Yamaguchi":"야마구치 현",
"Japan_Hokkaido Region":"홋카이도",
"Japan_Hokkaido Region_East":"홋카이도 — 동",
"Japan_Hokkaido Region_North":"홋카이도 — 북",
"Japan_Hokkaido Region_West":"홋카이도 — 서",
"Japan_Kanto":"간토 지방",
"Japan_Kanto_Chiba":"지바 현",
"Japan_Kanto_Gunma":"군마 현",
"Japan_Kanto_Ibaraki":"이바라키 현",
"Japan_Kanto_Kanagawa":"가나가와 현",
"Japan_Kanto_Saitama":"사이타마 현",
"Japan_Kanto_Tochigi":"도치기 현",
"Japan_Kanto_Tokyo":"도쿄 도",
"Japan_Kinki Region":"긴키 지방",
"Japan_Kinki Region_Mie":"미에 현",
"Japan_Kinki Region_Nara":"나라 현",
"Japan_Kinki Region_Osaka":"오사카 부",
"Japan_Kinki Region_Wakayama":"와카야마 현",
"Japan_Kyushu Region":"규슈",
"Japan_Kyushu Region_Fukuoka":"후쿠오카 현",
"Japan_Kyushu Region_Kagoshima":"가고시마 현",
"Japan_Kyushu Region_Kumamoto":"구마모토 현",
"Japan_Kyushu Region_Miyazaki":"미야자키 현",
"Japan_Kyushu Region_Nagasaki":"나가사키 현",
"Japan_Kyushu Region_Oita":"오이타 현",
"Japan_Kyushu Region_Okinawa":"오키나와 현",
"Japan_Kyushu Region_Saga":"사가 현",
"Japan_Shikoku Region":"시코쿠",
"Japan_Shikoku Region_Ehime":"에히메 현",
"Japan_Shikoku Region_Kagawa":"가가와 현",
"Japan_Shikoku Region_Kochi":"고치 현",
"Japan_Shikoku Region_Kyoto":"교토 부",
"Japan_Shikoku Region_Tokushima":"도쿠시마 현",
"Japan_Tohoku":"도호쿠 지방",
"Japan_Tohoku_Akita":"아키타 현",
"Japan_Tohoku_Aomori":"아오모리 현",
"Japan_Tohoku_Fukushima":"후쿠시마 현",
"Japan_Tohoku_Iwate":"이와테 현",
"Japan_Tohoku_Miyagi":"미야기 현",
"Japan_Tohoku_Yamagata":"야마가타 현",
"Jersey":"저지 섬",
"Jerusalem":"예루살렘",
"Jordan":"요르단",
"Kansas":"캔자스 주",
"Kazakhstan":"카자흐스탄",
"Kentucky":"켄터키 주",
"Kenya":"케냐",
"Kingdom of Lesotho":"레소토",
"Kiribati":"키리바시",
"Kuwait":"쿠웨이트",
"Kyrgyzstan":"키르기스스탄",
"Laos":"라오스",
"Latvia":"라트비아",
"Lebanon":"레바논",
"Liberia":"라이베리아",
"Libya":"리비아",
"Liechtenstein":"리히텐슈타인",
"Lithuania":"리투아니아",
"Louisiana":"루이지애나 주",
"Luxembourg":"룩셈부르크",
"Macedonia":"마케도니아 공화국",
"Madagascar":"마다가스카르",
"Malawi":"말라위",
"Malaysia":"말레이시아",
"Maldives":"몰디브",
"Mali":"말리",
"Malta":"몰타",
"Marshall Islands":"마셜 제도",
"Martinique":"마르티니크",
"Maryland":"메릴랜드 주",
"Massachusetts":"매사추세츠 주",
"Mauritania":"모리타니",
"Mauritius":"모리셔스",
"Mexico":"멕시코",
"Mexico_California":"바하칼리포르니아 주",
"Mexico_Central_East":"누에보레온 주",
"Mexico_Central_West":"나야리트 주",
"Mexico_East":"멕시코 — 동",
"Mexico_Mexico":"멕시코시티",
"Mexico_North":"멕시코 — 북",
"Mexico_South":"멕시코 — 남",
"Michigan":"미시간 주",
"Minnesota":"미네소타 주",
"Missouri":"미주리 주",
"Moldova":"몰도바",
"Monaco":"모나코",
"Mongolia":"몽골",
"Montenegro":"몬테네그로",
"Montserrat":"몬트세랫",
"Morocco":"모로코",
"Morocco_Doukkala-Abda":"두칼라압다 지방",
"Morocco_Rabat-Sale-Zemmour-Zaer":"라바트살레젬무르자에르 지방",
"Morocco_Southern":"모로코 — 남",
"Morocco_Western Sahara":"서사하라",
"Mozambique":"모잠비크",
"Myanmar":"미얀마",
"Nagorno-Karabakh":"나고르노카라바흐",
"Namibia":"나미비아",
"Nauru":"나우루",
"Nepal":"네팔",
"Nepal_East":"네팔 — 동",
"Nepal_West":"네팔 — 서",
"Netherlands":"네덜란드",
"Netherlands_Drenthe":"드렌터 주",
"Netherlands_Flevoland":"플레볼란트 주",
"Netherlands_Friesland":"프리슬란트 주",
"Netherlands_Gelderland_Nijmegen":"헬데를란트 주 — 네이메헌",
"Netherlands_Gelderland_North":"헬데를란트 주 — 아펠도른",
"Netherlands_Gelderland_Zutphen":"헬데를란트 주 — 쥣펀",
"Netherlands_Groningen":"흐로닝언 주",
"Netherlands_Limburg":"림뷔르흐 주",
"Netherlands_North Brabant_Eindhoven":"노르트브라반트 주 — 에인트호번",
"Netherlands_North Brabant_Roosendaal":"노르트브라반트 주 — 로센달",
"Netherlands_North Brabant_Tiburg":"노르트브라반트 주 — 틸뷔르흐",
"Netherlands_North Brabant_Uden":"북 브라반트— 어든",
"Netherlands_North Holland_Alkmaar":"노르트홀란트 주 — 알크마르",
"Netherlands_North Holland_Amsterdam":"노르트홀란트 주 — 암스테르담",
"Netherlands_North Holland_Zaandam":"노르트홀란트 주 — 잔스타트",
"Netherlands_Overijssel_Enschede":"오버레이설 주 — 엔스헤더",
"Netherlands_Overijssel_Zwolle":"오버레이설 주 — 즈볼러",
"Netherlands_South Holland_Brielle":"남 홀랜드— 브라이엘",
"Netherlands_South Holland_Den Haag":"자위트홀란트 주 — 헤이그",
"Netherlands_South Holland_Leiden":"자위트홀란트 주 — 레이던",
"Netherlands_South Holland_Rotterdam":"자위트홀란트 주 — 로테르담",
"Netherlands_Utrecht_Amersfoort":"위트레흐트 주 — 아메르스포르트",
"Netherlands_Utrecht_Utrecht":"위트레흐트 주 — 위트레흐트",
"Netherlands_Zeeland":"제일란트 주",
"New Jersey":"뉴저지 주",
"New York":"뉴욕 주",
"New Zealand":"뉴질랜드",
"New Zealand North_Auckland":"북 — 오클랜드",
"New Zealand North_Wellington":"북 — 웰링턴",
"New Zealand South_Canterbury":"남 — 캔터베리 지방",
"New Zealand South_Southland":"남 — 사우스랜드 지방",
"Nicaragua":"니카라과",
"Niger":"니제르",
"Nigeria":"나이지리아",
"Niue":"니우에",
"North Carolina":"노스캐롤라이나 주",
"North Dakota":"노스다코타 주",
"North Korea":"조선민주주의인민공화국",
"Norway":"노르웨이",
"Norway_Bouvet Island":"부베 섬",
"Norway_Central":"오슬로",
"Norway_Hedmark":"헤드마르크 주",
"Norway_Jan Mayen":"얀마옌 섬",
"Norway_Northern":"노르노르게",
"Norway_Oppland":"오플란 주",
"Norway_Southern":"쇠를란데트",
"Norway_Svalbard":"스발바르 제도",
"Norway_Trondelag":"트뢰넬라그",
"Norway_Western":"베스틀란데트",
"Ohio":"오하이오 주",
"Oklahoma":"오클라호마 주",
"Oman":"오만",
"Oregon":"오리건 주",
"Pakistan":"파키스탄",
"Palau":"팔라우",
"Palestine":"팔레스타인",
"Palestine Region":"팔레스타인",
"Panama":"파나마",
"Papua New Guinea":"파푸아뉴기니",
"Paraguay":"파라과이",
"Pennsylvania":"펜실베이니아 주",
"People's Republic of China":"중화인민공화국",
"Peru":"페루",
"Peru_North":"페루 — 북",
"Peru_South":"페루 — 남",
"Philippines":"필리핀",
"Philippines_Luzon_Manila":"마닐라 대도시",
"Philippines_Luzon_North":"루손 섬 — 북",
"Philippines_Luzon_South":"루손 섬 — 남",
"Philippines_Mindanao":"민다나오 섬",
"Philippines_Visayas":"비사야 제도",
"Pitcairn Islands":"핏케언 제도",
"Poland":"폴란드",
"Poland_Greater Poland Voivodeship":"비엘코폴스카 주",
"Poland_Kuyavian-Pomeranian Voivodeship":"쿠야비포모제 주",
"Poland_Lesser Poland Voivodeship":"마워폴스카 주",
"Poland_Lodz Voivodeship":"우치 주",
"Poland_Lower Silesian Voivodeship":"돌니실롱스크 주",
"Poland_Lublin Voivodeship":"루블린 주",
"Poland_Lubusz Voivodeship":"루부시 주",
"Poland_Masovian Voivodeship":"마조프셰 주",
"Poland_Opole Voivodeship":"오폴레 주",
"Poland_Podlaskie Voivodeship":"포들라스키에 주",
"Poland_Pomeranian Voivodeship":"포모제 주",
"Poland_Silesian Voivodeship":"실롱스크 주",
"Poland_Subcarpathian Voivodeship":"포드카르파츠키에 주",
"Poland_Swietokrzyskie Voivodeship":"시비엥토크시스키에 주",
"Poland_Warmian-Masurian Voivodeship":"바르미아마주리 주",
"Poland_West Pomeranian Voivodeship":"서포모제 주",
"Portugal":"포르투갈",
"Portugal_North":"포르투갈 — 북",
"Portugal_South":"포르투갈 — 남",
"Qatar":"카타르",
"Republic of Kosovo":"코소보 공화국",
"Romania":"루마니아",
"Romania_Centre":"중부",
"Romania_North_East":"북-이스트",
"Romania_North_West":"북-베스트",
"Romania_South":"남",
"Romania_South_East":"남-이스트",
"Romania_South_West":"남-베스트",
"Romania_West":"베스트",
"Russia_Altai Krai":"알타이 지방",
"Russia_Altai Republic":"알타이 공화국",
"Russia_Amur Oblast":"아무르 주",
"Russia_Arkhangelsk Oblast_Central":"아르한겔스크 주 — 중앙",
"Russia_Arkhangelsk Oblast_North":"아르한겔스크 주 — 북",
"Russia_Astrakhan Oblast":"아스트라한 주",
"Russia_Bashkortostan":"바시키르 공화국",
"Russia_Belgorod Oblast":"벨고로드 주",
"Russia_Bryansk Oblast":"브랸스크 주",
"Russia_Buryatia":"부랴트 공화국",
"Russia_Chechen Republic":"체첸 공화국",
"Russia_Chelyabinsk Oblast":"첼랴빈스크 주",
"Russia_Chukotka Autonomous Okrug":"축치 자치구",
"Russia_Chuvashia":"추바시 공화국",
"Russia_Ingushetia":"인구시 공화국",
"Russia_Irkutsk Oblast":"이르쿠츠크 주",
"Russia_Ivanovo Oblast":"이바노보 주",
"Russia_Jewish Autonomous Oblast":"유대인 자치주",
"Russia_Kabardino-Balkaria":"카바르디노발카르 공화국",
"Russia_Kaliningrad Oblast":"칼리닌그라드 주",
"Russia_Kaluga Oblast":"칼루가 주",
"Russia_Kamchatka Krai":"캄차카 지방",
"Russia_Karachay-Cherkessia":"카라차예보체르케스카야 공화국",
"Russia_Kemerov Oblast":"케메로보 주",
"Russia_Khabarovsk Krai":"하바롭스크 지방",
"Russia_Khakassia":"하카스 공화국",
"Russia_Kirov Oblast":"키로프 주",
"Russia_Komi Republic":"코미 공화국",
"Russia_Kostroma Oblast":"코스트로마 주",
"Russia_Krasnodar Krai":"크라스노다르 지방 — 북",
"Russia_Krasnodar Krai_Adygeya":"크라스노다르 지방, 아디게야 공화국",
"Russia_Krasnoyarsk Krai":"크라스노야르스크 지방",
"Russia_Kurgan Oblast":"쿠르간 주",
"Russia_Kursk Oblast":"쿠르스크 주",
"Russia_Leningradskaya Oblast_Karelsky":"레닌그라드 주 — 북",
"Russia_Leningradskaya Oblast_Southeast":"레닌그라드 주 — 남",
"Russia_Lipetsk Oblast":"리페츠크 주",
"Russia_Magadan Oblast":"마가단 주",
"Russia_Mari El":"마리옐 공화국",
"Russia_Moscow":"모스크바",
"Russia_Moscow Oblast":"모스크바 주",
"Russia_Murmansk Oblast":"무르만스크 주",
"Russia_Nenets Autonomous Okrug":"네네츠 자치구",
"Russia_Nizhny Novgorod Oblast":"니즈니노브고로드 주",
"Russia_North Ossetia-Alania":"세베로오세티야 공화국",
"Russia_Novgorod Oblast":"노브고로드 주",
"Russia_Novosibirsk Oblast":"노보시비르스크 주",
"Russia_Omsk Oblast":"옴스크 주",
"Russia_Orenburg Oblast":"오렌부르크 주",
"Russia_Oryol Oblast":"오룔 주",
"Russia_Penza Oblast":"펜자 주",
"Russia_Perm Krai":"페름 지방",
"Russia_Primorsky Krai":"프리모르스키 지방",
"Russia_Pskov Oblast":"프스코프 주",
"Russia_Republic of Dagestan":"다게스탄 공화국",
"Russia_Republic of Kalmykia":"칼미크 공화국",
"Russia_Republic of Karelia":"카렐리야 공화국",
"Russia_Republic of Mordovia":"모르도바 공화국",
"Russia_Rostov Oblast":"로스토프 주",
"Russia_Ryazan Oblast":"랴잔 주",
"Russia_Saint Petersburg":"상트페테르부르크",
"Russia_Sakha Republic":"사하 공화국",
"Russia_Sakhalin Oblast":"사할린 주",
"Russia_Samara Oblast":"사마라 주",
"Russia_Saratov Oblast":"사라토프 주",
"Russia_Smolensk Oblast":"스몰렌스크 주",
"Russia_Stavropol Krai":"스타브로폴 지방",
"Russia_Sverdlovsk Oblast":"스베르들롭스크 주",
"Russia_Tambov Oblast":"탐보프 주",
"Russia_Tatarstan":"타타르 공화국",
"Russia_Tomsk Oblast":"톰스크 주",
"Russia_Tula Oblast":"툴라 주",
"Russia_Tuva":"투바 공화국",
"Russia_Tver Oblast":"트베리 주",
"Russia_Tyumen Oblast":"튜멘 주",
"Russia_Udmurt Republic":"우드무르트 공화국",
"Russia_Ulyanovsk Oblast":"울리야놉스크 주",
"Russia_Vladimir Oblast":"블라디미르 주",
"Russia_Volgograd Oblast":"볼고그라드 주",
"Russia_Vologda Oblast":"볼로그다 주",
"Russia_Voronezh Oblast":"보로네시 주",
"Russia_Yamalo-Nenets Autonomous Okrug":"야말로네네츠 자치구",
"Russia_Yaroslavl Oblast":"야로슬라블 주",
"Russia_Yugra":"한티만시 자치구",
"Russia_Zabaykalsky Krai":"자바이칼스키 지방",
"Russian Federation":"러시아",
"Rwanda":"르완다",
"Sahrawi Arab Democratic Republic":"살라위 아랍 민주 공화국",
"Saint Barthelemy":"생바르텔레미",
"Saint Helena Ascension and Tristan da Cunha":"세인트헬레나 어센션 트리스탄다쿠냐",
"Saint Kitts and Nevis":"세인트키츠 네비스",
"Saint Lucia":"세인트루시아",
"Saint Martin":"생마르탱",
"Saint Vincent and the Grenadines":"세인트빈센트 그레나딘",
"Samoa":"사모아",
"San Marino":"산마리노",
"Sao Tome and Principe":"상투메 프린시페",
"Saudi Arabia":"사우디아라비아",
"Senegal":"세네갈",
"Serbia":"세르비아",
"Seychelles":"세이셸",
"Sierra Leone":"시에라리온",
"Singapore":"싱가포르",
"Slovakia":"슬로바키아",
"Slovakia_Region of Banska Bystrica":"반스카비스트리차 주",
"Slovakia_Region of Bratislava":"브라티슬라바 주",
"Slovakia_Region of Kosice":"코시체 주",
"Slovakia_Region of Nitra":"니트라 주",
"Slovakia_Region of Presov":"프레쇼프 주",
"Slovakia_Region of Trencin":"트렌친 주",
"Slovakia_Region of Trnava":"트르나바 주",
"Slovakia_Region of Zilina":"질리나 주",
"Slovenia":"슬로베니아",
"Solomon Islands":"솔로몬 제도",
"Somalia":"소말리아",
"South Africa":"남아프리카 공화국",
"South Africa_Eastern Cape":"이스턴케이프 주",
"South Africa_Free State":"프리스테이트 주",
"South Africa_Gauteng":"하우텡 주",
"South Africa_KwaZulu-Natal":"콰줄루나탈 주",
"South Africa_Limpopo":"림포포 주",
"South Africa_Mpumalanga":"음푸말랑가 주",
"South Africa_North West":"노스웨스트 주",
"South Africa_Northern Cape":"노던케이프 주",
"South Africa_Western Cape":"웨스턴케이프 주",
"South Carolina":"사우스캐롤라이나 주",
"South Georgia and the South Sandwich Islands":"사우스조지아 사우스샌드위치 제도",
"South Korea":"대한민국",
"South Korea_North":"대한민국 — 북",
"South Korea_South":"대한민국 — 남",
"South Ossetia":"남오세티야",
"South Sudan":"남수단",
"Spain":"스페인",
"Spain_Andalusia":"안달루시아 지방",
"Spain_Aragon":"아라곤 지방",
"Spain_Balearic Islands":"발레아레스 제도",
"Spain_Basque Country":"바스크 지방",
"Spain_Canary Islands":"카나리아 제도",
"Spain_Cantabria":"칸타브리아 지방",
"Spain_Castile and Leon":"카스티야이레온 지방",
"Spain_Castile-La Mancha":"카스티야라만차 지방",
"Spain_Catalonia_Provincia de Barcelona":"바르셀로나 주",
"Spain_Catalonia_Provincia de Girona":"지로나 주",
"Spain_Catalonia_Provincia de Lleida":"예이다 주",
"Spain_Catalonia_Provincia de Tarragona":"타라고나 주",
"Spain_Ceuta":"세우타",
"Spain_Community of Madrid":"마드리드 지방",
"Spain_Comunidad Foral de Navarra":"나바라 지방",
"Spain_Extremadura":"에스트레마두라 지방",
"Spain_Galicia":"갈리시아 지방",
"Spain_La Rioja":"라리오하 지방",
"Spain_Melilla":"멜리야",
"Spain_Principado de Asturias":"아스투리아스 지방",
"Spain_Region de Murcia":"무르시아 지방",
"Spain_Valencian Community":"발렌시아 지방",
"Sri Lanka":"스리랑카",
"Sudan":"수단",
"Suriname":"수리남",
"Swaziland":"스와질란드",
"Sweden":"스웨덴",
"Sweden_Bergslagen":"버그슬라겐",
"Sweden_Malardalen":"말라델른",
"Sweden_Mellannorrland":"멜라롤랜드",
"Sweden_Norra Sverige":"노라 스베리에",
"Sweden_Ostra Gotaland":"오스트라 가타랜드",
"Sweden_Sodra Gotaland":"소드라 가타랜드",
"Sweden_Vastra Gotaland":"바스트라 가타랜드",
"Switzerland":"스위스",
"Switzerland_Central":"스위스 중부",
"Switzerland_Eastern":"스위스 동부",
"Switzerland_Espace Mittelland":"에스펙 미텔란트",
"Switzerland_Lake Geneva region":"제네바호 지역",
"Switzerland_Northwestern":"스위스 북서부",
"Switzerland_Ticino":"티치노 주",
"Switzerland_Zurich":"쮜리히 특별자치구",
"Syria":"시리아",
"Taiwan":"중화민국",
"Tajikistan":"타지키스탄",
"Tanzania":"탄자니아",
"Tennessee":"테네시 주",
"Texas":"텍사스 주",
"Thailand":"타이",
"Thailand_North":"타이 — 북",
"Thailand_South":"타이 — 남",
"The Bahamas":"바하마",
"The Gambia":"감비아",
"Togo":"토고",
"Tokelau":"토켈라우",
"Tonga":"통가",
"Trinidad and Tobago":"트리니다드 토바고",
"Tunisia":"튀니지",
"Turkey":"터키",
"Turkey_Aegean Region":"에게 해 지역",
"Turkey_Black Sea Region":"흑해 지역",
"Turkey_Eastern Anatolia Region":"동아나톨리아 지역",
"Turkey_Marmara Region":"마르마라 지역",
"Turkey_Mediterranean Region":"지중해 지역",
"Turkey_Southeastern Anatolia Region":"동남아나톨리아 지역",
"Turkmenistan":"투르크메니스탄",
"Turks and Caicos Islands":"터크스 케이커스 제도",
"Tuvalu":"투발루",
"UK_England_East Midlands":"이스트미들랜즈",
"UK_England_East of England_Essex":"이스트오브잉글랜드 — 에식스 주",
"UK_England_East of England_Norfolk":"이스트오브잉글랜드 — 노퍽 주",
"UK_England_Greater London":"그레이터런던",
"UK_England_North East England":"노스이스트잉글랜드",
"UK_England_North West England":"노스웨스트잉글랜드",
"UK_England_South East_Brighton":"사우스이스트잉글랜드 — 브라이턴",
"UK_England_South East_Oxford":"사우스이스트잉글랜드 — 옥스퍼드",
"UK_England_South West England_Bristol":"사우스웨스트잉글랜드 — 브리스틀",
"UK_England_South West England_Cornwall":"사우스웨스트잉글랜드 — 콘월 주",
"UK_England_West Midlands":"웨스트미들랜즈",
"UK_England_Yorkshire and the Humber":"요크셔험버",
"UK_Northern Ireland":"북아일랜드",
"UK_Scotland_North":"스코틀랜드 — 북",
"UK_Scotland_South":"스코틀랜드 — 남",
"UK_Wales":"웨일스",
"US_Alabama_Birmingham":"버밍햄",
"US_Alabama_Montgomery":"몽고메리",
"US_Alaska":"알래스카 주",
"US_Arizona_Flagstaff":"플래그스태프",
"US_Arizona_Phoenix":"피닉스",
"US_Arizona_Tucson":"투손",
"US_Arkansas":"아칸소 주",
"US_California_Bakersfield_Bakersfield":"베이커즈필드",
"US_California_Bakersfield_Lancaster":"랭케스터",
"US_California_Chico":"치코",
"US_California_LA":"로스앤젤레스",
"US_California_LA North":"로스앤젤레스 — 북",
"US_California_Redding":"레딩",
"US_California_Sacramento_Fresno":"프레즈노",
"US_California_Sacramento_Sacramento":"새크라멘토",
"US_California_Sacramento_Stockton":"스톡턴",
"US_California_San Diego":"샌디에이고",
"US_California_Santa_Clara_Palo Alto":"샌프란시스코",
"US_California_Santa_Clara_Santa Cruz":"샌타크루즈",
"US_Colorado_Aspen":"아스펜",
"US_Colorado_Denver":"덴버",
"US_Colorado_South":"콜로라도 주 — 남",
"US_Connecticut":"코네티컷 주",
"US_Delaware":"델라웨어 주",
"US_Florida_Jacksonville":"잭슨빌",
"US_Florida_Miami":"마이애미",
"US_Florida_Orlando":"올랜도",
"US_Florida_Tampa":"탬파",
"US_Georgia":"조지아 주",
"US_Georgia_Atlanta":"애틀랜타",
"US_Georgia_Macon":"메이컨",
"US_Georgia_North":"조지아 주 — 북",
"US_Georgia_South":"조지아 주 — 남",
"US_Guam":"괌",
"US_Hawaii":"하와이 주",
"US_Idaho":"아이다호 주",
"US_Illinois_Chickago":"시카고",
"US_Illinois_Elgin":"엘긴",
"US_Illinois_Rockford":"록퍼드",
"US_Illinois_South":"일리노이 주 — 남",
"US_Illinois_Springfield":"스프링필드",
"US_Indiana_North":"인디애나 주 — 북",
"US_Indiana_South":"인디애나 주 — 남",
"US_Iowa_Des Moines":"디모인",
"US_Iowa_Waterloo":"워털루",
"US_Iowa_West":"아이오와 주 — 서",
"US_Kansas_East":"캔자스 주 — 동",
"US_Kansas_West":"캔자스 주 — 서",
"US_Kentucky_East":"켄터키 주 — 동",
"US_Kentucky_West":"켄터키 주 — 서",
"US_Louisiana_Central":"루이지애나 주 — 서",
"US_Louisiana_New Orleans":"뉴올리언스",
"US_Maine":"메인 주",
"US_Maryland_Baltimore":"볼티모어",
"US_Maryland_and_DC":"서, 워싱턴 D.C.",
"US_Massachusetts_Boston":"보스턴",
"US_Massachusetts_Central":"우스터",
"US_Massachusetts_Plymouth":"플리머스",
"US_Massachusetts_Southeastern":"반스터블",
"US_Massachusetts_West":"스프링필드",
"US_Michigan_Detroit":"디트로이트",
"US_Michigan_North":"미시간 주 — 북",
"US_Michigan_South":"미시간 주 — 남",
"US_Minnesota_Minneapolis":"미니애폴리스",
"US_Minnesota_North":"미네소타 주 — 북",
"US_Minnesota_Rochester":"로체스터",
"US_Minnesota_Saint Cloud":"세인트클라우드",
"US_Mississippi":"미시시피 주",
"US_Missouri_East":"미주리 주 — 동",
"US_Missouri_West":"미주리 주 — 서",
"US_Montana":"몬태나 주",
"US_Nebraska":"네브래스카 주",
"US_Nevada":"네바다 주",
"US_New Hampshire":"뉴햄프셔 주",
"US_New Jersey_North":"뉴저지 주 — 북",
"US_New Jersey_South":"뉴저지 주 — 남",
"US_New Mexico":"뉴멕시코 주",
"US_New York_East":"뉴욕 주 — 동",
"US_New York_New York":"뉴욕 주 — 뉴욕",
"US_New York_North":"뉴욕 주 — 북",
"US_New York_West":"뉴욕 주 — 서",
"US_North Carolina_Asheville":"애슈빌",
"US_North Carolina_Charlotte":"샬럿",
"US_North Carolina_Greensboro":"그린즈버러",
"US_North Carolina_Raleigh":"롤리",
"US_North Carolina_Wilmington":"윌밍턴",
"US_North Carolina_Wilson":"윌슨",
"US_North Dakota_Bismarck":"비즈마크",
"US_North Dakota_East":"파고",
"US_North Dakota_Minot":"마이놋",
"US_Ohio_Cleveland":"클리블랜드",
"US_Ohio_Dayton":"데이턴",
"US_Oklahoma_East":"오클라호마 주 — 동",
"US_Oklahoma_West":"오클라호마 주 — 서",
"US_Oregon_Eugene":"유진",
"US_Oregon_Portland":"포틀랜드",
"US_Oregon_West":"오리건 주 — 서",
"US_Pennsylvania_Central":"알투나",
"US_Pennsylvania_Pittsburgh":"피츠버그",
"US_Pennsylvania_Reading":"레딩",
"US_Pennsylvania_Scranton":"스크랜턴",
"US_Puerto Rico":"푸에르토리코",
"US_Rhode Island":"로드아일랜드 주",
"US_South Carolina_Columbia":"컬럼비아",
"US_South Carolina_Florence":"플로렌스",
"US_South Dakota":"사우스다코타 주",
"US_Tennessee_East":"테네시 주 — 동",
"US_Tennessee_West":"테네시 주 — 서",
"US_Texas_Austin":"오스틴",
"US_Texas_Dallas":"댈러스",
"US_Texas_Houston":"휴스턴",
"US_Texas_Northwest":"애머릴로",
"US_Texas_San Antonio":"샌안토니오",
"US_Texas_Southwest":"러레이도",
"US_Texas_Tyler":"타일러",
"US_Texas_Wako":"웨이코",
"US_Texas_West":"오데사",
"US_United States Minor Outlying Islands":"미국령 군소 제도",
"US_Utah":"유타 주",
"US_Vermont":"버몬트 주",
"US_Virginia_Chesapeake":"체서피크",
"US_Virginia_Lynchburg":"린치버그",
"US_Virginia_Richmond":"리치먼드",
"US_Virginia_Roanoke":"로어노크",
"US_Washington_Coast":"터코마",
"US_Washington_Seattle":"시애틀",
"US_Washington_Yakima":"야키마",
"US_West Virginia":"웨스트버지니아 주",
"US_Wisconsin_Milwaukee":"밀워키",
"US_Wisconsin_North":"오클레어",
"US_Wyoming":"와이오밍 주",
"Uganda":"우간다",
"Ukraine":"우크라이나",
"Ukraine_Cherkasy Oblast":"체르카시 주",
"Ukraine_Chernihiv Oblast":"체르니히우 주",
"Ukraine_Chernivtsi Oblast":"체르니우치 주",
"Ukraine_Dnipropetrovsk Oblast":"드니프로페트로우시크 주",
"Ukraine_Donetsk Oblast":"도네츠크 주",
"Ukraine_Ivano-Frankivsk Oblast":"이바노프란키우시크 주",
"Ukraine_Kharkiv Oblast":"하르키우 주",
"Ukraine_Kherson Oblast":"헤르손 주",
"Ukraine_Khmelnytskyi Oblast":"흐멜니츠키 주",
"Ukraine_Kirovohrad Oblast":"키로보흐라드 주",
"Ukraine_Kyiv Oblast":"키예프 주",
"Ukraine_Luhansk Oblast":"루한시크 주",
"Ukraine_Lviv Oblast":"리비우 주",
"Ukraine_Mykolaiv Oblast":"미콜라이우 주",
"Ukraine_Odessa Oblast":"오데사 주",
"Ukraine_Poltava Oblast":"폴타바 주",
"Ukraine_Rivne Oblast":"리우네 주",
"Ukraine_Sumy Oblast":"수미 주",
"Ukraine_Ternopil Oblast":"테르노필 주",
"Ukraine_Vinnytsia Oblast":"빈니차 주",
"Ukraine_Volyn Oblast":"볼린 주",
"Ukraine_Zakarpattia Oblast":"자카르파탸 주",
"Ukraine_Zaporizhia Oblast":"자포리자 주",
"Ukraine_Zhytomyr Oblast":"지토미르 주",
"United Arab Emirates":"아랍에미리트",
"United Kingdom":"영국",
"United States Virgin Islands":"미국령 버진아일랜드",
"United States of America":"미국",
"Uruguay":"우루과이",
"Uzbekistan":"우즈베키스탄",
"Vanuatu":"바누아투",
"Venezuela":"베네수엘라",
"Vietnam":"베트남",
"Virginia":"버지니아 주",
"Wallis and Futuna":"왈리스 퓌튀나",
"Washington":"워싱턴 주",
"Willis Island":"윌리스 아이랜드",
"Wisconsin":"위스콘신 주",
"Yemen":"예멘",
"Zambia":"잠비아",
"Zimbabwe":"짐바브웨",
"Australia_Brisbane":"브리즈번",
"Australia_Sydney":"시드니",
"Austria_Styria_Graz":"슈타이어마르크 주 — 그라츠",
"Austria_Styria_Leoben":"슈타이어마르크 주 — 레오벤",
"Austria_Upper Austria_Linz":"오버외스터라이히 주 — 린츠",
"Austria_Upper Austria_Wels":"오버외스터라이히 주 — 벨스",
"Bolivia_North":"볼리비아 — 북",
"Bolivia_South":"볼리비아 — 남",
"Brazil_Goias_Brasilia":"고이아스 주 — 브라질리아",
"Brazil_Goias_North":"고이아스 주 — 북",
"Brazil_North Region_East":"노르치 지방 — 동",
"Brazil_North Region_West":"노르치 지방 — 서",
"Brazil_Northeast Region_East":"노르제스치 지방 — 동",
"Brazil_Northeast Region_West":"노르제스치 지방 — 서",
"Brazil_Parana_East":"파라나 주 — 동",
"Brazil_Parana_West":"파라나 주 — 서",
"Brazil_South Region_East":"술 지방 — 동",
"Brazil_South Region_West":"술 지방 — 서",
"Bulgaria_East":"불가리아 — 동",
"Bulgaria_West":"불가리아 — 서",
"Canada_Ontario_Northeastern_W":"와와",
"Chile_Central":"칠레 — 중앙",
"Congo-Kinshasa_Kivu":"키부",
"Congo-Kinshasa_West":"콩고 민주 공화국 — 서",
"Croatia_Central":"크로아티아 — 중앙",
"Croatia_West":"크로아티아 — 서",
"Ecuador_East":"에콰도르 — 동",
"Ecuador_West":"에콰도르 — 서",
"Finland_Eastern Finland_North":"동핀란드 주 — 북",
"Finland_Eastern Finland_South":"동핀란드 주 — 남",
"Finland_Western Finland_Jyvaskyla":"서핀란드 주 — 이위베스퀼레",
"Finland_Western Finland_Tampere":"서핀란드 주 — 탐페레",
"France_Free County_North":"프랑슈콩테 — 북",
"France_Free County_South":"프랑슈콩테 — 남",
"France_Pays de la Loire_Loire-Atlantique_Nantes":"루아르아틀랑티크 주 — 낭트",
"France_Pays de la Loire_Loire-Atlantique_Saint-Nazaire":"루아르아틀랑티크 주 — 생나제르",
"Germany_Free State of Bavaria_Upper Bavaria_South":"오버바이에른 현 — 남",
"India_Karnataka_North":"카르나타카 주 — 북",
"India_Karnataka_South":"카르나타카 주 — 남",
"Iran_East":"이란 — 동",
"Iraq_North":"이라크 — 북",
"Iraq_South":"이라크 — 남",
"Japan_Chubu Region_Aichi_Nagoya":"아이치 현 — 나고야 시",
"Japan_Chubu Region_Aichi_Toyohashi":"아이치 현 — 도요하시 시",
"Japan_Hokkaido Region_Sapporo":"삿포로 시",
"Japan_Kinki Region_Osaka_Osaka":"오사카 시",
"Japan_Kinki Region_Osaka_West":"오사카 부 — 서",
"Kazakhstan_North":"카자흐스탄 — 북",
"Kazakhstan_South":"카자흐스탄 — 남",
"Lithuania_East":"리투아니아 — 동",
"Lithuania_West":"리투아니아 — 서",
"Mexico_Chihuahua":"치와와 주",
"Mexico_Sonora":"소노라 주",
"Nepal_Kathmandu":"카트만두",
"Nepal_Madhyamanchal":"중부 개발 지구",
"Nepal_Purwanchal":"동부 개발 지구",
"Nigeria_North":"나이지리아 — 북",
"Nigeria_South":"나이지리아 — 남",
"Norway_Hordaland":"호르달란 주",
"Norway_Nordland":"노를란 주",
"Norway_North Trondelag":"노르트뢰넬라그 주",
"Norway_Rogaland":"로갈란 주",
"Norway_South Trondelag":"쇠르트뢰넬라그 주",
"Peru_Lima":"리마",
"Portugal_Islands":"포르투갈의 섬",
"Portugal_Viseu":"비제우",
"Russia_Krasnoyarsk Krai_North":"크라스노야르스크 지방 — 북",
"Russia_Krasnoyarsk Krai_South":"크라스노야르스크 지방 — 남",
"Russia_Moscow Oblast_East":"모스크바 주 — 동",
"Russia_Moscow Oblast_West":"모스크바 주 — 서",
"Russia_Perm Krai_North":"페름 지방 — 북",
"Russia_Perm Krai_South":"페름 지방 — 남",
"Russia_Republic of Karelia_North":"카렐리야 공화국 — 북",
"Russia_Republic of Karelia_South":"카렐리야 공화국 — 남",
"Russia_Sverdlovsk Oblast_North":"스베르들롭스크 주 — 북",
"Russia_Sverdlovsk Oblast_Ekaterinburg":"스베르들롭스크 주 — 예카테린부르크",
"Russia_Yugra_Khanty":"한티만시 자치구 — 한티만시스크",
"Russia_Yugra_Surgut":"한티만시 자치구 — 수르구트",
"Saudi Arabia_North":"사우디아라비아 — 북",
"Saudi Arabia_South":"사우디아라비아 — 남",
"Slovenia_East":"슬로베니아 — 동",
"Slovenia_West":"슬로베니아 — 서",
"Spain_Andalusia_Granada":"안달루시아 지방 — 그라나다",
"Spain_Andalusia_Sevilla":"안달루시아 지방 — 세비야",
"Spain_Castile and Leon_East":"카스티야이레온 지방 — 동",
"Spain_Castile and Leon_West":"카스티야이레온 지방 — 서",
"Spain_Galicia_North":"갈리시아 지방 — 북",
"Spain_Galicia_South":"갈리시아 지방 — 남",
"Sudan_East":"수단 — 동",
"Sudan_West":"수단 — 서",
"Sweden_Stockholm":"스톡홀름",
"Switzerland_Espace Mittelland_Bern":"이스페이스 미틀랜드 - 베른",
"Switzerland_Espace Mittelland_East":"이스페이스 미틀랜드 - 이스트",
"Taiwan_North":"중화민국 — 북",
"Taiwan_South":"중화민국 — 남",
"Thailand_Central":"타이 — 중앙",
"Turkey_Central Anatolia Region_Ankara":"중앙아나톨리아 지역 — 앙카라",
"Turkey_Central Anatolia Region_Kayseri":"중앙아나톨리아 지역 — 카이세리",
"Turkey_Marmara Region_Bursa":"마르마라 지역 — 부르사",
"Turkey_Marmara Region_Istanbul":"마르마라 지역 — 이스탄불",
"US_Arkansas_North":"아칸소 주 — 북",
"US_Arkansas_South":"아칸소 주 — 남",
"US_Florida_Gainesvile":"게인즈빌",
"US_Idaho_North":"아이다호 주 — 북",
"US_Idaho_South":"아이다호 주 — 남",
"US_Indiana_Evansville":"에번즈빌",
"US_Indiana_Indianapolis":"인디애나폴리스",
"US_Kansas_Wichita":"위치토",
"US_Kentucky_Louisville":"루이빌",
"US_Michigan_Grand Rapids":"그랜드래피즈",
"US_Michigan_Lansing":"랜싱",
"US_Mississippi_Gulfport":"걸프포트",
"US_Mississippi_North":"미시시피 주 — 북",
"US_Missouri_Kansas":"캔자스시티",
"US_Missouri_Springfield":"스프링필드",
"US_Missouri_St Louis":"세인트루이스",
"US_Montana_East":"몬태나 주 — 동",
"US_Montana_West":"몬태나 주 — 서",
"US_Nebraska_East":"네브래스카 주 — 동",
"US_Nebraska_West":"네브래스카 주 — 서",
"US_New Mexico_Albuquerque":"앨버커키",
"US_New Mexico_Roswell":"로스웰",
"US_Ohio_Cincinnati":"신시내티",
"US_Ohio_Columbus":"콜럼버스",
"US_Ohio_Toledo":"털리도",
"US_Oklahoma_Oklahoma":"오클라호마시티",
"US_Oklahoma_Tulsa":"털사",
"US_South Carolina_Charleston":"찰스턴",
"US_Texas_Amarillo":"애머릴로",
"US_Texas_Lubbock":"러벅",
"US_Utah_North":"유타 주 — 북",
"US_Utah_South":"유타 주 — 남",
"US_Virginia_Alexandria":"알렉산드리아",
"US_Wisconsin_Eau Claire":"오클레어",
"US_Wisconsin_Madison":"매디슨",
"Venezuela_North":"베네수엘라 — 북",
"Venezuela_South":"베네수엘라 — 남",
"Argentina_Buenos Aires_Buenos Aires":"부에노스아이레스",
"Canada_Quebek_Lachute":"라슈트",
"Canada_Saskatchewan_Regina":"리자이나",
"Canada_Saskatchewan_Saskatoon":"새스커툰",
"Germany_Lower Saxony_Braunschweig":"브라운슈바이크",
"Germany_Saxony-Anhalt_Halle":"작센안할트 주 — 할레",
"Germany_Saxony-Anhalt_Magdeburg":"작센안할트 주 — 마그데부르크",
"Germany_Schleswig-Holstein_Flensburg":"슐레스비히홀슈타인 주 — 플렌스부르크",
"Germany_Schleswig-Holstein_Kiel":"슐레스비히홀슈타인 주 — 킬",
"Portugal_Porto":"포르투",
"UK_England_North West England_Lancaster":"노스웨스트잉글랜드 — 랭커스터",
"UK_England_North West England_Manchester":"노스웨스트잉글랜드 — 맨체스터",
"US_Florida_Gainesville":"게인즈빌",
"US_Texas_Victoria":"빅토리아",
"US_Virginia_Norfolk":"노퍽"
}
