{
"Abkhazia":"Abhasia",
"Afghanistan":"Afganistan",
"Alabama":"Alabama",
"Albania":"Albania",
"Algeria":"Algeria",
"Algeria_Central":"Algeria — Keskiosa",
"Algeria_Coast":"Algeria — Pohjoinen",
"Andorra":"Andorra",
"Angola":"Angola",
"Anguilla":"Anguilla",
"Antarctica":"Etelämanner",
"Antigua and Barbuda":"Antigua ja Barbuda",
"Argentina":"Argentiina",
"Argentina_Buenos Aires_North":"Buenos Airesin maakunta — Pohjoinen",
"Argentina_Buenos Aires_South":"Buenos Airesin maakunta — Etelä",
"Argentina_Cuyo":"Cuyo",
"Argentina_Mesopotamia":"Mesopotamia",
"Argentina_Northwest":"Luoteis-Argentiina",
"Argentina_Pampas":"Pampa",
"Argentina_Patagonia":"Patagonia",
"Arizona":"Arizona",
"Armenia":"Armenia",
"Australia":"Australia",
"Australia_Melbourne":"Melbourne",
"Australia_New South Wales":"Uusi Etelä-Wales",
"Australia_Northern Territory":"Pohjoisterritorio",
"Australia_Queensland":"Queensland",
"Australia_South Australia":"Etelä-Australia",
"Australia_Tasmania":"Tasmania",
"Australia_Victoria":"Victoria",
"Australia_Western Australia":"Länsi-Australia",
"Austria":"Itävalta",
"Austria_Burgenland":"Burgenland",
"Austria_Carinthia":"Kärnten",
"Austria_Lower Austria_West":"Ala-Itävalta — Länsi",
"Austria_Lower Austria_Wien":"Wien",
"Austria_Salzburg":"Salzburg",
"Austria_Styria":"Steiermark",
"Austria_Tyrol":"Tiroli",
"Austria_Upper Austria":"Ylä-Itävalta",
"Austria_Vorarlberg":"Vorarlberg",
"Azerbaijan":"Azerbaidžan",
"Azerbaijan Region":"Azerbaidžan",
"Bahrain":"Bahrain",
"Bangladesh":"Bangladesh",
"Barbados":"Barbados",
"Belarus":"Valko-Venäjä",
"Belarus_Brest Region":"Brestin alue",
"Belarus_Homiel Region":"Homelin alue",
"Belarus_Hrodna Region":"Hrodnan alue",
"Belarus_Maglieu Region":"Mahiljoun alue",
"Belarus_Minsk Region":"Minskin alue",
"Belarus_Vitebsk Region":"Vitsebskin alue",
"Belgium":"Belgia",
"Belgium_Antwerp":"Antwerpenin lääni",
"Belgium_East Flanders":"Itä-Flanderi",
"Belgium_Flemish Brabant":"Flanderin Brabant",
"Belgium_Hainaut":"Hainaut'n lääni",
"Belgium_Liege":"Liègen pronssi",
"Belgium_Limburg":"Limburgin lääni",
"Belgium_Luxembourg":"Luxembourgin lääni",
"Belgium_Namur":"Namurin lääni",
"Belgium_Walloon Brabant":"Vallonian Brabant",
"Belgium_West Flanders":"Länsi-Flanderi",
"Belize":"Belize",
"Benin":"Benin",
"Bermuda":"Bermuda",
"Bhutan":"Bhutan",
"Bolivia":"Bolivia",
"Bosnia and Herzegovina":"Bosnia ja Hertsegovina",
"Bosnia and Herzegovina_Brcko district of Bosnia and Herzegowina":"Brčkon alue",
"Bosnia and Herzegovina_Entity Federation of Bosnia and Herzegovina":"Bosnia ja Hertsegovinan federaatio",
"Bosnia and Herzegovina_Republic of Srpska":"Serbitasavalta",
"Botswana":"Botswana",
"Brazil":"Brasilia",
"Brazil_Bahia":"Bahia",
"Brazil_Goias":"Goiás",
"Brazil_Mato Grosso":"Mato Grosso",
"Brazil_Mato Grosso Do Sul":"Mato Grosso do Sul",
"Brazil_North Region":"Pohjoinen alue",
"Brazil_Northeast Region":"Koillinen alue",
"Brazil_Paraiba":"Paraíba",
"Brazil_Parana":"Paraná",
"Brazil_Rio Grande do Norte":"Rio Grande do Norte",
"Brazil_Santa Catarina":"Santa Catarina",
"Brazil_South Region":"Eteläinen alue",
"Brazil_Southeast Region_Espirito Santo":"Espírito Santo",
"Brazil_Southeast Region_Minas Gerais_Contagem":"Minas Gerais — Contagem",
"Brazil_Southeast Region_Minas Gerais_North":"Minas Gerais — Pohjoinen",
"Brazil_Southeast Region_Rio de Janeiro":"Rio de Janeiro",
"Brazil_Southeast Region_Sao Paulo_Campinas":"São Paulo — Campinas",
"Brazil_Southeast Region_Sao Paulo_City":"São Paulo — Santos",
"Brazil_Southeast Region_Sao Paulo_West":"São Paulo — Ribeirão Preto",
"British Indian Ocean Territory":"Brittiläinen Intian valtameren alue",
"British Virgin Islands":"Brittiläiset Neitsytsaaret",
"Brunei":"Brunei",
"Bulgaria":"Bulgaria",
"Burkina Faso":"Burkina Faso",
"Burundi":"Burundi",
"California":"Kalifornia",
"Cambodia":"Kambodža",
"Cameroon":"Kamerun",
"Cameroon_Central":"Kamerun — Keskiosa",
"Cameroon_West":"Kamerun — Länsi",
"Campo de Hielo Sur":"Eteläinen Patagonian jäätikkö",
"Canada":"Kanada",
"Canada_Alberta":"Alberta",
"Canada_Alberta_Edmonton":"Edmonton",
"Canada_Alberta_North":"Alberta — Pohjoinen",
"Canada_Alberta_South":"Alberta — Etelä",
"Canada_British Columbia":"Brittiläinen Kolumbia",
"Canada_British Columbia_Central":"Brittiläinen Kolumbia — Keskiosa",
"Canada_British Columbia_Far_North":"Brittiläinen Kolumbia — Itä",
"Canada_British Columbia_Islands":"Vancouverinsaari",
"Canada_British Columbia_North":"Brittiläinen Kolumbia — Länsi",
"Canada_British Columbia_Northeast":"Brittiläinen Kolumbia — Pohjoinen",
"Canada_British Columbia_Southeast":"Kelowna",
"Canada_British Columbia_Vancouver":"Vancouver",
"Canada_Labrador":"Labrador",
"Canada_Labrador_North":"Labrador — Pohjoinen",
"Canada_Labrador_South":"Labrador — Etelä",
"Canada_Labrador_West":"Labrador — Länsi",
"Canada_Manitoba":"Manitoba",
"Canada_Manitoba_Northeast":"Manitoba — Pohjoinen",
"Canada_Manitoba_Northwest":"Manitoba — Länsi",
"Canada_Manitoba_South":"Brandon",
"Canada_Manitoba_Winnipeg":"Winnipeg",
"Canada_New Brunswick":"New Brunswick",
"Canada_Newfoundland":"Newfoundland",
"Canada_Newfoundland_East":"Newfoundland — Itä",
"Canada_Newfoundland_North":"Newfoundland — Pohjoinen",
"Canada_Newfoundland_South":"Newfoundland — Etelä",
"Canada_Newfoundland_West":"Newfoundland — Länsi",
"Canada_Northwest Territories":"Luoteisterritoriot",
"Canada_Northwest Territories_East":"Luoteisterritoriot — Itä",
"Canada_Northwest Territories_North":"Luoteisterritoriot — Pohjoinen",
"Canada_Northwest Territories_Yellowknife":"Yellowknife",
"Canada_Nova Scotia":"Nova Scotia",
"Canada_Nova Scotia_Halifax":"Halifax",
"Canada_Nova Scotia_Sydney":"Sydney",
"Canada_Nunavut":"Nunavut",
"Canada_Nunavut_North":"Nunavut — Pohjoinen",
"Canada_Nunavut_South":"Nunavut — Etelä",
"Canada_Ontario":"Ontario",
"Canada_Ontario_Bame":"Barrie",
"Canada_Ontario_Kingston":"Kingston",
"Canada_Ontario_London":"London",
"Canada_Ontario_Northeastern_Central":"Timmins",
"Canada_Ontario_Northeastern_North":"Moose Factory",
"Canada_Ontario_Northeastern_S":"Greater Sudbury",
"Canada_Ontario_Northeastern_SE":"North Bay",
"Canada_Ontario_Northeastern_SW":"Sault Ste. Marie",
"Canada_Ontario_Northeastern_Wawa":"Wawa",
"Canada_Ontario_Northern":"Thunder Bay",
"Canada_Ontario_Northwestern":"Ontario — Pohjoinen",
"Canada_Ontario_Toronto":"Toronto",
"Canada_Prince Edward Island":"Prinssi Edwardin saari",
"Canada_Quebec":"Quebec",
"Canada_Quebec_Quebec":"Quebec",
"Canada_Quebek_Far North":"Quebec — Pohjoinen",
"Canada_Quebek_Montreal":"Montreal",
"Canada_Quebek_North":"Sept-Îles",
"Canada_Quebek_Southeast_Rimouski":"Rimouski",
"Canada_Quebek_Southeast_Saguenay":"Saguenay",
"Canada_Quebek_West_Chibougamau":"Chibougamau",
"Canada_Quebek_West_Rouyn-Noranda":"Rouyn-Noranda",
"Canada_Saskatchewan":"Saskatchewan",
"Canada_Saskatchewan_North":"Saskatchewan — Pohjoinen",
"Canada_Saskatchewan_South":"Saskatchewan — Etelä",
"Canada_Yukon":"Yukon",
"Canada_Yukon_North":"Yukon — Pohjoinen",
"Canada_Yukon_Whitehorse":"Whitehorse",
"Cape Verde":"Kap Verde",
"Caribees":"Pienet Antillit",
"Caribisch Nederland":"Karibian Alankomaat",
"Cayman Islands":"Caymansaaret",
"Central African Republic":"Keski-Afrikan tasavalta",
"Central Anatolia Region":"Keski-Anatolian alue",
"Chad":"Tšad",
"Chile":"Chile",
"Chile_North":"Chile — Pohjoinen",
"Chile_South":"Chile — Etelä",
"China_Anhui":"Anhui",
"China_Chongqing":"Chongqing",
"China_Fujian":"Fujian",
"China_Gansu":"Gansu",
"China_Guangdong":"Guangdong",
"China_Guangxi":"Guangxi",
"China_Guizhou":"Guizhou",
"China_Hebei":"Hebei",
"China_Heilongjiang":"Heilongjiang",
"China_Henan":"He'nan",
"China_Hubei":"Hubei",
"China_Hunan":"Hunan",
"China_Inner Mongolia":"Sisä-Mongolia",
"China_Jiangsu":"Jiangsu",
"China_Jiangxi":"Jiangxi",
"China_Jilin":"Jilin",
"China_Liaoning":"Liaoning",
"China_Ningxia Hui":"Ningxia",
"China_Qinghai":"Qinghai",
"China_Shaanxi":"Shaanxi",
"China_Shandong":"Shandong",
"China_Shanghai":"Shanghai",
"China_Shanxi":"Shanxi",
"China_Sichuan":"Sichuan",
"China_Tibet Autonomous Region":"Tiibetin autonominen alue",
"China_Xinjiang":"Xinjiang",
"China_Yunnan":"Yunnan",
"China_Zhejiang":"Zhejiang",
"Colombia":"Kolumbia",
"Colombia_East":"Kolumbia — Itä",
"Colombia_North":"Kolumbia — Pohjoinen",
"Colombia_West":"Kolumbia — Länsi",
"Colorado":"Colorado",
"Comoros":"Komorit",
"Congo-Brazzaville":"Kongon tasavalta",
"Congo-Kinshasa":"Kongon demokraattinen tasavalta",
"Cook Islands":"Cookinsaaret",
"Costa Rica":"Costa Rica",
"Cote dIvoire":"Norsunluurannikko",
"Crimea":"Krim",
"Croatia":"Kroatia",
"Cuba":"Kuuba",
"Cyprus":"Kypros",
"Czech Republic":"Tšekki",
"Czech_Jihovychod_Jihomoravsky kraj":"Etelä-Määrin lääni",
"Czech_Jihovychod_Kraj Vysocina":"Vysočinan alue",
"Czech_Jihozapad_Jihocesky kraj":"Etelä-Böömin lääni",
"Czech_Jihozapad_Plzensky kraj":"Plzeňin lääni",
"Czech_Karlovasky kraj":"Karlovy Varyn lääni",
"Czech_Moravskoslezsko":"Määrin-Sleesian lääni",
"Czech_Olomoucky kraj":"Olomoucin lääni",
"Czech_Praha":"Praha",
"Czech_Severovychod_Kralovehradecky kraj":"Hradec Královén lääni",
"Czech_Severovychod_Liberecky kraj":"Liberecin lääni",
"Czech_Severovychod_Pardubicky kraj":"Pardubicen lääni",
"Czech_Stredni Cechy_East":"Keski-Böömin lääni — Itä",
"Czech_Stredni Cechy_West":"Keski-Böömin lääni — Länsi",
"Czech_Ustecky kraj":"Ústín lääni",
"Czech_Zlinsky Kraj":"Zlínin lääni",
"Denmark":"Tanska",
"Denmark_Capital Region of Denmark":"Pääkaupunkialue",
"Denmark_Central Denmark Region":"Keski-Jyllanti",
"Denmark_North Denmark Region":"Pohjois-Jyllanti",
"Denmark_Region Zealand":"Sjælland",
"Denmark_Region of Southern Denmark":"Etelä-Tanska",
"Djibouti":"Djibouti",
"Dominica":"Dominica",
"Dominican Republic":"Dominikaaninen tasavalta",
"East Timor":"Itä-Timor",
"Ecuador":"Ecuador",
"Egypt":"Egypti",
"El Salvador":"El Salvador",
"Equatorial Guinea":"Päiväntasaajan Guinea",
"Eritrea":"Eritrea",
"Estonia":"Viro",
"Estonia_East":"Viro — Itä",
"Estonia_West":"Viro — Länsi",
"Ethiopia":"Etiopia",
"Falkland Islands":"Falklandinsaaret",
"Faroe Islands":"Färsaaret",
"Federated States of Micronesia":"Mikronesia",
"Fiji":"Fidži",
"Finland":"Suomi",
"Finland_Eastern Finland":"Itä-Suomen lääni",
"Finland_Northern Finland":"Pohjois-Suomi",
"Finland_Southern Finland_Helsinki":"Etelä-Suomen lääni — Helsinki",
"Finland_Southern Finland_Lappeenranta":"Etelä-Suomen lääni — Lappeenranta",
"Finland_Southern Finland_West":"Varsinais-Suomi",
"Finland_Western Finland":"Länsi-Suomen lääni",
"Florida":"Florida",
"France":"Ranska",
"France_Alsace":"Alsace",
"France_Alsace_Bas-Rhin":"Bas-Rhin",
"France_Alsace_Haut-Rhin":"Haut-Rhin",
"France_Aquitaine":"Akvitania",
"France_Aquitaine_Dordogne":"Dordogne",
"France_Aquitaine_Gironde":"Gironde",
"France_Aquitaine_Landes":"Landes",
"France_Aquitaine_Lot-et-Garonne":"Lot-et-Garonne",
"France_Aquitaine_Pyrenees-Atlantiques":"Pyrénées-Atlantiques",
"France_Auvergne":"Auvergne",
"France_Auvergne_Allier":"Allier",
"France_Auvergne_Cantal":"Cantal",
"France_Auvergne_Haute-Loire":"Haute-Loire",
"France_Auvergne_Puy-de-Dome":"Puy-de-Dôme",
"France_Brittany":"Brittany",
"France_Brittany_Cotes-dArmor":"Côtes-d'Armor",
"France_Brittany_Finistere":"Finistère",
"France_Brittany_Ille-et-Vilaine":"Ille-et-Vilaine",
"France_Brittany_Morbihan":"Morbihan",
"France_Burgundy":"Burgundi",
"France_Burgundy_Cote-dOr":"Côte-d'Or",
"France_Burgundy_Nievre":"Nièvre",
"France_Burgundy_Saone-et-Loire":"Saône-et-Loire",
"France_Burgundy_Yonne":"Yonne",
"France_Centre-Val de Loire":"Centre",
"France_Centre-Val de Loire_Cher":"Cher",
"France_Centre-Val de Loire_Eure-et-Loir":"Eure-et-Loir",
"France_Centre-Val de Loire_Indre":"Indre",
"France_Centre-Val de Loire_Indre-et-Loire":"Indre-et-Loire",
"France_Centre-Val de Loire_Loir-et-Cher":"Loir-et-Cher",
"France_Centre-Val de Loire_Loiret":"Loiret",
"France_Champagne-Ardenne":"Champagne-Ardenne",
"France_Corsica":"Korsika",
"France_Free County":"Franche-Comté",
"France_French Guiana":"Ranskan Guayana",
"France_Ile-de-France":"Île-de-France",
"France_Ile-de-France_Essonne":"Essonne",
"France_Ile-de-France_Hauts-de-Seine":"Hauts-de-Seine",
"France_Ile-de-France_Paris":"Pariisi",
"France_Ile-de-France_Seine-Saint-Denis":"Seine-Saint-Denis",
"France_Ile-de-France_Seine-et-Marne":"Seine-et-Marne",
"France_Ile-de-France_Val-dOise":"Val-d'Oise",
"France_Ile-de-France_Val-de-Marne":"Val-de-Marne",
"France_Ile-de-France_Yvelines":"Yvelines",
"France_Languedoc-Roussillon":"Languedoc-Roussillon",
"France_Languedoc-Roussillon_Aude":"Aude",
"France_Languedoc-Roussillon_Gard":"Gard",
"France_Languedoc-Roussillon_Herault":"Hérault",
"France_Languedoc-Roussillon_Lozere":"Lozère",
"France_Languedoc-Roussillon_Pyrenees-Orientales":"Pyrénées-Orientales",
"France_Limousin":"Limousin",
"France_Lorraine":"Lothringen",
"France_Lorraine_Meurthe-et-Moselle":"Meurthe-et-Moselle",
"France_Lorraine_Meuse":"Meuse",
"France_Lorraine_Moselle":"Moselle",
"France_Lorraine_Vosges":"Vosges",
"France_Lower Normandy":"Basse-Normandie",
"France_Lower Normandy_Calvados":"Calvados",
"France_Lower Normandy_Manche":"Manche",
"France_Lower Normandy_Orne":"Orne",
"France_Midi-Pyrenees":"Midi-Pyrénées",
"France_Midi-Pyrenees_Ariege":"Ariège",
"France_Midi-Pyrenees_Aveyron":"Aveyron",
"France_Midi-Pyrenees_Gers":"Gers",
"France_Midi-Pyrenees_Haute-Garonne":"Haute-Garonne",
"France_Midi-Pyrenees_Hautes-Pyrenees":"Hautes-Pyrénées",
"France_Midi-Pyrenees_Lot":"Lot",
"France_Midi-Pyrenees_Tarn":"Tarn",
"France_Midi-Pyrenees_Tarn-et-Garonne":"Tarn-et-Garonne",
"France_New Caledonia":"Uusi-Kaledonia",
"France_Nord-Pas-de-Calais":"Nord-Pas-de-Calais",
"France_Nord-Pas-de-Calais_Lille":"Lille",
"France_Nord-Pas-de-Calais_Nord":"Nord",
"France_Nord-Pas-de-Calais_Pas-de-Calais":"Pas-de-Calais",
"France_Pays de la Loire":"Pays de la Loire",
"France_Pays de la Loire_Loire-Atlantique":"Loire-Atlantique",
"France_Pays de la Loire_Maine-et-Loire":"Maine-et-Loire",
"France_Pays de la Loire_Mayenne":"Mayenne",
"France_Pays de la Loire_Sarthe":"Sarthe",
"France_Pays de la Loire_Vendee":"Vendée",
"France_Picardy":"Picardie",
"France_Picardy_Aisne":"Aisne",
"France_Picardy_Oise":"Oise",
"France_Picardy_Somme":"Somme",
"France_Poitou-Charentes":"Poitou-Charentes",
"France_Poitou-Charentes_Charente":"Charente",
"France_Poitou-Charentes_Charente-Maritime":"Charente-Maritime",
"France_Poitou-Charentes_Deux-Sevres":"Deux-Sèvres",
"France_Poitou-Charentes_Vienne":"Vienne",
"France_Provence-Alpes-Cote dAzur":"Provence-Alpes-Côte d’Azur",
"France_Provence-Alpes-Cote dAzur_Alpes-de-Haute-Provence":"Alpes-de-Haute-Provence",
"France_Provence-Alpes-Cote dAzur_Bouches-du-Rhone":"Bouches-du-Rhône",
"France_Provence-Alpes-Cote dAzur_Hautes-Alpes":"Hautes-Alpes",
"France_Provence-Alpes-Cote dAzur_Maritime Alps":"Alpes-Maritimes",
"France_Provence-Alpes-Cote dAzur_Var":"Var",
"France_Provence-Alpes-Cote dAzur_Vaucluse":"Vaucluse",
"France_Rhone-Alpes":"Rhône-Alpes",
"France_Rhone-Alpes_Ain":"Ain",
"France_Rhone-Alpes_Ardeche":"Ardèche",
"France_Rhone-Alpes_Drome":"Drôme",
"France_Rhone-Alpes_Haute-Savoie":"Haute-Savoie",
"France_Rhone-Alpes_Isere":"Isère",
"France_Rhone-Alpes_Loire":"Loire",
"France_Rhone-Alpes_Rhone":"Rhône",
"France_Rhone-Alpes_Savoie":"Savoie",
"France_Southern Islands":"Ranskan eteläiset ja antarktiset alueet",
"France_Upper Normandy":"Haute-Normandie",
"French Polynesia":"Ranskan Polynesia",
"Gabon":"Gabon",
"Georgia":"Georgia",
"Germany":"Saksa",
"Germany_Baden-Wurttemberg":"Baden-Württemberg",
"Germany_Baden-Wurttemberg_Regierungsbezirk Freiburg":"Freiburg im Breisgau",
"Germany_Baden-Wurttemberg_Regierungsbezirk Karlsruhe":"Karlsruhen hallintopiiri",
"Germany_Baden-Wurttemberg_Regierungsbezirk Stuttgart_Heilbronn":"Stuttgartin hallintopiiri — Heilbronn",
"Germany_Baden-Wurttemberg_Regierungsbezirk Stuttgart_Stuttgart":"Stuttgartin hallintopiiri — Stuttgart",
"Germany_Baden-Wurttemberg_Regierungsbezirk Tubingen":"Tübingenin hallintopiiri",
"Germany_Berlin":"Berliini",
"Germany_Brandenburg_North":"Brandenburg — Pohjoinen",
"Germany_Brandenburg_South":"Brandenburg — Etelä",
"Germany_Free State of Bavaria":"Baijeri",
"Germany_Free State of Bavaria_Lower Bavaria":"Ala-Baijeri",
"Germany_Free State of Bavaria_Lower Franconia":"Unterfranken",
"Germany_Free State of Bavaria_Middle Franconia":"Mittelfranken",
"Germany_Free State of Bavaria_Swabia":"Schwabenin hallintopiiri",
"Germany_Free State of Bavaria_Upper Bavaria_East":"Ylä-Baijeri — Itä",
"Germany_Free State of Bavaria_Upper Bavaria_Ingolstadt":"Ylä-Baijeri — Ingolstadt",
"Germany_Free State of Bavaria_Upper Bavaria_Munchen":"Ylä-Baijeri — München",
"Germany_Free State of Bavaria_Upper Franconia":"Oberfranken",
"Germany_Free State of Bavaria_Upper Palatinate":"Oberpfalz",
"Germany_Hamburg_main":"Hampuri",
"Germany_Hesse":"Hessen",
"Germany_Hesse_Regierungsbezirk Darmstadt":"Darmstadtin hallintopiiri",
"Germany_Hesse_Regierungsbezirk Giessen":"Gießenin hallintopiiri",
"Germany_Hesse_Regierungsbezirk Kassel":"Kasselin hallintopiiri",
"Germany_Lower Saxony":"Ala-Saksi",
"Germany_Lower Saxony_Bremen_Bremen":"Bremen",
"Germany_Lower Saxony_Bremen_Munster":"Lüneburg",
"Germany_Lower Saxony_Hannover":"Hannover",
"Germany_Lower Saxony_Oldenburg":"Oldenburg",
"Germany_Mecklenburg-Vorpommern":"Mecklenburg-Etu-Pommeri",
"Germany_North Rhine-Westphalia":"Nordrhein-Westfalen",
"Germany_North Rhine-Westphalia_Regierungsbezirk Arnsberg_Arnsberg":"Arnsbergin — Arnsberg",
"Germany_North Rhine-Westphalia_Regierungsbezirk Arnsberg_Dortmund":"Arnsbergin — Dortmund",
"Germany_North Rhine-Westphalia_Regierungsbezirk Detmold":"Detmoldin",
"Germany_North Rhine-Westphalia_Regierungsbezirk Dusseldorf_Dusseldorf":"Düsseldorfin — Düsseldorf",
"Germany_North Rhine-Westphalia_Regierungsbezirk Dusseldorf_Mulheim":"Düsseldorfin — Mülheim an der Ruhr",
"Germany_North Rhine-Westphalia_Regierungsbezirk Dusseldorf_Wesel":"Düsseldorfin — Wesel",
"Germany_North Rhine-Westphalia_Regierungsbezirk Koln_Aachen":"Kölnin — Aachen",
"Germany_North Rhine-Westphalia_Regierungsbezirk Koln_Koln":"Kölnin — Köln",
"Germany_North Rhine-Westphalia_Regierungsbezirk Munster_Munster":"Münsterin — Münster",
"Germany_North Rhine-Westphalia_Regierungsbezirk Munster_Recklinghausen":"Münsterin — Recklinghausen",
"Germany_Rhineland-Palatinate_Koblenz":"Rheinland-Pfalz — Koblenz",
"Germany_Rhineland-Palatinate_South":"Rheinland-Pfalz — Mainz",
"Germany_Saarland":"Saarland",
"Germany_Saxony-Anhalt":"Saksi-Anhalt",
"Germany_Saxony_Dresden":"Saksi — Dresden",
"Germany_Saxony_Leipzig":"Saksi — Leipzig",
"Germany_Schleswig-Holstein":"Schleswig-Holstein",
"Germany_Thuringia":"Thüringen",
"Ghana":"Ghana",
"Gibraltar":"Gibraltar",
"Greece":"Kreikka",
"Greece_Decentralized Administration of Aegean":"Aigeia",
"Greece_Decentralized Administration of Attica":"Attika",
"Greece_Decentralized Administration of Crete":"Kreeta",
"Greece_Decentralized Administration of Epirus - Western Macedonia":"Epeiros ja Länsi-Makedonia",
"Greece_Decentralized Administration of Macedonia and Thrace":"Makedonia ja Traakia",
"Greece_Decentralized Administration of Thessaly - Central Greece":"Thessalia ja Keski-Kreikka",
"Greece_Decentralized Administration of West Greece":"Peloponnesos",
"Greenland":"Grönlanti",
"Grenada":"Grenada",
"Guadeloupe":"Guadeloupe",
"Guatemala":"Guatemala",
"Guernsey":"Guernsey",
"Guinea":"Guinea",
"Guinea-Bissau":"Guinea-Bissau",
"Guyana":"Guyana",
"Haiti":"Haiti",
"Honduras":"Honduras",
"Hungary":"Unkari",
"Hungary_Kozep-Magyarorszag":"Keski-Unkari",
"Hungary_Northern Great Plain":"Unkari — Itä",
"Hungary_Transdanubia":"Unkari — Länsi",
"Iceland":"Islanti",
"Illinois":"Illinois",
"India":"Intia",
"India_Andaman and Nicobar Islands":"Andamaanit ja Nikobaarit",
"India_Andhra Pradesh":"Andhra Pradesh",
"India_Arunachal Pradesh":"Arunachal Pradesh",
"India_Assam":"Assam",
"India_Bihar":"Bihar",
"India_Chandigarh":"Chandigarh",
"India_Chhattisgarh":"Chhattisgarh",
"India_Delhi":"Delhi",
"India_Goa":"Goa",
"India_Gujarat":"Gujarat",
"India_Haryana":"Haryana",
"India_Himachal Pradesh":"Himachal Pradesh",
"India_Jammu and Kashmir":"Jammu ja Kashmir",
"India_Jharkhand":"Jharkhand",
"India_Karnataka":"Karnataka",
"India_Kerala":"Kerala",
"India_Lakshadweep":"Lakkadiivit",
"India_Madhya Pradesh":"Madhya Pradesh",
"India_Maharashtra":"Maharashtra",
"India_Manipur":"Manipur",
"India_Meghalaya":"Meghalaya",
"India_Mizoram":"Mizoram",
"India_Nagaland":"Nagaland",
"India_Odisha":"Orissa",
"India_Punjab":"Punjab",
"India_Rajasthan":"Rajasthan",
"India_Sikkim":"Sikkim",
"India_Tamil Nadu":"Tamil Nadu",
"India_Telangana":"Telangana",
"India_Tripura":"Tripura",
"India_Uttar Pradesh":"Uttar Pradesh",
"India_Uttarakhand":"Uttarakhand",
"India_West Bengal":"Länsi-Bengali",
"Indiana":"Indiana",
"Indonesia":"Indonesia",
"Indonesia_Central":"Sulawesi, Kalimantan",
"Indonesia_East":"Indonesia — Itä",
"Indonesia_Jawa Barat":"Länsi-Jaava",
"Indonesia_Jawa Tengah":"Keski-Jaava",
"Indonesia_Jawa Timur":"Itä-Jaava",
"Indonesia_Nusa Tenggara":"Pienet Sundasaaret",
"Indonesia_West":"Sumatra",
"Iowa":"Iowa",
"Iran":"Iran",
"Iran_North":"Iran — Pohjoinen",
"Iran_South":"Iran — Etelä",
"Iraq":"Irak",
"Ireland":"Irlanti",
"Ireland_Connacht":"Connacht",
"Ireland_Leinster":"Leinster",
"Ireland_Munster":"Munster",
"Ireland_Northern Counties":"Ulster",
"Isle of Man":"Mansaari",
"Israel":"Israel",
"Israel Region":"Israel",
"Italy":"Italia",
"Italy_Abruzzo":"Abruzzo",
"Italy_Aosta Valley":"Aostanlaakso",
"Italy_Apulia":"Apulia",
"Italy_Basilicata":"Basilicata",
"Italy_Calabria":"Calabria",
"Italy_Campania":"Campania",
"Italy_Emilia":"Emilia-Romagna",
"Italy_Emilia-Romagna_Bologna":"Bolognan maakunta",
"Italy_Emilia-Romagna_Ferrara":"Ferraran maakunta",
"Italy_Emilia-Romagna_Forli-Cesena":"Forlì-Cesenan maakunta",
"Italy_Emilia-Romagna_Modena":"Modenan maakunta",
"Italy_Emilia-Romagna_Parma":"Parman maakunta",
"Italy_Emilia-Romagna_Piacenza":"Piacenzan maakunta",
"Italy_Emilia-Romagna_Ravenna":"Ravennan maakunta",
"Italy_Emilia-Romagna_Reggio Emilia":"Reggio Emilian maakunta",
"Italy_Emilia-Romagna_Rimini":"Riminin maakunta",
"Italy_Friuli":"Friuli-Venezia Giulia",
"Italy_Friuli-Venezia Giulia_Gorizia":"Gorizian maakunta",
"Italy_Friuli-Venezia Giulia_Pordenone":"Pordenonen maakunta",
"Italy_Friuli-Venezia Giulia_Trieste":"Triesten maakunta",
"Italy_Friuli-Venezia Giulia_Udine":"Udinen maakunta",
"Italy_Lazio":"Lazio",
"Italy_Liguria":"Liguria",
"Italy_Lombardy":"Lombardia",
"Italy_Lombardy_Bergamo":"Bergamon maakunta",
"Italy_Lombardy_Brescia":"Brescian maakunta",
"Italy_Lombardy_Como":"Comon maakunta",
"Italy_Lombardy_Cremona":"Cremonan maakunta",
"Italy_Lombardy_Lecco":"Leccon maakunta",
"Italy_Lombardy_Lodi":"Lodin maakunta",
"Italy_Lombardy_Mantua":"Mantovan maakunta",
"Italy_Lombardy_Milan":"Milanon maakunta",
"Italy_Lombardy_Monza and Brianza":"Monza e Brianzan maakunta",
"Italy_Lombardy_Pavia":"Pavian maakunta",
"Italy_Lombardy_Sondrio":"Sondrion maakunta",
"Italy_Lombardy_Varese":"Varesen maakunta",
"Italy_Marche":"Marche",
"Italy_Molise":"Molise",
"Italy_Piemont":"Piemonte",
"Italy_Piemont_Alessandria":"Alessandrian maakunta",
"Italy_Piemont_Asti":"Astin maakunta",
"Italy_Piemont_Biella":"Biellan maakunta",
"Italy_Piemont_Cuneo":"Cuneon maakunta",
"Italy_Piemont_Novara":"Novaran maakunta",
"Italy_Piemont_Torino":"Torinon maakunta",
"Italy_Piemont_Verbano-Cusio-Ossola":"Verbano-Cusio-Ossolan maakunta",
"Italy_Piemont_Vercelli":"Vercellin maakunta",
"Italy_Sardinia":"Sardinia",
"Italy_Sicily":"Sisilia",
"Italy_Trentino-Alto Adige Sudtirol":"Trentino-Alto Adige",
"Italy_Tuscany_Grosseto":"Toscana — Grosseton maakunta",
"Italy_Tuscany_Massa e Carrara":"Toscana — Massa-Carraran maakunta",
"Italy_Umbria":"Umbria",
"Italy_Veneto":"Veneto",
"Italy_Veneto_Belluno":"Bellunon maakunta",
"Italy_Veneto_Padova":"Padovan maakunta",
"Italy_Veneto_Rovigo":"Rovigon maakunta",
"Italy_Veneto_Treviso":"Trevison maakunta",
"Italy_Veneto_Venezia":"Venetsian maakunta",
"Italy_Veneto_Verona":"Veronan maakunta",
"Italy_Veneto_Vicenza":"Vicenzan maakunta",
"Jamaica":"Jamaika",
"Japan":"Japani",
"Japan_Chubu Region":"Chūbu",
"Japan_Chubu Region_Aichi":"Aichin prefektuuri",
"Japan_Chubu Region_Fukui":"Fukuin prefektuuri",
"Japan_Chubu Region_Gifu":"Gifun prefektuuri",
"Japan_Chubu Region_Ishikawa":"Ishikawan prefektuuri",
"Japan_Chubu Region_Nagano":"Naganon prefektuuri",
"Japan_Chubu Region_Niigata":"Niigatan prefektuuri",
"Japan_Chubu Region_Shizuoka":"Shizuokan prefektuuri",
"Japan_Chubu Region_Toyama":"Toyaman prefektuuri",
"Japan_Chubu Region_Yamanashi":"Yamanashin prefektuuri",
"Japan_Chugoku Region":"Chūgoku",
"Japan_Chugoku Region_Hiroshima":"Hiroshiman prefektuuri",
"Japan_Chugoku Region_Okayama":"Okayaman prefektuuri",
"Japan_Chugoku Region_Shimane":"Shimanen prefektuuri",
"Japan_Chugoku Region_Tottori":"Tottorin prefektuuri",
"Japan_Chugoku Region_Yamaguchi":"Yamaguchin prefektuuri",
"Japan_Hokkaido Region":"Hokkaidō",
"Japan_Hokkaido Region_East":"Hokkaidō — Itä",
"Japan_Hokkaido Region_North":"Hokkaidō — Pohjoinen",
"Japan_Hokkaido Region_West":"Hokkaidō — Länsi",
"Japan_Kanto":"Kantō",
"Japan_Kanto_Chiba":"Chiban prefektuuri",
"Japan_Kanto_Gunma":"Gunman prefektuuri",
"Japan_Kanto_Ibaraki":"Ibarakin prefektuuri",
"Japan_Kanto_Kanagawa":"Kanagawan prefektuuri",
"Japan_Kanto_Saitama":"Saitaman prefektuuri",
"Japan_Kanto_Tochigi":"Tochigin prefektuuri",
"Japan_Kanto_Tokyo":"Tokio",
"Japan_Kinki Region":"Kansai",
"Japan_Kinki Region_Mie":"Mien prefektuuri",
"Japan_Kinki Region_Nara":"Naran prefektuuri",
"Japan_Kinki Region_Osaka":"Osakan prefektuuri",
"Japan_Kinki Region_Wakayama":"Wakayaman prefektuuri",
"Japan_Kyushu Region":"Kyūshū",
"Japan_Kyushu Region_Fukuoka":"Fukuokan prefektuuri",
"Japan_Kyushu Region_Kagoshima":"Kagoshiman prefektuuri",
"Japan_Kyushu Region_Kumamoto":"Kumamoton prefektuuri",
"Japan_Kyushu Region_Miyazaki":"Miyazakin prefektuuri",
"Japan_Kyushu Region_Nagasaki":"Nagasakin prefektuuri",
"Japan_Kyushu Region_Oita":"Ōitan prefektuuri",
"Japan_Kyushu Region_Okinawa":"Okinawan prefektuuri",
"Japan_Kyushu Region_Saga":"Sagan prefektuuri",
"Japan_Shikoku Region":"Shikoku",
"Japan_Shikoku Region_Ehime":"Ehimen prefektuuri",
"Japan_Shikoku Region_Kagawa":"Kagawan prefektuuri",
"Japan_Shikoku Region_Kochi":"Kōchin prefektuuri",
"Japan_Shikoku Region_Kyoto":"Kioton prefektuuri",
"Japan_Shikoku Region_Tokushima":"Tokushiman prefektuuri",
"Japan_Tohoku":"Tōhoku",
"Japan_Tohoku_Akita":"Akitan prefektuuri",
"Japan_Tohoku_Aomori":"Aomorin prefektuuri",
"Japan_Tohoku_Fukushima":"Fukushiman prefektuuri",
"Japan_Tohoku_Iwate":"Iwaten prefektuuri",
"Japan_Tohoku_Miyagi":"Miyagin prefektuuri",
"Japan_Tohoku_Yamagata":"Yamagatan prefektuuri",
"Jersey":"Jersey",
"Jerusalem":"Jerusalem",
"Jordan":"Jordania",
"Kansas":"Kansas",
"Kazakhstan":"Kazakstan",
"Kentucky":"Kentucky",
"Kenya":"Kenia",
"Kingdom of Lesotho":"Lesotho",
"Kiribati":"Kiribati",
"Kuwait":"Kuwait",
"Kyrgyzstan":"Kirgisia",
"Laos":"Laos",
"Latvia":"Latvia",
"Lebanon":"Libanon",
"Liberia":"Liberia",
"Libya":"Libya",
"Liechtenstein":"Liechtenstein",
"Lithuania":"Liettua",
"Louisiana":"Louisiana",
"Luxembourg":"Luxemburg",
"Macedonia":"Makedonia",
"Madagascar":"Madagaskar",
"Malawi":"Malawi",
"Malaysia":"Malesia",
"Maldives":"Malediivit",
"Mali":"Mali",
"Malta":"Malta",
"Marshall Islands":"Marshallinsaaret",
"Martinique":"Martinique",
"Maryland":"Maryland",
"Massachusetts":"Massachusetts",
"Mauritania":"Mauritania",
"Mauritius":"Mauritius",
"Mexico":"Meksiko",
"Mexico_California":"Baja California",
"Mexico_Central_East":"Nuevo León",
"Mexico_Central_West":"Nayarit",
"Mexico_East":"Meksiko — Itä",
"Mexico_Mexico":"México",
"Mexico_North":"Meksiko — Pohjoinen",
"Mexico_South":"Meksiko — Etelä",
"Michigan":"Michigan",
"Minnesota":"Minnesota",
"Missouri":"Missouri",
"Moldova":"Moldova",
"Monaco":"Monaco",
"Mongolia":"Mongolia",
"Montenegro":"Montenegro",
"Montserrat":"Montserrat",
"Morocco":"Marokko",
"Morocco_Doukkala-Abda":"Doukkala-Abda",
"Morocco_Rabat-Sale-Zemmour-Zaer":"Rabat-Salé-Zemmour-Zaer",
"Morocco_Southern":"Marokko — Etelä",
"Morocco_Western Sahara":"Länsi-Sahara",
"Mozambique":"Mosambik",
"Myanmar":"Myanmar",
"Nagorno-Karabakh":"Vuoristo-Karabah",
"Namibia":"Namibia",
"Nauru":"Nauru",
"Nepal":"Nepal",
"Nepal_East":"Nepal — Itä",
"Nepal_West":"Nepal — Länsi",
"Netherlands":"Alankomaat",
"Netherlands_Drenthe":"Drenthe",
"Netherlands_Flevoland":"Flevoland",
"Netherlands_Friesland":"Friisinmaa",
"Netherlands_Gelderland_Nijmegen":"Gelderland — Nijmegen",
"Netherlands_Gelderland_North":"Gelderland — Apeldoorn",
"Netherlands_Gelderland_Zutphen":"Gelderland — Zutphen",
"Netherlands_Groningen":"Groningen",
"Netherlands_Limburg":"Limburg",
"Netherlands_North Brabant_Eindhoven":"Pohjois-Brabant — Eindhoven",
"Netherlands_North Brabant_Roosendaal":"Pohjois-Brabant — Roosendaal",
"Netherlands_North Brabant_Tiburg":"Pohjois-Brabant — Tilburg",
"Netherlands_North Brabant_Uden":"Pohjois-Brabant — Uden",
"Netherlands_North Holland_Alkmaar":"Pohjois-Hollanti — Alkmaar",
"Netherlands_North Holland_Amsterdam":"Pohjois-Hollanti — Amsterdam",
"Netherlands_North Holland_Zaandam":"Pohjois-Hollanti — Zaanstad",
"Netherlands_Overijssel_Enschede":"Overijssel — Enschede",
"Netherlands_Overijssel_Zwolle":"Overijssel — Zwolle",
"Netherlands_South Holland_Brielle":"Etelä-Hollanti — Brielle",
"Netherlands_South Holland_Den Haag":"Etelä-Hollanti — Haag",
"Netherlands_South Holland_Leiden":"Etelä-Hollanti — Leiden",
"Netherlands_South Holland_Rotterdam":"Etelä-Hollanti — Rotterdam",
"Netherlands_Utrecht_Amersfoort":"Utrecht — Amersfoort",
"Netherlands_Utrecht_Utrecht":"Utrecht — Utrecht",
"Netherlands_Zeeland":"Zeeland",
"New Jersey":"New Jersey",
"New York":"New York",
"New Zealand":"Uusi-Seelanti",
"New Zealand North_Auckland":"Pohjoinen — Auckland",
"New Zealand North_Wellington":"Pohjoinen — Wellington",
"New Zealand South_Canterbury":"Etelä — Canterburyn alue",
"New Zealand South_Southland":"Etelä — Southlandin alue",
"Nicaragua":"Nicaragua",
"Niger":"Niger",
"Nigeria":"Nigeria",
"Niue":"Niue",
"North Carolina":"Pohjois-Carolina",
"North Dakota":"Pohjois-Dakota",
"North Korea":"Korean demokraattinen kansantasavalta",
"Norway":"Norja",
"Norway_Bouvet Island":"Bouvet’nsaari",
"Norway_Central":"Oslo",
"Norway_Hedmark":"Hedmarkin lääni",
"Norway_Jan Mayen":"Jan Mayen",
"Norway_Northern":"Pohjois-Norja",
"Norway_Oppland":"Opplandin lääni",
"Norway_Southern":"Sørlandet",
"Norway_Svalbard":"Huippuvuoret",
"Norway_Trondelag":"Trøndelag",
"Norway_Western":"Vestlandet",
"Ohio":"Ohio",
"Oklahoma":"Oklahoma",
"Oman":"Oman",
"Oregon":"Oregon",
"Pakistan":"Pakistan",
"Palau":"Palau",
"Palestine":"Palestiinalaisalueet",
"Palestine Region":"Palestiinalaisalueet",
"Panama":"Panama",
"Papua New Guinea":"Papua-Uusi-Guinea",
"Paraguay":"Paraguay",
"Pennsylvania":"Pennsylvania",
"People's Republic of China":"Kiina",
"Peru":"Peru",
"Peru_North":"Peru — Pohjoinen",
"Peru_South":"Peru — Etelä",
"Philippines":"Filippiinit",
"Philippines_Luzon_Manila":"Metro Manila",
"Philippines_Luzon_North":"Luzon — Pohjoinen",
"Philippines_Luzon_South":"Luzon — Etelä",
"Philippines_Mindanao":"Mindanao",
"Philippines_Visayas":"Visayas",
"Pitcairn Islands":"Pitcairn",
"Poland":"Puola",
"Poland_Greater Poland Voivodeship":"Ison-Puolan voivodikunta",
"Poland_Kuyavian-Pomeranian Voivodeship":"Kujavia-Pommerin voivodikunta",
"Poland_Lesser Poland Voivodeship":"Vähä-Puolan voivodikunta",
"Poland_Lodz Voivodeship":"Łódźin voivodikunta",
"Poland_Lower Silesian Voivodeship":"Ala-Sleesian voivodikunta",
"Poland_Lublin Voivodeship":"Lublinin voivodikunta",
"Poland_Lubusz Voivodeship":"Lubuszin voivodikunta",
"Poland_Masovian Voivodeship":"Masovian voivodikunta",
"Poland_Opole Voivodeship":"Opolen voivodikunta",
"Poland_Podlaskie Voivodeship":"Podlasian voivodikunta",
"Poland_Pomeranian Voivodeship":"Pommerin voivodikunta",
"Poland_Silesian Voivodeship":"Sleesian voivodikunta",
"Poland_Subcarpathian Voivodeship":"Ala-Karpatian voivodikunta",
"Poland_Swietokrzyskie Voivodeship":"Świętokrzyskin voivodikunta",
"Poland_Warmian-Masurian Voivodeship":"Warmia-Masurian voivodikunta",
"Poland_West Pomeranian Voivodeship":"Länsi-Pommerin voivodikunta",
"Portugal":"Portugali",
"Portugal_North":"Portugali — Pohjoinen",
"Portugal_South":"Portugali — Etelä",
"Qatar":"Qatar",
"Republic of Kosovo":"Kosovo",
"Romania":"Romania",
"Romania_Centre":"Keski-Romania",
"Romania_North_East":"Koillis-Romania",
"Romania_North_West":"Luoteis-Romania",
"Romania_South":"Etelä-Romania",
"Romania_South_East":"Kaakkois-Romania",
"Romania_South_West":"Lounais-Romania",
"Romania_West":"Länsi-Romania",
"Russia_Altai Krai":"Altain aluepiiri",
"Russia_Altai Republic":"Altain tasavalta",
"Russia_Amur Oblast":"Amurin alue",
"Russia_Arkhangelsk Oblast_Central":"Arkangelin alue — Keskiosa",
"Russia_Arkhangelsk Oblast_North":"Arkangelin alue — Pohjoinen",
"Russia_Astrakhan Oblast":"Astrahanin alue",
"Russia_Bashkortostan":"Baškortostan",
"Russia_Belgorod Oblast":"Belgorodin alue",
"Russia_Bryansk Oblast":"Brjanskin alue",
"Russia_Buryatia":"Burjatia",
"Russia_Chechen Republic":"Tšetšenia",
"Russia_Chelyabinsk Oblast":"Tšeljabinskin alue",
"Russia_Chukotka Autonomous Okrug":"Tšukotka",
"Russia_Chuvashia":"Tšuvassia",
"Russia_Ingushetia":"Ingušia",
"Russia_Irkutsk Oblast":"Irkutskin alue",
"Russia_Ivanovo Oblast":"Ivanovon alue",
"Russia_Jewish Autonomous Oblast":"Juutalaisten autonominen alue",
"Russia_Kabardino-Balkaria":"Kabardi-Balkaria",
"Russia_Kaliningrad Oblast":"Kaliningradin alue",
"Russia_Kaluga Oblast":"Kalugan alue",
"Russia_Kamchatka Krai":"Kamtšatkan aluepiiri",
"Russia_Karachay-Cherkessia":"Karatšai-Tšerkessia",
"Russia_Kemerov Oblast":"Kemerovon alue",
"Russia_Khabarovsk Krai":"Habarovskin aluepiiri",
"Russia_Khakassia":"Hakassia",
"Russia_Kirov Oblast":"Kirovin alue",
"Russia_Komi Republic":"Komin tasavalta",
"Russia_Kostroma Oblast":"Kostroman alue",
"Russia_Krasnodar Krai":"Krasnodarin aluepiiri — Pohjoinen",
"Russia_Krasnodar Krai_Adygeya":"Krasnodarin aluepiiri, Adygeia",
"Russia_Krasnoyarsk Krai":"Krasnojarskin aluepiiri",
"Russia_Kurgan Oblast":"Kurganin alue",
"Russia_Kursk Oblast":"Kurskin alue",
"Russia_Leningradskaya Oblast_Karelsky":"Leningradin alue — Pohjoinen",
"Russia_Leningradskaya Oblast_Southeast":"Leningradin alue — Etelä",
"Russia_Lipetsk Oblast":"Lipetskin alue",
"Russia_Magadan Oblast":"Magadanin alue",
"Russia_Mari El":"Marin tasavalta",
"Russia_Moscow":"Moskova",
"Russia_Moscow Oblast":"Moskovan alue",
"Russia_Murmansk Oblast":"Murmanskin alue",
"Russia_Nenets Autonomous Okrug":"Nenetsia",
"Russia_Nizhny Novgorod Oblast":"Nižni Novgorodin alue",
"Russia_North Ossetia-Alania":"Pohjois-Ossetia-Alania",
"Russia_Novgorod Oblast":"Novgorodin alue",
"Russia_Novosibirsk Oblast":"Novosibirskin alue",
"Russia_Omsk Oblast":"Omskin alue",
"Russia_Orenburg Oblast":"Orenburgin alue",
"Russia_Oryol Oblast":"Orjolin alue",
"Russia_Penza Oblast":"Penzan alue",
"Russia_Perm Krai":"Permin aluepiiri",
"Russia_Primorsky Krai":"Primorjen aluepiiri",
"Russia_Pskov Oblast":"Pihkovan alue",
"Russia_Republic of Dagestan":"Dagestan",
"Russia_Republic of Kalmykia":"Kalmukia",
"Russia_Republic of Karelia":"Karjalan tasavalta",
"Russia_Republic of Mordovia":"Mordva",
"Russia_Rostov Oblast":"Rostovin alue",
"Russia_Ryazan Oblast":"Rjazanin alue",
"Russia_Saint Petersburg":"Pietari",
"Russia_Sakha Republic":"Sahan tasavalta",
"Russia_Sakhalin Oblast":"Sahalinin alue",
"Russia_Samara Oblast":"Samaran alue",
"Russia_Saratov Oblast":"Saratovin alue",
"Russia_Smolensk Oblast":"Smolenskin alue",
"Russia_Stavropol Krai":"Stavropolin aluepiiri",
"Russia_Sverdlovsk Oblast":"Sverdlovskin alue",
"Russia_Tambov Oblast":"Tambovin alue",
"Russia_Tatarstan":"Tatarstan",
"Russia_Tomsk Oblast":"Tomskin alue",
"Russia_Tula Oblast":"Tulan alue",
"Russia_Tuva":"Tuva",
"Russia_Tver Oblast":"Tverin alue",
"Russia_Tyumen Oblast":"Tjumenin alue",
"Russia_Udmurt Republic":"Udmurtia",
"Russia_Ulyanovsk Oblast":"Uljanovskin alue",
"Russia_Vladimir Oblast":"Vladimirin alue",
"Russia_Volgograd Oblast":"Volgogradin alue",
"Russia_Vologda Oblast":"Vologdan alue",
"Russia_Voronezh Oblast":"Voronežin alue",
"Russia_Yamalo-Nenets Autonomous Okrug":"Jamalin Nenetsia",
"Russia_Yaroslavl Oblast":"Jaroslavlin alue",
"Russia_Yugra":"Hanti-Mansia",
"Russia_Zabaykalsky Krai":"Taka-Baikalian aluepiiri",
"Russian Federation":"Venäjä",
"Rwanda":"Ruanda",
"Sahrawi Arab Democratic Republic":"Saharan demokraattinen arabitasavalta",
"Saint Barthelemy":"Saint-Barthélemy",
"Saint Helena Ascension and Tristan da Cunha":"Saint Helena, Ascension ja Tristan da Cunha",
"Saint Kitts and Nevis":"Saint Kitts ja Nevis",
"Saint Lucia":"Saint Lucia",
"Saint Martin":"Saint-Martin",
"Saint Vincent and the Grenadines":"Saint Vincent ja Grenadiinit",
"Samoa":"Samoa",
"San Marino":"San Marino",
"Sao Tome and Principe":"São Tomé ja Príncipe",
"Saudi Arabia":"Saudi-Arabia",
"Senegal":"Senegal",
"Serbia":"Serbia",
"Seychelles":"Seychellit",
"Sierra Leone":"Sierra Leone",
"Singapore":"Singapore",
"Slovakia":"Slovakia",
"Slovakia_Region of Banska Bystrica":"Banská Bystrican alue",
"Slovakia_Region of Bratislava":"Bratislavan alue",
"Slovakia_Region of Kosice":"Košicen alue",
"Slovakia_Region of Nitra":"Nitran alue",
"Slovakia_Region of Presov":"Prešovin alue",
"Slovakia_Region of Trencin":"Trenčínin alue",
"Slovakia_Region of Trnava":"Trnavan alue",
"Slovakia_Region of Zilina":"Žilinan alue",
"Slovenia":"Slovenia",
"Solomon Islands":"Salomonsaaret",
"Somalia":"Somalia",
"South Africa":"Etelä-Afrikka",
"South Africa_Eastern Cape":"Eastern Cape",
"South Africa_Free State":"Free State",
"South Africa_Gauteng":"Gauteng",
"South Africa_KwaZulu-Natal":"KwaZulu-Natal",
"South Africa_Limpopo":"Limpopon provinssi",
"South Africa_Mpumalanga":"Mpumalanga",
"South Africa_North West":"North West",
"South Africa_Northern Cape":"Northern Cape",
"South Africa_Western Cape":"Western Cape",
"South Carolina":"Etelä-Carolina",
"South Georgia and the South Sandwich Islands":"Etelä-Georgia ja Eteläiset Sandwichsaaret",
"South Korea":"Korean tasavalta",
"South Korea_North":"Korean tasavalta — Pohjoinen",
"South Korea_South":"Korean tasavalta — Etelä",
"South Ossetia":"Etelä-Ossetia",
"South Sudan":"Etelä-Sudan",
"Spain":"Espanja",
"Spain_Andalusia":"Andalusia",
"Spain_Aragon":"Aragonia",
"Spain_Balearic Islands":"Baleaarit",
"Spain_Basque Country":"Baskimaa",
"Spain_Canary Islands":"Kanariansaaret",
"Spain_Cantabria":"Kantabria",
"Spain_Castile and Leon":"Kastilia ja León",
"Spain_Castile-La Mancha":"Kastilia- La Mancha",
"Spain_Catalonia_Provincia de Barcelona":"Barcelona",
"Spain_Catalonia_Provincia de Girona":"Girona",
"Spain_Catalonia_Provincia de Lleida":"Lleida",
"Spain_Catalonia_Provincia de Tarragona":"Tarragona",
"Spain_Ceuta":"Ceuta",
"Spain_Community of Madrid":"Madrid",
"Spain_Comunidad Foral de Navarra":"Navarra",
"Spain_Extremadura":"Extremadura",
"Spain_Galicia":"Galicia",
"Spain_La Rioja":"La Rioja",
"Spain_Melilla":"Melilla",
"Spain_Principado de Asturias":"Asturia",
"Spain_Region de Murcia":"Murcia",
"Spain_Valencian Community":"Valencia",
"Sri Lanka":"Sri Lanka",
"Sudan":"Sudan",
"Suriname":"Suriname",
"Swaziland":"Swazimaa",
"Sweden":"Ruotsi",
"Sweden_Bergslagen":"Bergslagen",
"Sweden_Malardalen":"Mälarinlaakso",
"Sweden_Mellannorrland":"Keski-Norlanti",
"Sweden_Norra Sverige":"Pohjois-Ruotsi",
"Sweden_Ostra Gotaland":"Itä-Götanmaa",
"Sweden_Sodra Gotaland":"Etelä-Götanmaa",
"Sweden_Vastra Gotaland":"Länsi-Götanmaa",
"Switzerland":"Sveitsi",
"Switzerland_Central":"Keski-Sveitsi",
"Switzerland_Eastern":"Itä-Sveitsi",
"Switzerland_Espace Mittelland":"Espace Mittelland",
"Switzerland_Lake Geneva region":"Genevenjärven alue",
"Switzerland_Northwestern":"Luoteis-Sveitsi",
"Switzerland_Ticino":"Ticino",
"Switzerland_Zurich":"Suur-Zürichin alue",
"Syria":"Syyria",
"Taiwan":"Taiwan",
"Tajikistan":"Tadžikistan",
"Tanzania":"Tansania",
"Tennessee":"Tennessee",
"Texas":"Texas",
"Thailand":"Thaimaa",
"Thailand_North":"Thaimaa — Pohjoinen",
"Thailand_South":"Thaimaa — Etelä",
"The Bahamas":"Bahama",
"The Gambia":"Gambia",
"Togo":"Togo",
"Tokelau":"Tokelau",
"Tonga":"Tonga",
"Trinidad and Tobago":"Trinidad ja Tobago",
"Tunisia":"Tunisia",
"Turkey":"Turkki",
"Turkey_Aegean Region":"Aegeanin alue",
"Turkey_Black Sea Region":"Mustanmeren alue",
"Turkey_Eastern Anatolia Region":"Itä-Anatolian alue",
"Turkey_Marmara Region":"Marmaran alue",
"Turkey_Mediterranean Region":"Välimeren alue",
"Turkey_Southeastern Anatolia Region":"Kaakkois-Anatolian alue",
"Turkmenistan":"Turkmenistan",
"Turks and Caicos Islands":"Turks- ja Caicossaaret",
"Tuvalu":"Tuvalu",
"UK_England_East Midlands":"Itä-Midlands",
"UK_England_East of England_Essex":"Itä-Englanti — Essex",
"UK_England_East of England_Norfolk":"Itä-Englanti — Norfolk",
"UK_England_Greater London":"Suur-Lontoo",
"UK_England_North East England":"Koillis-Englanti",
"UK_England_North West England":"Luoteis-Englanti",
"UK_England_South East_Brighton":"Kaakkois-Englanti — Brighton",
"UK_England_South East_Oxford":"Kaakkois-Englanti — Oxford",
"UK_England_South West England_Bristol":"Lounais-Englanti — Bristol",
"UK_England_South West England_Cornwall":"Lounais-Englanti — Cornwall",
"UK_England_West Midlands":"Länsi-Midlands",
"UK_England_Yorkshire and the Humber":"Yorkshire ja Humber",
"UK_Northern Ireland":"Pohjois-Irlanti",
"UK_Scotland_North":"Skotlanti — Pohjoinen",
"UK_Scotland_South":"Skotlanti — Etelä",
"UK_Wales":"Wales",
"US_Alabama_Birmingham":"Birmingham",
"US_Alabama_Montgomery":"Montgomery",
"US_Alaska":"Alaska",
"US_Arizona_Flagstaff":"Flagstaff",
"US_Arizona_Phoenix":"Phoenix",
"US_Arizona_Tucson":"Tucson",
"US_Arkansas":"Arkansas",
"US_California_Bakersfield_Bakersfield":"Bakersfield",
"US_California_Bakersfield_Lancaster":"Lancaster",
"US_California_Chico":"Chico",
"US_California_LA":"Los Angeles",
"US_California_LA North":"Los Angeles — Pohjoinen",
"US_California_Redding":"Redding",
"US_California_Sacramento_Fresno":"Fresno",
"US_California_Sacramento_Sacramento":"Sacramento",
"US_California_Sacramento_Stockton":"Stockton",
"US_California_San Diego":"San Diego",
"US_California_Santa_Clara_Palo Alto":"San Francisco",
"US_California_Santa_Clara_Santa Cruz":"Santa Cruz",
"US_Colorado_Aspen":"Aspen",
"US_Colorado_Denver":"Denver",
"US_Colorado_South":"Colorado — Etelä",
"US_Connecticut":"Connecticut",
"US_Delaware":"Delaware",
"US_Florida_Jacksonville":"Jacksonville",
"US_Florida_Miami":"Miami",
"US_Florida_Orlando":"Orlando",
"US_Florida_Tampa":"Tampa",
"US_Georgia":"Georgia",
"US_Georgia_Atlanta":"Atlanta",
"US_Georgia_Macon":"Macon",
"US_Georgia_North":"Georgia — Pohjoinen",
"US_Georgia_South":"Georgia — Etelä",
"US_Guam":"Guam",
"US_Hawaii":"Havaiji",
"US_Idaho":"Idaho",
"US_Illinois_Chickago":"Chicago",
"US_Illinois_Elgin":"Elgin",
"US_Illinois_Rockford":"Rockford",
"US_Illinois_South":"Illinois — Etelä",
"US_Illinois_Springfield":"Springfield",
"US_Indiana_North":"Indiana — Pohjoinen",
"US_Indiana_South":"Indiana — Etelä",
"US_Iowa_Des Moines":"Des Moines",
"US_Iowa_Waterloo":"Waterloo",
"US_Iowa_West":"Iowa — Länsi",
"US_Kansas_East":"Kansas — Itä",
"US_Kansas_West":"Kansas — Länsi",
"US_Kentucky_East":"Kentucky — Itä",
"US_Kentucky_West":"Kentucky — Länsi",
"US_Louisiana_Central":"Louisiana — Länsi",
"US_Louisiana_New Orleans":"New Orleans",
"US_Maine":"Maine",
"US_Maryland_Baltimore":"Baltimore",
"US_Maryland_and_DC":"Länsi, Washington",
"US_Massachusetts_Boston":"Boston",
"US_Massachusetts_Central":"Worcester",
"US_Massachusetts_Plymouth":"Plymouth",
"US_Massachusetts_Southeastern":"Barnstable",
"US_Massachusetts_West":"Springfield",
"US_Michigan_Detroit":"Detroit",
"US_Michigan_North":"Michigan — Pohjoinen",
"US_Michigan_South":"Michigan — Etelä",
"US_Minnesota_Minneapolis":"Minneapolis",
"US_Minnesota_North":"Minnesota — Pohjoinen",
"US_Minnesota_Rochester":"Rochester",
"US_Minnesota_Saint Cloud":"St. Cloud",
"US_Mississippi":"Mississippi",
"US_Missouri_East":"Missouri — Itä",
"US_Missouri_West":"Missouri — Länsi",
"US_Montana":"Montana",
"US_Nebraska":"Nebraska",
"US_Nevada":"Nevada",
"US_New Hampshire":"New Hampshire",
"US_New Jersey_North":"New Jersey — Pohjoinen",
"US_New Jersey_South":"New Jersey — Etelä",
"US_New Mexico":"New Mexico",
"US_New York_East":"New York — Itä",
"US_New York_New York":"New York — New York",
"US_New York_North":"New York — Pohjoinen",
"US_New York_West":"New York — Länsi",
"US_North Carolina_Asheville":"Asheville",
"US_North Carolina_Charlotte":"Charlotte",
"US_North Carolina_Greensboro":"Greensboro",
"US_North Carolina_Raleigh":"Raleigh",
"US_North Carolina_Wilmington":"Wilmington",
"US_North Carolina_Wilson":"Wilson",
"US_North Dakota_Bismarck":"Bismarck",
"US_North Dakota_East":"Fargo",
"US_North Dakota_Minot":"Minot",
"US_Ohio_Cleveland":"Cleveland",
"US_Ohio_Dayton":"Dayton",
"US_Oklahoma_East":"Oklahoma — Itä",
"US_Oklahoma_West":"Oklahoma — Länsi",
"US_Oregon_Eugene":"Eugene",
"US_Oregon_Portland":"Portland",
"US_Oregon_West":"Oregon — Länsi",
"US_Pennsylvania_Central":"Altoona",
"US_Pennsylvania_Pittsburgh":"Pittsburgh",
"US_Pennsylvania_Reading":"Reading",
"US_Pennsylvania_Scranton":"Scranton",
"US_Puerto Rico":"Puerto Rico",
"US_Rhode Island":"Rhode Island",
"US_South Carolina_Columbia":"Columbia",
"US_South Carolina_Florence":"Florence",
"US_South Dakota":"Etelä-Dakota",
"US_Tennessee_East":"Tennessee — Itä",
"US_Tennessee_West":"Tennessee — Länsi",
"US_Texas_Austin":"Austin",
"US_Texas_Dallas":"Dallas",
"US_Texas_Houston":"Houston",
"US_Texas_Northwest":"Amarillo",
"US_Texas_San Antonio":"San Antonio",
"US_Texas_Southwest":"Laredo",
"US_Texas_Tyler":"Tyler",
"US_Texas_Wako":"Waco",
"US_Texas_West":"Odessa",
"US_United States Minor Outlying Islands":"Yhdysvaltain pienet erillissaaret",
"US_Utah":"Utah",
"US_Vermont":"Vermont",
"US_Virginia_Chesapeake":"Chesapeake",
"US_Virginia_Lynchburg":"Lynchburg",
"US_Virginia_Richmond":"Richmond",
"US_Virginia_Roanoke":"Roanoke",
"US_Washington_Coast":"Tacoma",
"US_Washington_Seattle":"Seattle",
"US_Washington_Yakima":"Yakima",
"US_West Virginia":"Länsi-Virginia",
"US_Wisconsin_Milwaukee":"Milwaukee",
"US_Wisconsin_North":"Eau Claire",
"US_Wyoming":"Wyoming",
"Uganda":"Uganda",
"Ukraine":"Ukraina",
"Ukraine_Cherkasy Oblast":"Tšerkasyn alue",
"Ukraine_Chernihiv Oblast":"Tšernihivin alue",
"Ukraine_Chernivtsi Oblast":"Tšernivtsin alue",
"Ukraine_Dnipropetrovsk Oblast":"Dnepropetrovskin alue",
"Ukraine_Donetsk Oblast":"Donetskin alue",
"Ukraine_Ivano-Frankivsk Oblast":"Ivano-Frankivskin alue",
"Ukraine_Kharkiv Oblast":"Harkovan alue",
"Ukraine_Kherson Oblast":"Hersonin alue",
"Ukraine_Khmelnytskyi Oblast":"Hmelnitskyin alue",
"Ukraine_Kirovohrad Oblast":"Kirovohradin alue",
"Ukraine_Kyiv Oblast":"Kiovan alue",
"Ukraine_Luhansk Oblast":"Luhanskin alue",
"Ukraine_Lviv Oblast":"Lvivin alue",
"Ukraine_Mykolaiv Oblast":"Mykolajivin alue",
"Ukraine_Odessa Oblast":"Odessan alue",
"Ukraine_Poltava Oblast":"Pultavan alue",
"Ukraine_Rivne Oblast":"Rivnen alue",
"Ukraine_Sumy Oblast":"Sumyn alue",
"Ukraine_Ternopil Oblast":"Ternopilin alue",
"Ukraine_Vinnytsia Oblast":"Vinnytsjan alue",
"Ukraine_Volyn Oblast":"Volynian alue",
"Ukraine_Zakarpattia Oblast":"Taka-Karpatian alue",
"Ukraine_Zaporizhia Oblast":"Zaporižžjan alue",
"Ukraine_Zhytomyr Oblast":"Žytomyrin alue",
"United Arab Emirates":"Yhdistyneet arabiemiirikunnat",
"United Kingdom":"Yhdistynyt kuningaskunta",
"United States Virgin Islands":"Yhdysvaltain Neitsytsaaret",
"United States of America":"Yhdysvallat",
"Uruguay":"Uruguay",
"Uzbekistan":"Uzbekistan",
"Vanuatu":"Vanuatu",
"Venezuela":"Venezuela",
"Vietnam":"Vietnam",
"Virginia":"Virginia",
"Wallis and Futuna":"Wallis ja Futuna",
"Washington":"Washington",
"Willis Island":"Willisin saari",
"Wisconsin":"Wisconsin",
"Yemen":"Jemen",
"Zambia":"Sambia",
"Zimbabwe":"Zimbabwe",
"Australia_Brisbane":"Brisbane",
"Australia_Sydney":"Sydney",
"Austria_Styria_Graz":"Steiermark — Graz",
"Austria_Styria_Leoben":"Steiermark — Leoben",
"Austria_Upper Austria_Linz":"Ylä-Itävalta — Linz",
"Austria_Upper Austria_Wels":"Ylä-Itävalta — Wels",
"Bolivia_North":"Bolivia — Pohjoinen",
"Bolivia_South":"Bolivia — Etelä",
"Brazil_Goias_Brasilia":"Goiás — Brasília",
"Brazil_Goias_North":"Goiás — Pohjoinen",
"Brazil_North Region_East":"Pohjoinen alue — Itä",
"Brazil_North Region_West":"Pohjoinen alue — Länsi",
"Brazil_Northeast Region_East":"Koillinen alue — Itä",
"Brazil_Northeast Region_West":"Koillinen alue — Länsi",
"Brazil_Parana_East":"Paraná — Itä",
"Brazil_Parana_West":"Paraná — Länsi",
"Brazil_South Region_East":"Eteläinen alue — Itä",
"Brazil_South Region_West":"Eteläinen alue — Länsi",
"Bulgaria_East":"Bulgaria — Itä",
"Bulgaria_West":"Bulgaria — Länsi",
"Canada_Ontario_Northeastern_W":"Wawa",
"Chile_Central":"Chile — Keskiosa",
"Congo-Kinshasa_Kivu":"Kivu",
"Congo-Kinshasa_West":"Kongon demokraattinen tasavalta — Länsi",
"Croatia_Central":"Kroatia — Keskiosa",
"Croatia_West":"Kroatia — Länsi",
"Ecuador_East":"Ecuador — Itä",
"Ecuador_West":"Ecuador — Länsi",
"Finland_Eastern Finland_North":"Itä-Suomen lääni — Pohjoinen",
"Finland_Eastern Finland_South":"Itä-Suomen lääni — Etelä",
"Finland_Western Finland_Jyvaskyla":"Länsi-Suomen lääni — Jyväskylä",
"Finland_Western Finland_Tampere":"Länsi-Suomen lääni — Tampere",
"France_Free County_North":"Franche-Comté — Pohjoinen",
"France_Free County_South":"Franche-Comté — Etelä",
"France_Pays de la Loire_Loire-Atlantique_Nantes":"Loire-Atlantique — Nantes",
"France_Pays de la Loire_Loire-Atlantique_Saint-Nazaire":"Loire-Atlantique — Saint-Nazaire",
"Germany_Free State of Bavaria_Upper Bavaria_South":"Ylä-Baijeri — Etelä",
"India_Karnataka_North":"Karnataka — Pohjoinen",
"India_Karnataka_South":"Karnataka — Etelä",
"Iran_East":"Iran — Itä",
"Iraq_North":"Irak — Pohjoinen",
"Iraq_South":"Irak — Etelä",
"Japan_Chubu Region_Aichi_Nagoya":"Aichin prefektuuri — Nagoya",
"Japan_Chubu Region_Aichi_Toyohashi":"Aichin prefektuuri — Toyohashi",
"Japan_Hokkaido Region_Sapporo":"Sapporo",
"Japan_Kinki Region_Osaka_Osaka":"Osaka",
"Japan_Kinki Region_Osaka_West":"Osakan prefektuuri — Länsi",
"Kazakhstan_North":"Kazakstan — Pohjoinen",
"Kazakhstan_South":"Kazakstan — Etelä",
"Lithuania_East":"Liettua — Itä",
"Lithuania_West":"Liettua — Länsi",
"Mexico_Chihuahua":"Chihuahua",
"Mexico_Sonora":"Sonora",
"Nepal_Kathmandu":"Kathmandu",
"Nepal_Madhyamanchal":"Keskinen kehitysalue",
"Nepal_Purwanchal":"Itäinen kehitysalue",
"Nigeria_North":"Nigeria — Pohjoinen",
"Nigeria_South":"Nigeria — Etelä",
"Norway_Hordaland":"Hordalandin lääni",
"Norway_Nordland":"Nordlandin lääni",
"Norway_North Trondelag":"Pohjois-Trøndelagin lääni",
"Norway_Rogaland":"Rogalandin lääni",
"Norway_South Trondelag":"Etelä-Trøndelagin lääni",
"Peru_Lima":"Lima",
"Portugal_Islands":"Portugalin saaret",
"Portugal_Viseu":"Viseu",
"Russia_Krasnoyarsk Krai_North":"Krasnojarskin aluepiiri — Pohjoinen",
"Russia_Krasnoyarsk Krai_South":"Krasnojarskin aluepiiri — Etelä",
"Russia_Moscow Oblast_East":"Moskovan alue — Itä",
"Russia_Moscow Oblast_West":"Moskovan alue — Länsi",
"Russia_Perm Krai_North":"Permin aluepiiri — Pohjoinen",
"Russia_Perm Krai_South":"Permin aluepiiri — Etelä",
"Russia_Republic of Karelia_North":"Karjalan tasavalta — Pohjoinen",
"Russia_Republic of Karelia_South":"Karjalan tasavalta — Etelä",
"Russia_Sverdlovsk Oblast_North":"Sverdlovskin alue — Pohjoinen",
"Russia_Sverdlovsk Oblast_Ekaterinburg":"Sverdlovskin alue — Jekaterinburg",
"Russia_Yugra_Khanty":"Hanti-Mansia — Hanty-Mansijsk",
"Russia_Yugra_Surgut":"Hanti-Mansia — Surgut",
"Saudi Arabia_North":"Saudi-Arabia — Pohjoinen",
"Saudi Arabia_South":"Saudi-Arabia — Etelä",
"Slovenia_East":"Slovenia — Itä",
"Slovenia_West":"Slovenia — Länsi",
"Spain_Andalusia_Granada":"Andalusia — Granada",
"Spain_Andalusia_Sevilla":"Andalusia — Sevilla",
"Spain_Castile and Leon_East":"Kastilia ja León — Itä",
"Spain_Castile and Leon_West":"Kastilia ja León — Länsi",
"Spain_Galicia_North":"Galicia — Pohjoinen",
"Spain_Galicia_South":"Galicia — Etelä",
"Sudan_East":"Sudan — Itä",
"Sudan_West":"Sudan — Länsi",
"Sweden_Stockholm":"Tukholma",
"Switzerland_Espace Mittelland_Bern":"Espace Mittelland - Bern",
"Switzerland_Espace Mittelland_East":"Espace Mittelland - Itä",
"Taiwan_North":"Taiwan — Pohjoinen",
"Taiwan_South":"Taiwan — Etelä",
"Thailand_Central":"Thaimaa — Keskiosa",
"Turkey_Central Anatolia Region_Ankara":"Keski-Anatolia - Ankara",
"Turkey_Central Anatolia Region_Kayseri":"Keski-Anatolia - Kayseri",
"Turkey_Marmara Region_Bursa":"Marmaran alue - Bursa",
"Turkey_Marmara Region_Istanbul":"Marmaran alue - Istanbul",
"US_Arkansas_North":"Arkansas — Pohjoinen",
"US_Arkansas_South":"Arkansas — Etelä",
"US_Florida_Gainesvile":"Gainesville",
"US_Idaho_North":"Idaho — Pohjoinen",
"US_Idaho_South":"Idaho — Etelä",
"US_Indiana_Evansville":"Evansville",
"US_Indiana_Indianapolis":"Indianapolis",
"US_Kansas_Wichita":"Wichita",
"US_Kentucky_Louisville":"Louisville",
"US_Michigan_Grand Rapids":"Grand Rapids",
"US_Michigan_Lansing":"Lansing",
"US_Mississippi_Gulfport":"Gulfport",
"US_Mississippi_North":"Mississippi — Pohjoinen",
"US_Missouri_Kansas":"Kansas City",
"US_Missouri_Springfield":"Springfield",
"US_Missouri_St Louis":"Saint Louis",
"US_Montana_East":"Montana — Itä",
"US_Montana_West":"Montana — Länsi",
"US_Nebraska_East":"Nebraska — Itä",
"US_Nebraska_West":"Nebraska — Länsi",
"US_New Mexico_Albuquerque":"Albuquerque",
"US_New Mexico_Roswell":"Roswell",
"US_Ohio_Cincinnati":"Cincinnati",
"US_Ohio_Columbus":"Columbus",
"US_Ohio_Toledo":"Toledo",
"US_Oklahoma_Oklahoma":"Oklahoma City",
"US_Oklahoma_Tulsa":"Tulsa",
"US_South Carolina_Charleston":"Charleston",
"US_Texas_Amarillo":"Amarillo",
"US_Texas_Lubbock":"Lubbock",
"US_Utah_North":"Utah — Pohjoinen",
"US_Utah_South":"Utah — Etelä",
"US_Virginia_Alexandria":"Alexandria",
"US_Wisconsin_Eau Claire":"Eau Claire",
"US_Wisconsin_Madison":"Madison",
"Venezuela_North":"Venezuela — Pohjoinen",
"Venezuela_South":"Venezuela — Etelä",
"Argentina_Buenos Aires_Buenos Aires":"Buenos Aires",
"Canada_Quebek_Lachute":"Lachute",
"Canada_Saskatchewan_Regina":"Regina",
"Canada_Saskatchewan_Saskatoon":"Saskatoon",
"Germany_Lower Saxony_Braunschweig":"Braunschweig",
"Germany_Saxony-Anhalt_Halle":"Saksi-Anhalt — Halle",
"Germany_Saxony-Anhalt_Magdeburg":"Saksi-Anhalt — Magdeburg",
"Germany_Schleswig-Holstein_Flensburg":"Schleswig-Holstein — Flensburg",
"Germany_Schleswig-Holstein_Kiel":"Schleswig-Holstein — Kiel",
"Portugal_Porto":"Porto",
"UK_England_North West England_Lancaster":"Luoteis-Englanti — Lancaster",
"UK_England_North West England_Manchester":"Luoteis-Englanti — Manchester",
"US_Florida_Gainesville":"Gainesville",
"US_Texas_Victoria":"Victoria",
"US_Virginia_Norfolk":"Norfolk"
}
